2026-05-17 16:51:53,863 [ERROR] (__main__) Fatal error in pipeline
Traceback (most recent call last):
  File "/home/cintradu/IC/ENAU/ENAU-Modelling/src/main.py", line 24, in main
    pipeline.run(inp_file_path, failure_type)
    ~~~~~~~~~~~~^^^^^^^^^^^^^^^^^^^^^^^^^^^^^
  File "/home/cintradu/IC/ENAU/ENAU-Modelling/src/app/pipeline.py", line 19, in run
    baseline_wn = simulation.configure_water_network_model(inp_file_name, simulation_config)
                                                                          ^^^^^^^^^^^^^^^^^
NameError: name 'simulation_config' is not defined. Did you mean: 'self.simulation_config'?
2026-05-17 16:55:03,924 [ERROR] (__main__) Fatal error in pipeline
Traceback (most recent call last):
  File "/home/cintradu/IC/ENAU/ENAU-Modelling/src/main.py", line 24, in main
    pipeline.run(inp_file_path, failure_type)
    ~~~~~~~~~~~~^^^^^^^^^^^^^^^^^^^^^^^^^^^^^
  File "/home/cintradu/IC/ENAU/ENAU-Modelling/src/app/pipeline.py", line 19, in run
    baseline_wn = simulation.configure_water_network_model(inp_file_name, simulation_config)
                                                                          ^^^^^^^^^^^^^^^^^
NameError: name 'simulation_config' is not defined. Did you mean: 'self.simulation_config'?
2026-05-17 16:59:12,946 [ERROR] (__main__) Fatal error in pipeline
Traceback (most recent call last):
  File "/home/cintradu/IC/ENAU/ENAU-Modelling/src/main.py", line 24, in main
    pipeline.run(inp_file_path, failure_type)
    ~~~~~~~~~~~~^^^^^^^^^^^^^^^^^^^^^^^^^^^^^
  File "/home/cintradu/IC/ENAU/ENAU-Modelling/src/app/pipeline.py", line 19, in run
    baseline_wn = simulation.configure_water_network_model(inp_file_name, simulation_config)
                                                                          ^^^^^^^^^^^^^^^^^
NameError: name 'simulation_config' is not defined. Did you mean: 'self.simulation_config'?
2026-05-17 16:59:25,719 [ERROR] (__main__) Fatal error in pipeline
Traceback (most recent call last):
  File "/home/cintradu/IC/ENAU/ENAU-Modelling/src/main.py", line 24, in main
    pipeline.run(inp_file_path, failure_type)
    ~~~~~~~~~~~~^^^^^^^^^^^^^^^^^^^^^^^^^^^^^
  File "/home/cintradu/IC/ENAU/ENAU-Modelling/src/app/pipeline.py", line 19, in run
    baseline_wn = simulation.configure_water_network_model(inp_file_name, simulation_config)
                                                                          ^^^^^^^^^^^^^^^^^
NameError: name 'simulation_config' is not defined. Did you mean: 'self.simulation_config'?
2026-05-17 17:18:18,331 [ERROR] (__main__) Fatal error in pipeline
Traceback (most recent call last):
  File "/home/cintradu/IC/ENAU/ENAU-Modelling/src/main.py", line 24, in main
    pipeline.run(inp_file_path, failure_type)
    ~~~~~~~~~~~~^^^^^^^^^^^^^^^^^^^^^^^^^^^^^
  File "/home/cintradu/IC/ENAU/ENAU-Modelling/src/app/pipeline.py", line 19, in run
    baseline_wn = simulation.configure_water_network_model(inp_file_name, simulation_config)
                                                                          ^^^^^^^^^^^^^^^^^
NameError: name 'simulation_config' is not defined. Did you mean: 'self.simulation_config'?
2026-05-17 17:18:40,146 [ERROR] (__main__) Fatal error in pipeline
Traceback (most recent call last):
  File "/home/cintradu/IC/ENAU/ENAU-Modelling/src/main.py", line 24, in main
    pipeline.run(inp_file_path, failure_type)
    ~~~~~~~~~~~~^^^^^^^^^^^^^^^^^^^^^^^^^^^^^
  File "/home/cintradu/IC/ENAU/ENAU-Modelling/src/app/pipeline.py", line 19, in run
    baseline_wn = simulation.configure_water_network_model(inp_file_name, simulation_config)
                                                                          ^^^^^^^^^^^^^^^^^
NameError: name 'simulation_config' is not defined. Did you mean: 'self.simulation_config'?
2026-05-17 17:18:54,456 [ERROR] (__main__) Fatal error in pipeline
Traceback (most recent call last):
  File "/home/cintradu/IC/ENAU/ENAU-Modelling/src/main.py", line 24, in main
    pipeline.run(inp_file_path, failure_type)
    ~~~~~~~~~~~~^^^^^^^^^^^^^^^^^^^^^^^^^^^^^
  File "/home/cintradu/IC/ENAU/ENAU-Modelling/src/app/pipeline.py", line 19, in run
    baseline_wn = simulation.configure_water_network_model(inp_file_name, simulation_config)
                                                                          ^^^^^^^^^^^^^^^^^
NameError: name 'simulation_config' is not defined. Did you mean: 'self.simulation_config'?
2026-05-17 17:26:09,832 [ERROR] (__main__) Fatal error in pipeline
Traceback (most recent call last):
  File "/home/cintradu/IC/ENAU/ENAU-Modelling/src/main.py", line 24, in main
    pipeline.run(inp_file_path, failure_type)
    ~~~~~~~~~~~~^^^^^^^^^^^^^^^^^^^^^^^^^^^^^
  File "/home/cintradu/IC/ENAU/ENAU-Modelling/src/app/pipeline.py", line 19, in run
    baseline_wn = simulation.configure_water_network_model(inp_file_name, self.simulation_config)
  File "/home/cintradu/IC/ENAU/ENAU-Modelling/src/core/simulation.py", line 30, in configure_water_network_model
    wn = WaterNetworkModel(inp_file_path)
         ^^^^^^^^^^^^^^^^^
NameError: name 'WaterNetworkModel' is not defined
2026-05-17 17:26:50,201 [ERROR] (__main__) Fatal error in pipeline
Traceback (most recent call last):
  File "/home/cintradu/IC/ENAU/ENAU-Modelling/src/main.py", line 24, in main
    pipeline.run(inp_file_path, failure_type)
    ~~~~~~~~~~~~^^^^^^^^^^^^^^^^^^^^^^^^^^^^^
  File "/home/cintradu/IC/ENAU/ENAU-Modelling/src/app/pipeline.py", line 19, in run
    baseline_wn = simulation.configure_water_network_model(inp_file_name, self.simulation_config)
  File "/home/cintradu/IC/ENAU/ENAU-Modelling/src/core/simulation.py", line 32, in configure_water_network_model
    wn.options.hydraulic.demand_model = simulation_config['analysis']
                                        ~~~~~~~~~~~~~~~~~^^^^^^^^^^^^
TypeError: 'SimulationConfig' object is not subscriptable
2026-05-17 17:27:34,943 [ERROR] (__main__) Fatal error in pipeline
Traceback (most recent call last):
  File "/home/cintradu/IC/ENAU/ENAU-Modelling/src/main.py", line 24, in main
    pipeline.run(inp_file_path, failure_type)
    ~~~~~~~~~~~~^^^^^^^^^^^^^^^^^^^^^^^^^^^^^
  File "/home/cintradu/IC/ENAU/ENAU-Modelling/src/app/pipeline.py", line 19, in run
    baseline_wn = simulation.configure_water_network_model(inp_file_name, self.simulation_config)
  File "/home/cintradu/IC/ENAU/ENAU-Modelling/src/core/simulation.py", line 32, in configure_water_network_model
    wn.options.hydraulic.demand_model = simulation_config['analysis']
                                        ~~~~~~~~~~~~~~~~~^^^^^^^^^^^^
TypeError: 'SimulationConfig' object is not subscriptable
2026-05-17 17:28:30,760 [ERROR] (__main__) Fatal error in pipeline
Traceback (most recent call last):
  File "/home/cintradu/IC/ENAU/ENAU-Modelling/src/main.py", line 24, in main
    pipeline.run(inp_file_path, failure_type)
    ~~~~~~~~~~~~^^^^^^^^^^^^^^^^^^^^^^^^^^^^^
  File "/home/cintradu/IC/ENAU/ENAU-Modelling/src/app/pipeline.py", line 24, in run
    with console.status('Running...', spinner='bouncingBar', spinner_style='white'):
         ^^^^^^^
NameError: name 'console' is not defined. Did you mean: 'self.console'?
2026-05-17 17:28:53,021 [ERROR] (__main__) Fatal error in pipeline
Traceback (most recent call last):
  File "/home/cintradu/IC/ENAU/ENAU-Modelling/src/main.py", line 24, in main
    pipeline.run(inp_file_path, failure_type)
    ~~~~~~~~~~~~^^^^^^^^^^^^^^^^^^^^^^^^^^^^^
  File "/home/cintradu/IC/ENAU/ENAU-Modelling/src/app/pipeline.py", line 29, in run
    scenarios = scenarios.generate_leak_scenarios(baseline_wn, self.failure_config)
                ^^^^^^^^^
UnboundLocalError: cannot access local variable 'scenarios' where it is not associated with a value
2026-05-17 18:16:13,875 [ERROR] (__main__) Fatal error in pipeline
Traceback (most recent call last):
  File "/home/cintradu/IC/ENAU/ENAU-Modelling/src/main.py", line 24, in main
    pipeline.run(inp_file_path, failure_type)
    ~~~~~~~~~~~~^^^^^^^^^^^^^^^^^^^^^^^^^^^^^
  File "/home/cintradu/IC/ENAU/ENAU-Modelling/src/app/pipeline.py", line 29, in run
    scenarios = scenario_generator.generate_leak_scenarios(baseline_wn, self.failure_config)
  File "/home/cintradu/IC/ENAU/ENAU-Modelling/src/utils/utils.py", line 13, in wrapper
    result = func(*args, **kwargs)
  File "/home/cintradu/IC/ENAU/ENAU-Modelling/src/core/scenario_generator.py", line 16, in generate_leak_scenarios
    for leak_ratio in failure_config['leak_area_ratios']:
                      ~~~~~~~~~~~~~~^^^^^^^^^^^^^^^^^^^^
TypeError: 'FailureConfig' object is not subscriptable
2026-05-17 18:16:39,363 [ERROR] (__main__) Fatal error in pipeline
Traceback (most recent call last):
  File "/home/cintradu/IC/ENAU/ENAU-Modelling/src/main.py", line 24, in main
    pipeline.run(inp_file_path, failure_type)
    ~~~~~~~~~~~~^^^^^^^^^^^^^^^^^^^^^^^^^^^^^
  File "/home/cintradu/IC/ENAU/ENAU-Modelling/src/app/pipeline.py", line 29, in run
    scenarios = scenario_generator.generate_leak_scenarios(baseline_wn, self.failure_config)
  File "/home/cintradu/IC/ENAU/ENAU-Modelling/src/utils/utils.py", line 13, in wrapper
    result = func(*args, **kwargs)
  File "/home/cintradu/IC/ENAU/ENAU-Modelling/src/core/scenario_generator.py", line 20, in generate_leak_scenarios
    description = failure.LeakFailure(simulation_id=str(uuid.uuid4()),
                  ^^^^^^^
NameError: name 'failure' is not defined. Did you mean: 'failures'?
2026-05-17 18:17:00,575 [ERROR] (__main__) Fatal error in pipeline
Traceback (most recent call last):
  File "/home/cintradu/IC/ENAU/ENAU-Modelling/src/main.py", line 24, in main
    pipeline.run(inp_file_path, failure_type)
    ~~~~~~~~~~~~^^^^^^^^^^^^^^^^^^^^^^^^^^^^^
  File "/home/cintradu/IC/ENAU/ENAU-Modelling/src/app/pipeline.py", line 50, in run
    with Pool() as pool:
         ^^^^
NameError: name 'Pool' is not defined. Did you mean: 'bool'?
2026-05-17 18:17:20,673 [ERROR] (__main__) Fatal error in pipeline
multiprocessing.pool.RemoteTraceback: 
"""
Traceback (most recent call last):
  File "/home/cintradu/miniconda3/envs/resilience_env/lib/python3.13/multiprocessing/pool.py", line 125, in worker
    result = (True, func(*args, **kwds))
                    ~~~~^^^^^^^^^^^^^^^
  File "/home/cintradu/miniconda3/envs/resilience_env/lib/python3.13/multiprocessing/pool.py", line 48, in mapstar
    return list(map(*args))
  File "/home/cintradu/IC/ENAU/ENAU-Modelling/src/core/simulation.py", line 18, in run_hydraulic_simulation
    wn = BASELINE_WN.copy()
         ^^^^^^^^^^^^^^^^
AttributeError: 'NoneType' object has no attribute 'copy'
"""

The above exception was the direct cause of the following exception:

Traceback (most recent call last):
  File "/home/cintradu/IC/ENAU/ENAU-Modelling/src/main.py", line 24, in main
    pipeline.run(inp_file_path, failure_type)
    ~~~~~~~~~~~~^^^^^^^^^^^^^^^^^^^^^^^^^^^^^
  File "/home/cintradu/IC/ENAU/ENAU-Modelling/src/app/pipeline.py", line 53, in run
    results = pool.map(simulation.run_hydraulic_simulation, scenarios)
  File "/home/cintradu/miniconda3/envs/resilience_env/lib/python3.13/multiprocessing/pool.py", line 367, in map
    return self._map_async(func, iterable, mapstar, chunksize).get()
           ~~~~~~~~~~~~~~~~~~~~~~~~~~~~~~~~~~~~~~~~~~~~~~~~~~~~~~~^^
  File "/home/cintradu/miniconda3/envs/resilience_env/lib/python3.13/multiprocessing/pool.py", line 774, in get
    raise self._value
AttributeError: 'NoneType' object has no attribute 'copy'
2026-05-17 18:20:12,439 [ERROR] (__main__) Fatal error in pipeline
multiprocessing.pool.RemoteTraceback: 
"""
Traceback (most recent call last):
  File "/home/cintradu/miniconda3/envs/resilience_env/lib/python3.13/multiprocessing/pool.py", line 125, in worker
    result = (True, func(*args, **kwds))
                    ~~~~^^^^^^^^^^^^^^^
  File "/home/cintradu/miniconda3/envs/resilience_env/lib/python3.13/multiprocessing/pool.py", line 48, in mapstar
    return list(map(*args))
  File "/home/cintradu/IC/ENAU/ENAU-Modelling/src/core/simulation.py", line 20, in run_hydraulic_simulation
    wn = BASELINE_WN.copy()
         ^^^^^^^^^^^^^^^^
AttributeError: 'NoneType' object has no attribute 'copy'
"""

The above exception was the direct cause of the following exception:

Traceback (most recent call last):
  File "/home/cintradu/IC/ENAU/ENAU-Modelling/src/main.py", line 24, in main
    pipeline.run(inp_file_path, failure_type)
    ~~~~~~~~~~~~^^^^^^^^^^^^^^^^^^^^^^^^^^^^^
  File "/home/cintradu/IC/ENAU/ENAU-Modelling/src/app/pipeline.py", line 53, in run
    results = pool.map(simulation.run_hydraulic_simulation, scenarios)
  File "/home/cintradu/miniconda3/envs/resilience_env/lib/python3.13/multiprocessing/pool.py", line 367, in map
    return self._map_async(func, iterable, mapstar, chunksize).get()
           ~~~~~~~~~~~~~~~~~~~~~~~~~~~~~~~~~~~~~~~~~~~~~~~~~~~~~~~^^
  File "/home/cintradu/miniconda3/envs/resilience_env/lib/python3.13/multiprocessing/pool.py", line 774, in get
    raise self._value
AttributeError: 'NoneType' object has no attribute 'copy'
2026-05-17 18:27:30,814 [ERROR] (__main__) Fatal error in pipeline
multiprocessing.pool.RemoteTraceback: 
"""
Traceback (most recent call last):
  File "/home/cintradu/miniconda3/envs/resilience_env/lib/python3.13/multiprocessing/pool.py", line 125, in worker
    result = (True, func(*args, **kwds))
                    ~~~~^^^^^^^^^^^^^^^
  File "/home/cintradu/miniconda3/envs/resilience_env/lib/python3.13/multiprocessing/pool.py", line 48, in mapstar
    return list(map(*args))
  File "/home/cintradu/IC/ENAU/ENAU-Modelling/src/core/simulation.py", line 18, in run_hydraulic_simulation
    wn = BASELINE_WN.copy()
         ^^^^^^^^^^^^^^^^
AttributeError: 'WaterNetworkModel' object has no attribute 'copy'
"""

The above exception was the direct cause of the following exception:

Traceback (most recent call last):
  File "/home/cintradu/IC/ENAU/ENAU-Modelling/src/main.py", line 24, in main
    pipeline.run(inp_file_path, failure_type)
    ~~~~~~~~~~~~^^^^^^^^^^^^^^^^^^^^^^^^^^^^^
  File "/home/cintradu/IC/ENAU/ENAU-Modelling/src/app/pipeline.py", line 53, in run
    results = pool.map(simulation.run_hydraulic_simulation, scenarios)
  File "/home/cintradu/miniconda3/envs/resilience_env/lib/python3.13/multiprocessing/pool.py", line 367, in map
    return self._map_async(func, iterable, mapstar, chunksize).get()
           ~~~~~~~~~~~~~~~~~~~~~~~~~~~~~~~~~~~~~~~~~~~~~~~~~~~~~~~^^
  File "/home/cintradu/miniconda3/envs/resilience_env/lib/python3.13/multiprocessing/pool.py", line 774, in get
    raise self._value
AttributeError: 'WaterNetworkModel' object has no attribute 'copy'
2026-05-17 18:30:33,261 [ERROR] (__main__) Fatal error in pipeline
multiprocessing.pool.RemoteTraceback: 
"""
Traceback (most recent call last):
  File "/home/cintradu/miniconda3/envs/resilience_env/lib/python3.13/multiprocessing/pool.py", line 125, in worker
    result = (True, func(*args, **kwds))
                    ~~~~^^^^^^^^^^^^^^^
  File "/home/cintradu/miniconda3/envs/resilience_env/lib/python3.13/multiprocessing/pool.py", line 48, in mapstar
    return list(map(*args))
  File "/home/cintradu/IC/ENAU/ENAU-Modelling/src/core/simulation.py", line 18, in run_hydraulic_simulation
    wn = copy(BASELINE_WN)
         ^^^^
NameError: name 'copy' is not defined. Did you forget to import 'copy'?
"""

The above exception was the direct cause of the following exception:

Traceback (most recent call last):
  File "/home/cintradu/IC/ENAU/ENAU-Modelling/src/main.py", line 24, in main
    pipeline.run(inp_file_path, failure_type)
    ~~~~~~~~~~~~^^^^^^^^^^^^^^^^^^^^^^^^^^^^^
  File "/home/cintradu/IC/ENAU/ENAU-Modelling/src/app/pipeline.py", line 53, in run
    results = pool.map(simulation.run_hydraulic_simulation, scenarios)
  File "/home/cintradu/miniconda3/envs/resilience_env/lib/python3.13/multiprocessing/pool.py", line 367, in map
    return self._map_async(func, iterable, mapstar, chunksize).get()
           ~~~~~~~~~~~~~~~~~~~~~~~~~~~~~~~~~~~~~~~~~~~~~~~~~~~~~~~^^
  File "/home/cintradu/miniconda3/envs/resilience_env/lib/python3.13/multiprocessing/pool.py", line 774, in get
    raise self._value
NameError: name 'copy' is not defined
2026-05-17 18:30:56,706 [ERROR] (__main__) Fatal error in pipeline
multiprocessing.pool.RemoteTraceback: 
"""
Traceback (most recent call last):
  File "/home/cintradu/miniconda3/envs/resilience_env/lib/python3.13/multiprocessing/pool.py", line 125, in worker
    result = (True, func(*args, **kwds))
                    ~~~~^^^^^^^^^^^^^^^
  File "/home/cintradu/miniconda3/envs/resilience_env/lib/python3.13/multiprocessing/pool.py", line 48, in mapstar
    return list(map(*args))
  File "/home/cintradu/IC/ENAU/ENAU-Modelling/src/core/simulation.py", line 21, in run_hydraulic_simulation
    input()
    ~~~~~^^
EOFError: EOF when reading a line
"""

The above exception was the direct cause of the following exception:

Traceback (most recent call last):
  File "/home/cintradu/IC/ENAU/ENAU-Modelling/src/main.py", line 24, in main
    pipeline.run(inp_file_path, failure_type)
    ~~~~~~~~~~~~^^^^^^^^^^^^^^^^^^^^^^^^^^^^^
  File "/home/cintradu/IC/ENAU/ENAU-Modelling/src/app/pipeline.py", line 53, in run
    results = pool.map(simulation.run_hydraulic_simulation, scenarios)
  File "/home/cintradu/miniconda3/envs/resilience_env/lib/python3.13/multiprocessing/pool.py", line 367, in map
    return self._map_async(func, iterable, mapstar, chunksize).get()
           ~~~~~~~~~~~~~~~~~~~~~~~~~~~~~~~~~~~~~~~~~~~~~~~~~~~~~~~^^
  File "/home/cintradu/miniconda3/envs/resilience_env/lib/python3.13/multiprocessing/pool.py", line 774, in get
    raise self._value
EOFError: EOF when reading a line
2026-05-17 18:32:11,362 [ERROR] (__main__) Fatal error in pipeline
multiprocessing.pool.RemoteTraceback: 
"""
Traceback (most recent call last):
  File "/home/cintradu/miniconda3/envs/resilience_env/lib/python3.13/multiprocessing/pool.py", line 125, in worker
    result = (True, func(*args, **kwds))
                    ~~~~^^^^^^^^^^^^^^^
  File "/home/cintradu/miniconda3/envs/resilience_env/lib/python3.13/multiprocessing/pool.py", line 48, in mapstar
    return list(map(*args))
  File "/home/cintradu/IC/ENAU/ENAU-Modelling/src/core/simulation.py", line 20, in run_hydraulic_simulation
    scenario.apply(wn)
    ~~~~~~~~~~~~~~^^^^
  File "/home/cintradu/IC/ENAU/ENAU-Modelling/src/core/failures.py", line 27, in apply
    leak_area = (pi * (pipe.diameter / 2) ** 2) * self.magnitude
                 ^^
NameError: name 'pi' is not defined
"""

The above exception was the direct cause of the following exception:

Traceback (most recent call last):
  File "/home/cintradu/IC/ENAU/ENAU-Modelling/src/main.py", line 24, in main
    pipeline.run(inp_file_path, failure_type)
    ~~~~~~~~~~~~^^^^^^^^^^^^^^^^^^^^^^^^^^^^^
  File "/home/cintradu/IC/ENAU/ENAU-Modelling/src/app/pipeline.py", line 53, in run
    results = pool.map(simulation.run_hydraulic_simulation, scenarios)
  File "/home/cintradu/miniconda3/envs/resilience_env/lib/python3.13/multiprocessing/pool.py", line 367, in map
    return self._map_async(func, iterable, mapstar, chunksize).get()
           ~~~~~~~~~~~~~~~~~~~~~~~~~~~~~~~~~~~~~~~~~~~~~~~~~~~~~~~^^
  File "/home/cintradu/miniconda3/envs/resilience_env/lib/python3.13/multiprocessing/pool.py", line 774, in get
    raise self._value
NameError: name 'pi' is not defined
2026-05-17 18:33:08,562 [ERROR] (wntr.epanet.toolkit) EPANET error 200 - one or more errors in input file %s
2026-05-17 18:33:08,565 [ERROR] (wntr.epanet.toolkit) EPANET error 200 - one or more errors in input file %s
2026-05-17 18:33:08,570 [ERROR] (wntr.epanet.toolkit) EPANET error 223 - not enough nodes in network
2026-05-17 18:33:08,618 [ERROR] (wntr.epanet.toolkit) EPANET error 224 - no tanks or reservoirs in network
2026-05-17 18:33:08,631 [ERROR] (wntr.epanet.toolkit) EPANET error 200 - one or more errors in input file %s
2026-05-17 18:33:08,634 [ERROR] (wntr.epanet.toolkit) EPANET error 224 - no tanks or reservoirs in network
2026-05-17 18:33:08,640 [ERROR] (wntr.epanet.toolkit) EPANET error 200 - one or more errors in input file %s
2026-05-17 18:33:08,640 [ERROR] (wntr.epanet.toolkit) EPANET error 223 - not enough nodes in network
2026-05-17 18:33:08,641 [ERROR] (wntr.epanet.toolkit) EPANET error 200 - one or more errors in input file %s
2026-05-17 18:33:08,652 [ERROR] (wntr.epanet.toolkit) EPANET error 200 - one or more errors in input file %s
2026-05-17 18:33:08,654 [ERROR] (wntr.epanet.toolkit) EPANET error 200 - one or more errors in input file %s
2026-05-17 18:33:08,658 [ERROR] (wntr.epanet.toolkit) EPANET error 224 - no tanks or reservoirs in network
2026-05-17 18:33:08,658 [ERROR] (wntr.epanet.toolkit) EPANET error 224 - no tanks or reservoirs in network
2026-05-17 18:33:08,659 [ERROR] (wntr.epanet.toolkit) EPANET error 224 - no tanks or reservoirs in network
2026-05-17 18:33:08,663 [ERROR] (wntr.epanet.toolkit) EPANET error 200 - one or more errors in input file %s
2026-05-17 18:33:11,143 [ERROR] (__main__) Fatal error in pipeline
multiprocessing.pool.RemoteTraceback: 
"""
Traceback (most recent call last):
  File "/home/cintradu/miniconda3/envs/resilience_env/lib/python3.13/multiprocessing/pool.py", line 125, in worker
    result = (True, func(*args, **kwds))
                    ~~~~^^^^^^^^^^^^^^^
  File "/home/cintradu/miniconda3/envs/resilience_env/lib/python3.13/multiprocessing/pool.py", line 48, in mapstar
    return list(map(*args))
  File "/home/cintradu/IC/ENAU/ENAU-Modelling/src/core/simulation.py", line 24, in run_hydraulic_simulation
    return sim.run_sim(convergence_error=True)
           ~~~~~~~~~~~^^^^^^^^^^^^^^^^^^^^^^^^
  File "/home/cintradu/miniconda3/envs/resilience_env/lib/python3.13/site-packages/wntr/sim/epanet.py", line 133, in run_sim
    results = self.reader.read(outfile, convergence_error, self._wn.options.hydraulic.headloss=='D-W')
  File "/home/cintradu/miniconda3/envs/resilience_env/lib/python3.13/site-packages/wntr/epanet/io.py", line 2695, in read
    self.save_energy_line(pidx, linknames[pidx-1], energy)
                                ~~~~~~~~~^^^^^^^^
IndexError: list index out of range
"""

The above exception was the direct cause of the following exception:

Traceback (most recent call last):
  File "/home/cintradu/IC/ENAU/ENAU-Modelling/src/main.py", line 24, in main
    pipeline.run(inp_file_path, failure_type)
    ~~~~~~~~~~~~^^^^^^^^^^^^^^^^^^^^^^^^^^^^^
  File "/home/cintradu/IC/ENAU/ENAU-Modelling/src/app/pipeline.py", line 53, in run
    results = pool.map(simulation.run_hydraulic_simulation, scenarios)
  File "/home/cintradu/miniconda3/envs/resilience_env/lib/python3.13/multiprocessing/pool.py", line 367, in map
    return self._map_async(func, iterable, mapstar, chunksize).get()
           ~~~~~~~~~~~~~~~~~~~~~~~~~~~~~~~~~~~~~~~~~~~~~~~~~~~~~~~^^
  File "/home/cintradu/miniconda3/envs/resilience_env/lib/python3.13/multiprocessing/pool.py", line 774, in get
    raise self._value
IndexError: list index out of range
2026-05-17 18:40:14,884 [ERROR] (core.simulation) Fatal error in hydraulic simulation
Traceback (most recent call last):
  File "/home/cintradu/IC/ENAU/ENAU-Modelling/src/core/simulation.py", line 25, in run_hydraulic_simulation
    results = sim.run_sim(convergence_error=True)
  File "/home/cintradu/miniconda3/envs/resilience_env/lib/python3.13/site-packages/wntr/sim/epanet.py", line 133, in run_sim
    results = self.reader.read(outfile, convergence_error, self._wn.options.hydraulic.headloss=='D-W')
  File "/home/cintradu/miniconda3/envs/resilience_env/lib/python3.13/site-packages/wntr/epanet/io.py", line 2695, in read
    self.save_energy_line(pidx, linknames[pidx-1], energy)
                                ~~~~~~~~~^^^^^^^^
IndexError: list index out of range
2026-05-17 18:40:14,887 [ERROR] (core.simulation) Fatal error in hydraulic simulation
Traceback (most recent call last):
  File "/home/cintradu/IC/ENAU/ENAU-Modelling/src/core/simulation.py", line 25, in run_hydraulic_simulation
    results = sim.run_sim(convergence_error=True)
  File "/home/cintradu/miniconda3/envs/resilience_env/lib/python3.13/site-packages/wntr/sim/epanet.py", line 133, in run_sim
    results = self.reader.read(outfile, convergence_error, self._wn.options.hydraulic.headloss=='D-W')
  File "/home/cintradu/miniconda3/envs/resilience_env/lib/python3.13/site-packages/wntr/epanet/io.py", line 2695, in read
    self.save_energy_line(pidx, linknames[pidx-1], energy)
                                ~~~~~~~~~^^^^^^^^
IndexError: list index out of range
2026-05-17 18:40:14,887 [ERROR] (core.simulation) Fatal error in hydraulic simulation
Traceback (most recent call last):
  File "/home/cintradu/IC/ENAU/ENAU-Modelling/src/core/simulation.py", line 25, in run_hydraulic_simulation
    results = sim.run_sim(convergence_error=True)
  File "/home/cintradu/miniconda3/envs/resilience_env/lib/python3.13/site-packages/wntr/sim/epanet.py", line 133, in run_sim
    results = self.reader.read(outfile, convergence_error, self._wn.options.hydraulic.headloss=='D-W')
  File "/home/cintradu/miniconda3/envs/resilience_env/lib/python3.13/site-packages/wntr/epanet/io.py", line 2695, in read
    self.save_energy_line(pidx, linknames[pidx-1], energy)
                                ~~~~~~~~~^^^^^^^^
IndexError: list index out of range
2026-05-17 18:40:14,888 [ERROR] (core.simulation) Fatal error in hydraulic simulation
Traceback (most recent call last):
  File "/home/cintradu/IC/ENAU/ENAU-Modelling/src/core/simulation.py", line 25, in run_hydraulic_simulation
    results = sim.run_sim(convergence_error=True)
  File "/home/cintradu/miniconda3/envs/resilience_env/lib/python3.13/site-packages/wntr/sim/epanet.py", line 133, in run_sim
    results = self.reader.read(outfile, convergence_error, self._wn.options.hydraulic.headloss=='D-W')
  File "/home/cintradu/miniconda3/envs/resilience_env/lib/python3.13/site-packages/wntr/epanet/io.py", line 2695, in read
    self.save_energy_line(pidx, linknames[pidx-1], energy)
                                ~~~~~~~~~^^^^^^^^
IndexError: list index out of range
2026-05-17 18:40:14,888 [ERROR] (core.simulation) Fatal error in hydraulic simulation
Traceback (most recent call last):
  File "/home/cintradu/IC/ENAU/ENAU-Modelling/src/core/simulation.py", line 25, in run_hydraulic_simulation
    results = sim.run_sim(convergence_error=True)
  File "/home/cintradu/miniconda3/envs/resilience_env/lib/python3.13/site-packages/wntr/sim/epanet.py", line 133, in run_sim
    results = self.reader.read(outfile, convergence_error, self._wn.options.hydraulic.headloss=='D-W')
  File "/home/cintradu/miniconda3/envs/resilience_env/lib/python3.13/site-packages/wntr/epanet/io.py", line 2695, in read
    self.save_energy_line(pidx, linknames[pidx-1], energy)
                                ~~~~~~~~~^^^^^^^^
IndexError: list index out of range
2026-05-17 18:40:14,891 [ERROR] (core.simulation) Fatal error in hydraulic simulation
Traceback (most recent call last):
  File "/home/cintradu/IC/ENAU/ENAU-Modelling/src/core/simulation.py", line 25, in run_hydraulic_simulation
    results = sim.run_sim(convergence_error=True)
  File "/home/cintradu/miniconda3/envs/resilience_env/lib/python3.13/site-packages/wntr/sim/epanet.py", line 133, in run_sim
    results = self.reader.read(outfile, convergence_error, self._wn.options.hydraulic.headloss=='D-W')
  File "/home/cintradu/miniconda3/envs/resilience_env/lib/python3.13/site-packages/wntr/epanet/io.py", line 2695, in read
    self.save_energy_line(pidx, linknames[pidx-1], energy)
                                ~~~~~~~~~^^^^^^^^
IndexError: list index out of range
2026-05-17 18:40:14,919 [ERROR] (wntr.epanet.toolkit) EPANET error 200 - one or more errors in input file %s
2026-05-17 18:40:14,920 [ERROR] (core.simulation) Fatal error in hydraulic simulation
Traceback (most recent call last):
  File "/home/cintradu/IC/ENAU/ENAU-Modelling/src/core/simulation.py", line 25, in run_hydraulic_simulation
    results = sim.run_sim(convergence_error=True)
  File "/home/cintradu/miniconda3/envs/resilience_env/lib/python3.13/site-packages/wntr/sim/epanet.py", line 115, in run_sim
    enData.ENopen(inpfile, rptfile, outfile)
    ~~~~~~~~~~~~~^^^^^^^^^^^^^^^^^^^^^^^^^^^
  File "/home/cintradu/miniconda3/envs/resilience_env/lib/python3.13/site-packages/wntr/epanet/toolkit.py", line 196, in ENopen
    self._error()
    ~~~~~~~~~~~^^
  File "/home/cintradu/miniconda3/envs/resilience_env/lib/python3.13/site-packages/wntr/epanet/toolkit.py", line 159, in _error
    raise EpanetException(self.errcode)
wntr.epanet.exceptions.EpanetException: (Error 200) one or more errors in input file %s
2026-05-17 18:40:14,954 [ERROR] (core.simulation) Fatal error in hydraulic simulation
Traceback (most recent call last):
  File "/home/cintradu/IC/ENAU/ENAU-Modelling/src/core/simulation.py", line 25, in run_hydraulic_simulation
    results = sim.run_sim(convergence_error=True)
  File "/home/cintradu/miniconda3/envs/resilience_env/lib/python3.13/site-packages/wntr/sim/epanet.py", line 133, in run_sim
    results = self.reader.read(outfile, convergence_error, self._wn.options.hydraulic.headloss=='D-W')
  File "/home/cintradu/miniconda3/envs/resilience_env/lib/python3.13/site-packages/wntr/epanet/io.py", line 2693, in read
    pidx = int(np.fromfile(fin,dtype=np.int32, count=1)[0])
               ~~~~~~~~~~~~~~~~~~~~~~~~~~~~~~~~~~~~~~~~^^^
IndexError: index 0 is out of bounds for axis 0 with size 0
2026-05-17 18:40:14,960 [ERROR] (core.simulation) Fatal error in hydraulic simulation
Traceback (most recent call last):
  File "/home/cintradu/IC/ENAU/ENAU-Modelling/src/core/simulation.py", line 25, in run_hydraulic_simulation
    results = sim.run_sim(convergence_error=True)
  File "/home/cintradu/miniconda3/envs/resilience_env/lib/python3.13/site-packages/wntr/sim/epanet.py", line 133, in run_sim
    results = self.reader.read(outfile, convergence_error, self._wn.options.hydraulic.headloss=='D-W')
  File "/home/cintradu/miniconda3/envs/resilience_env/lib/python3.13/site-packages/wntr/epanet/io.py", line 2695, in read
    self.save_energy_line(pidx, linknames[pidx-1], energy)
                                ~~~~~~~~~^^^^^^^^
IndexError: list index out of range
2026-05-17 18:40:14,970 [ERROR] (core.simulation) Fatal error in hydraulic simulation
Traceback (most recent call last):
  File "/home/cintradu/IC/ENAU/ENAU-Modelling/src/core/simulation.py", line 25, in run_hydraulic_simulation
    results = sim.run_sim(convergence_error=True)
  File "/home/cintradu/miniconda3/envs/resilience_env/lib/python3.13/site-packages/wntr/sim/epanet.py", line 133, in run_sim
    results = self.reader.read(outfile, convergence_error, self._wn.options.hydraulic.headloss=='D-W')
  File "/home/cintradu/miniconda3/envs/resilience_env/lib/python3.13/site-packages/wntr/epanet/io.py", line 2695, in read
    self.save_energy_line(pidx, linknames[pidx-1], energy)
                                ~~~~~~~~~^^^^^^^^
IndexError: list index out of range
2026-05-17 18:40:14,974 [ERROR] (wntr.epanet.toolkit) EPANET error 224 - no tanks or reservoirs in network
2026-05-17 18:40:14,974 [ERROR] (wntr.epanet.toolkit) EPANET error 224 - no tanks or reservoirs in network
2026-05-17 18:40:14,974 [ERROR] (core.simulation) Fatal error in hydraulic simulation
Traceback (most recent call last):
  File "/home/cintradu/IC/ENAU/ENAU-Modelling/src/core/simulation.py", line 25, in run_hydraulic_simulation
    results = sim.run_sim(convergence_error=True)
  File "/home/cintradu/miniconda3/envs/resilience_env/lib/python3.13/site-packages/wntr/sim/epanet.py", line 115, in run_sim
    enData.ENopen(inpfile, rptfile, outfile)
    ~~~~~~~~~~~~~^^^^^^^^^^^^^^^^^^^^^^^^^^^
  File "/home/cintradu/miniconda3/envs/resilience_env/lib/python3.13/site-packages/wntr/epanet/toolkit.py", line 196, in ENopen
    self._error()
    ~~~~~~~~~~~^^
  File "/home/cintradu/miniconda3/envs/resilience_env/lib/python3.13/site-packages/wntr/epanet/toolkit.py", line 159, in _error
    raise EpanetException(self.errcode)
wntr.epanet.exceptions.EpanetException: (Error 224) no tanks or reservoirs in network
2026-05-17 18:40:14,974 [ERROR] (core.simulation) Fatal error in hydraulic simulation
Traceback (most recent call last):
  File "/home/cintradu/IC/ENAU/ENAU-Modelling/src/core/simulation.py", line 25, in run_hydraulic_simulation
    results = sim.run_sim(convergence_error=True)
  File "/home/cintradu/miniconda3/envs/resilience_env/lib/python3.13/site-packages/wntr/sim/epanet.py", line 115, in run_sim
    enData.ENopen(inpfile, rptfile, outfile)
    ~~~~~~~~~~~~~^^^^^^^^^^^^^^^^^^^^^^^^^^^
  File "/home/cintradu/miniconda3/envs/resilience_env/lib/python3.13/site-packages/wntr/epanet/toolkit.py", line 196, in ENopen
    self._error()
    ~~~~~~~~~~~^^
  File "/home/cintradu/miniconda3/envs/resilience_env/lib/python3.13/site-packages/wntr/epanet/toolkit.py", line 159, in _error
    raise EpanetException(self.errcode)
wntr.epanet.exceptions.EpanetException: (Error 224) no tanks or reservoirs in network
2026-05-17 18:40:14,979 [ERROR] (core.simulation) Fatal error in hydraulic simulation
Traceback (most recent call last):
  File "/home/cintradu/IC/ENAU/ENAU-Modelling/src/core/simulation.py", line 25, in run_hydraulic_simulation
    results = sim.run_sim(convergence_error=True)
  File "/home/cintradu/miniconda3/envs/resilience_env/lib/python3.13/site-packages/wntr/sim/epanet.py", line 133, in run_sim
    results = self.reader.read(outfile, convergence_error, self._wn.options.hydraulic.headloss=='D-W')
  File "/home/cintradu/miniconda3/envs/resilience_env/lib/python3.13/site-packages/wntr/epanet/io.py", line 2695, in read
    self.save_energy_line(pidx, linknames[pidx-1], energy)
                                ~~~~~~~~~^^^^^^^^
IndexError: list index out of range
2026-05-17 18:40:14,982 [ERROR] (core.simulation) Fatal error in hydraulic simulation
Traceback (most recent call last):
  File "/home/cintradu/IC/ENAU/ENAU-Modelling/src/core/simulation.py", line 25, in run_hydraulic_simulation
    results = sim.run_sim(convergence_error=True)
  File "/home/cintradu/miniconda3/envs/resilience_env/lib/python3.13/site-packages/wntr/sim/epanet.py", line 133, in run_sim
    results = self.reader.read(outfile, convergence_error, self._wn.options.hydraulic.headloss=='D-W')
  File "/home/cintradu/miniconda3/envs/resilience_env/lib/python3.13/site-packages/wntr/epanet/io.py", line 2695, in read
    self.save_energy_line(pidx, linknames[pidx-1], energy)
                                ~~~~~~~~~^^^^^^^^
IndexError: list index out of range
2026-05-17 18:40:14,989 [ERROR] (wntr.epanet.toolkit) EPANET error 224 - no tanks or reservoirs in network
2026-05-17 18:40:14,988 [ERROR] (core.simulation) Fatal error in hydraulic simulation
Traceback (most recent call last):
  File "/home/cintradu/IC/ENAU/ENAU-Modelling/src/core/simulation.py", line 25, in run_hydraulic_simulation
    results = sim.run_sim(convergence_error=True)
  File "/home/cintradu/miniconda3/envs/resilience_env/lib/python3.13/site-packages/wntr/sim/epanet.py", line 133, in run_sim
    results = self.reader.read(outfile, convergence_error, self._wn.options.hydraulic.headloss=='D-W')
  File "/home/cintradu/miniconda3/envs/resilience_env/lib/python3.13/site-packages/wntr/epanet/io.py", line 2695, in read
    self.save_energy_line(pidx, linknames[pidx-1], energy)
                                ~~~~~~~~~^^^^^^^^
IndexError: list index out of range
2026-05-17 18:40:14,990 [ERROR] (wntr.epanet.toolkit) EPANET error 223 - not enough nodes in network
2026-05-17 18:40:14,991 [ERROR] (wntr.epanet.toolkit) EPANET error 223 - not enough nodes in network
2026-05-17 18:40:14,990 [ERROR] (core.simulation) Fatal error in hydraulic simulation
Traceback (most recent call last):
  File "/home/cintradu/IC/ENAU/ENAU-Modelling/src/core/simulation.py", line 25, in run_hydraulic_simulation
    results = sim.run_sim(convergence_error=True)
  File "/home/cintradu/miniconda3/envs/resilience_env/lib/python3.13/site-packages/wntr/sim/epanet.py", line 115, in run_sim
    enData.ENopen(inpfile, rptfile, outfile)
    ~~~~~~~~~~~~~^^^^^^^^^^^^^^^^^^^^^^^^^^^
  File "/home/cintradu/miniconda3/envs/resilience_env/lib/python3.13/site-packages/wntr/epanet/toolkit.py", line 196, in ENopen
    self._error()
    ~~~~~~~~~~~^^
  File "/home/cintradu/miniconda3/envs/resilience_env/lib/python3.13/site-packages/wntr/epanet/toolkit.py", line 159, in _error
    raise EpanetException(self.errcode)
wntr.epanet.exceptions.EpanetException: (Error 223) not enough nodes in network
2026-05-17 18:40:14,991 [ERROR] (core.simulation) Fatal error in hydraulic simulation
Traceback (most recent call last):
  File "/home/cintradu/IC/ENAU/ENAU-Modelling/src/core/simulation.py", line 25, in run_hydraulic_simulation
    results = sim.run_sim(convergence_error=True)
  File "/home/cintradu/miniconda3/envs/resilience_env/lib/python3.13/site-packages/wntr/sim/epanet.py", line 115, in run_sim
    enData.ENopen(inpfile, rptfile, outfile)
    ~~~~~~~~~~~~~^^^^^^^^^^^^^^^^^^^^^^^^^^^
  File "/home/cintradu/miniconda3/envs/resilience_env/lib/python3.13/site-packages/wntr/epanet/toolkit.py", line 196, in ENopen
    self._error()
    ~~~~~~~~~~~^^
  File "/home/cintradu/miniconda3/envs/resilience_env/lib/python3.13/site-packages/wntr/epanet/toolkit.py", line 159, in _error
    raise EpanetException(self.errcode)
wntr.epanet.exceptions.EpanetException: (Error 223) not enough nodes in network
2026-05-17 18:40:14,989 [ERROR] (core.simulation) Fatal error in hydraulic simulation
Traceback (most recent call last):
  File "/home/cintradu/IC/ENAU/ENAU-Modelling/src/core/simulation.py", line 25, in run_hydraulic_simulation
    results = sim.run_sim(convergence_error=True)
  File "/home/cintradu/miniconda3/envs/resilience_env/lib/python3.13/site-packages/wntr/sim/epanet.py", line 115, in run_sim
    enData.ENopen(inpfile, rptfile, outfile)
    ~~~~~~~~~~~~~^^^^^^^^^^^^^^^^^^^^^^^^^^^
  File "/home/cintradu/miniconda3/envs/resilience_env/lib/python3.13/site-packages/wntr/epanet/toolkit.py", line 196, in ENopen
    self._error()
    ~~~~~~~~~~~^^
  File "/home/cintradu/miniconda3/envs/resilience_env/lib/python3.13/site-packages/wntr/epanet/toolkit.py", line 159, in _error
    raise EpanetException(self.errcode)
wntr.epanet.exceptions.EpanetException: (Error 224) no tanks or reservoirs in network
2026-05-17 18:40:14,993 [ERROR] (core.simulation) Fatal error in hydraulic simulation
Traceback (most recent call last):
  File "/home/cintradu/IC/ENAU/ENAU-Modelling/src/core/simulation.py", line 25, in run_hydraulic_simulation
    results = sim.run_sim(convergence_error=True)
  File "/home/cintradu/miniconda3/envs/resilience_env/lib/python3.13/site-packages/wntr/sim/epanet.py", line 133, in run_sim
    results = self.reader.read(outfile, convergence_error, self._wn.options.hydraulic.headloss=='D-W')
  File "/home/cintradu/miniconda3/envs/resilience_env/lib/python3.13/site-packages/wntr/epanet/io.py", line 2695, in read
    self.save_energy_line(pidx, linknames[pidx-1], energy)
                                ~~~~~~~~~^^^^^^^^
IndexError: list index out of range
2026-05-17 18:40:14,999 [ERROR] (wntr.epanet.toolkit) EPANET error 200 - one or more errors in input file %s
2026-05-17 18:40:14,999 [ERROR] (core.simulation) Fatal error in hydraulic simulation
Traceback (most recent call last):
  File "/home/cintradu/IC/ENAU/ENAU-Modelling/src/core/simulation.py", line 25, in run_hydraulic_simulation
    results = sim.run_sim(convergence_error=True)
  File "/home/cintradu/miniconda3/envs/resilience_env/lib/python3.13/site-packages/wntr/sim/epanet.py", line 115, in run_sim
    enData.ENopen(inpfile, rptfile, outfile)
    ~~~~~~~~~~~~~^^^^^^^^^^^^^^^^^^^^^^^^^^^
  File "/home/cintradu/miniconda3/envs/resilience_env/lib/python3.13/site-packages/wntr/epanet/toolkit.py", line 196, in ENopen
    self._error()
    ~~~~~~~~~~~^^
  File "/home/cintradu/miniconda3/envs/resilience_env/lib/python3.13/site-packages/wntr/epanet/toolkit.py", line 159, in _error
    raise EpanetException(self.errcode)
wntr.epanet.exceptions.EpanetException: (Error 200) one or more errors in input file %s
2026-05-17 18:40:15,001 [ERROR] (wntr.epanet.toolkit) EPANET error 224 - no tanks or reservoirs in network
2026-05-17 18:40:15,001 [ERROR] (core.simulation) Fatal error in hydraulic simulation
Traceback (most recent call last):
  File "/home/cintradu/IC/ENAU/ENAU-Modelling/src/core/simulation.py", line 25, in run_hydraulic_simulation
    results = sim.run_sim(convergence_error=True)
  File "/home/cintradu/miniconda3/envs/resilience_env/lib/python3.13/site-packages/wntr/sim/epanet.py", line 115, in run_sim
    enData.ENopen(inpfile, rptfile, outfile)
    ~~~~~~~~~~~~~^^^^^^^^^^^^^^^^^^^^^^^^^^^
  File "/home/cintradu/miniconda3/envs/resilience_env/lib/python3.13/site-packages/wntr/epanet/toolkit.py", line 196, in ENopen
    self._error()
    ~~~~~~~~~~~^^
  File "/home/cintradu/miniconda3/envs/resilience_env/lib/python3.13/site-packages/wntr/epanet/toolkit.py", line 159, in _error
    raise EpanetException(self.errcode)
wntr.epanet.exceptions.EpanetException: (Error 224) no tanks or reservoirs in network
2026-05-17 18:40:15,008 [ERROR] (wntr.epanet.toolkit) EPANET error 200 - one or more errors in input file %s
2026-05-17 18:40:15,009 [ERROR] (core.simulation) Fatal error in hydraulic simulation
Traceback (most recent call last):
  File "/home/cintradu/IC/ENAU/ENAU-Modelling/src/core/simulation.py", line 25, in run_hydraulic_simulation
    results = sim.run_sim(convergence_error=True)
  File "/home/cintradu/miniconda3/envs/resilience_env/lib/python3.13/site-packages/wntr/sim/epanet.py", line 115, in run_sim
    enData.ENopen(inpfile, rptfile, outfile)
    ~~~~~~~~~~~~~^^^^^^^^^^^^^^^^^^^^^^^^^^^
  File "/home/cintradu/miniconda3/envs/resilience_env/lib/python3.13/site-packages/wntr/epanet/toolkit.py", line 196, in ENopen
    self._error()
    ~~~~~~~~~~~^^
  File "/home/cintradu/miniconda3/envs/resilience_env/lib/python3.13/site-packages/wntr/epanet/toolkit.py", line 159, in _error
    raise EpanetException(self.errcode)
wntr.epanet.exceptions.EpanetException: (Error 200) one or more errors in input file %s
2026-05-17 18:40:15,010 [ERROR] (wntr.epanet.toolkit) EPANET error 200 - one or more errors in input file %s
2026-05-17 18:40:15,010 [ERROR] (wntr.epanet.toolkit) EPANET error 200 - one or more errors in input file %s
2026-05-17 18:40:15,010 [ERROR] (core.simulation) Fatal error in hydraulic simulation
Traceback (most recent call last):
  File "/home/cintradu/IC/ENAU/ENAU-Modelling/src/core/simulation.py", line 25, in run_hydraulic_simulation
    results = sim.run_sim(convergence_error=True)
  File "/home/cintradu/miniconda3/envs/resilience_env/lib/python3.13/site-packages/wntr/sim/epanet.py", line 115, in run_sim
    enData.ENopen(inpfile, rptfile, outfile)
    ~~~~~~~~~~~~~^^^^^^^^^^^^^^^^^^^^^^^^^^^
  File "/home/cintradu/miniconda3/envs/resilience_env/lib/python3.13/site-packages/wntr/epanet/toolkit.py", line 196, in ENopen
    self._error()
    ~~~~~~~~~~~^^
  File "/home/cintradu/miniconda3/envs/resilience_env/lib/python3.13/site-packages/wntr/epanet/toolkit.py", line 159, in _error
    raise EpanetException(self.errcode)
wntr.epanet.exceptions.EpanetException: (Error 200) one or more errors in input file %s
2026-05-17 18:40:15,011 [ERROR] (wntr.epanet.toolkit) EPANET error 200 - one or more errors in input file %s
2026-05-17 18:40:15,011 [ERROR] (core.simulation) Fatal error in hydraulic simulation
Traceback (most recent call last):
  File "/home/cintradu/IC/ENAU/ENAU-Modelling/src/core/simulation.py", line 25, in run_hydraulic_simulation
    results = sim.run_sim(convergence_error=True)
  File "/home/cintradu/miniconda3/envs/resilience_env/lib/python3.13/site-packages/wntr/sim/epanet.py", line 115, in run_sim
    enData.ENopen(inpfile, rptfile, outfile)
    ~~~~~~~~~~~~~^^^^^^^^^^^^^^^^^^^^^^^^^^^
  File "/home/cintradu/miniconda3/envs/resilience_env/lib/python3.13/site-packages/wntr/epanet/toolkit.py", line 196, in ENopen
    self._error()
    ~~~~~~~~~~~^^
  File "/home/cintradu/miniconda3/envs/resilience_env/lib/python3.13/site-packages/wntr/epanet/toolkit.py", line 159, in _error
    raise EpanetException(self.errcode)
wntr.epanet.exceptions.EpanetException: (Error 200) one or more errors in input file %s
2026-05-17 18:40:15,010 [ERROR] (core.simulation) Fatal error in hydraulic simulation
Traceback (most recent call last):
  File "/home/cintradu/IC/ENAU/ENAU-Modelling/src/core/simulation.py", line 25, in run_hydraulic_simulation
    results = sim.run_sim(convergence_error=True)
  File "/home/cintradu/miniconda3/envs/resilience_env/lib/python3.13/site-packages/wntr/sim/epanet.py", line 115, in run_sim
    enData.ENopen(inpfile, rptfile, outfile)
    ~~~~~~~~~~~~~^^^^^^^^^^^^^^^^^^^^^^^^^^^
  File "/home/cintradu/miniconda3/envs/resilience_env/lib/python3.13/site-packages/wntr/epanet/toolkit.py", line 196, in ENopen
    self._error()
    ~~~~~~~~~~~^^
  File "/home/cintradu/miniconda3/envs/resilience_env/lib/python3.13/site-packages/wntr/epanet/toolkit.py", line 159, in _error
    raise EpanetException(self.errcode)
wntr.epanet.exceptions.EpanetException: (Error 200) one or more errors in input file %s
2026-05-17 18:40:15,018 [ERROR] (wntr.epanet.toolkit) EPANET error 200 - one or more errors in input file %s
2026-05-17 18:40:15,019 [ERROR] (core.simulation) Fatal error in hydraulic simulation
Traceback (most recent call last):
  File "/home/cintradu/IC/ENAU/ENAU-Modelling/src/core/simulation.py", line 25, in run_hydraulic_simulation
    results = sim.run_sim(convergence_error=True)
  File "/home/cintradu/miniconda3/envs/resilience_env/lib/python3.13/site-packages/wntr/sim/epanet.py", line 115, in run_sim
    enData.ENopen(inpfile, rptfile, outfile)
    ~~~~~~~~~~~~~^^^^^^^^^^^^^^^^^^^^^^^^^^^
  File "/home/cintradu/miniconda3/envs/resilience_env/lib/python3.13/site-packages/wntr/epanet/toolkit.py", line 196, in ENopen
    self._error()
    ~~~~~~~~~~~^^
  File "/home/cintradu/miniconda3/envs/resilience_env/lib/python3.13/site-packages/wntr/epanet/toolkit.py", line 159, in _error
    raise EpanetException(self.errcode)
wntr.epanet.exceptions.EpanetException: (Error 200) one or more errors in input file %s
2026-05-17 18:40:15,020 [ERROR] (wntr.epanet.toolkit) EPANET error 200 - one or more errors in input file %s
2026-05-17 18:40:15,019 [ERROR] (wntr.epanet.toolkit) EPANET error 200 - one or more errors in input file %s
2026-05-17 18:40:15,021 [ERROR] (core.simulation) Fatal error in hydraulic simulation
Traceback (most recent call last):
  File "/home/cintradu/IC/ENAU/ENAU-Modelling/src/core/simulation.py", line 25, in run_hydraulic_simulation
    results = sim.run_sim(convergence_error=True)
  File "/home/cintradu/miniconda3/envs/resilience_env/lib/python3.13/site-packages/wntr/sim/epanet.py", line 115, in run_sim
    enData.ENopen(inpfile, rptfile, outfile)
    ~~~~~~~~~~~~~^^^^^^^^^^^^^^^^^^^^^^^^^^^
  File "/home/cintradu/miniconda3/envs/resilience_env/lib/python3.13/site-packages/wntr/epanet/toolkit.py", line 196, in ENopen
    self._error()
    ~~~~~~~~~~~^^
  File "/home/cintradu/miniconda3/envs/resilience_env/lib/python3.13/site-packages/wntr/epanet/toolkit.py", line 159, in _error
    raise EpanetException(self.errcode)
wntr.epanet.exceptions.EpanetException: (Error 200) one or more errors in input file %s
2026-05-17 18:40:15,022 [ERROR] (core.simulation) Fatal error in hydraulic simulation
Traceback (most recent call last):
  File "/home/cintradu/IC/ENAU/ENAU-Modelling/src/core/simulation.py", line 25, in run_hydraulic_simulation
    results = sim.run_sim(convergence_error=True)
  File "/home/cintradu/miniconda3/envs/resilience_env/lib/python3.13/site-packages/wntr/sim/epanet.py", line 115, in run_sim
    enData.ENopen(inpfile, rptfile, outfile)
    ~~~~~~~~~~~~~^^^^^^^^^^^^^^^^^^^^^^^^^^^
  File "/home/cintradu/miniconda3/envs/resilience_env/lib/python3.13/site-packages/wntr/epanet/toolkit.py", line 196, in ENopen
    self._error()
    ~~~~~~~~~~~^^
  File "/home/cintradu/miniconda3/envs/resilience_env/lib/python3.13/site-packages/wntr/epanet/toolkit.py", line 159, in _error
    raise EpanetException(self.errcode)
wntr.epanet.exceptions.EpanetException: (Error 200) one or more errors in input file %s
2026-05-17 18:40:15,025 [ERROR] (wntr.epanet.toolkit) EPANET error 224 - no tanks or reservoirs in network
2026-05-17 18:40:15,025 [ERROR] (core.simulation) Fatal error in hydraulic simulation
Traceback (most recent call last):
  File "/home/cintradu/IC/ENAU/ENAU-Modelling/src/core/simulation.py", line 25, in run_hydraulic_simulation
    results = sim.run_sim(convergence_error=True)
  File "/home/cintradu/miniconda3/envs/resilience_env/lib/python3.13/site-packages/wntr/sim/epanet.py", line 115, in run_sim
    enData.ENopen(inpfile, rptfile, outfile)
    ~~~~~~~~~~~~~^^^^^^^^^^^^^^^^^^^^^^^^^^^
  File "/home/cintradu/miniconda3/envs/resilience_env/lib/python3.13/site-packages/wntr/epanet/toolkit.py", line 196, in ENopen
    self._error()
    ~~~~~~~~~~~^^
  File "/home/cintradu/miniconda3/envs/resilience_env/lib/python3.13/site-packages/wntr/epanet/toolkit.py", line 159, in _error
    raise EpanetException(self.errcode)
wntr.epanet.exceptions.EpanetException: (Error 224) no tanks or reservoirs in network
2026-05-17 18:40:15,026 [ERROR] (wntr.epanet.toolkit) EPANET error 223 - not enough nodes in network
2026-05-17 18:40:15,027 [ERROR] (core.simulation) Fatal error in hydraulic simulation
Traceback (most recent call last):
  File "/home/cintradu/IC/ENAU/ENAU-Modelling/src/core/simulation.py", line 25, in run_hydraulic_simulation
    results = sim.run_sim(convergence_error=True)
  File "/home/cintradu/miniconda3/envs/resilience_env/lib/python3.13/site-packages/wntr/sim/epanet.py", line 115, in run_sim
    enData.ENopen(inpfile, rptfile, outfile)
    ~~~~~~~~~~~~~^^^^^^^^^^^^^^^^^^^^^^^^^^^
  File "/home/cintradu/miniconda3/envs/resilience_env/lib/python3.13/site-packages/wntr/epanet/toolkit.py", line 196, in ENopen
    self._error()
    ~~~~~~~~~~~^^
  File "/home/cintradu/miniconda3/envs/resilience_env/lib/python3.13/site-packages/wntr/epanet/toolkit.py", line 159, in _error
    raise EpanetException(self.errcode)
wntr.epanet.exceptions.EpanetException: (Error 223) not enough nodes in network
2026-05-17 18:40:15,032 [ERROR] (wntr.epanet.toolkit) EPANET error 200 - one or more errors in input file %s
2026-05-17 18:40:15,032 [ERROR] (wntr.epanet.toolkit) EPANET error 200 - one or more errors in input file %s
2026-05-17 18:40:15,032 [ERROR] (core.simulation) Fatal error in hydraulic simulation
Traceback (most recent call last):
  File "/home/cintradu/IC/ENAU/ENAU-Modelling/src/core/simulation.py", line 25, in run_hydraulic_simulation
    results = sim.run_sim(convergence_error=True)
  File "/home/cintradu/miniconda3/envs/resilience_env/lib/python3.13/site-packages/wntr/sim/epanet.py", line 115, in run_sim
    enData.ENopen(inpfile, rptfile, outfile)
    ~~~~~~~~~~~~~^^^^^^^^^^^^^^^^^^^^^^^^^^^
  File "/home/cintradu/miniconda3/envs/resilience_env/lib/python3.13/site-packages/wntr/epanet/toolkit.py", line 196, in ENopen
    self._error()
    ~~~~~~~~~~~^^
  File "/home/cintradu/miniconda3/envs/resilience_env/lib/python3.13/site-packages/wntr/epanet/toolkit.py", line 159, in _error
    raise EpanetException(self.errcode)
wntr.epanet.exceptions.EpanetException: (Error 200) one or more errors in input file %s
2026-05-17 18:40:15,032 [ERROR] (core.simulation) Fatal error in hydraulic simulation
Traceback (most recent call last):
  File "/home/cintradu/IC/ENAU/ENAU-Modelling/src/core/simulation.py", line 25, in run_hydraulic_simulation
    results = sim.run_sim(convergence_error=True)
  File "/home/cintradu/miniconda3/envs/resilience_env/lib/python3.13/site-packages/wntr/sim/epanet.py", line 115, in run_sim
    enData.ENopen(inpfile, rptfile, outfile)
    ~~~~~~~~~~~~~^^^^^^^^^^^^^^^^^^^^^^^^^^^
  File "/home/cintradu/miniconda3/envs/resilience_env/lib/python3.13/site-packages/wntr/epanet/toolkit.py", line 196, in ENopen
    self._error()
    ~~~~~~~~~~~^^
  File "/home/cintradu/miniconda3/envs/resilience_env/lib/python3.13/site-packages/wntr/epanet/toolkit.py", line 159, in _error
    raise EpanetException(self.errcode)
wntr.epanet.exceptions.EpanetException: (Error 200) one or more errors in input file %s
2026-05-17 18:40:15,050 [ERROR] (wntr.epanet.toolkit) EPANET error 224 - no tanks or reservoirs in network
2026-05-17 18:40:15,050 [ERROR] (core.simulation) Fatal error in hydraulic simulation
Traceback (most recent call last):
  File "/home/cintradu/IC/ENAU/ENAU-Modelling/src/core/simulation.py", line 25, in run_hydraulic_simulation
    results = sim.run_sim(convergence_error=True)
  File "/home/cintradu/miniconda3/envs/resilience_env/lib/python3.13/site-packages/wntr/sim/epanet.py", line 115, in run_sim
    enData.ENopen(inpfile, rptfile, outfile)
    ~~~~~~~~~~~~~^^^^^^^^^^^^^^^^^^^^^^^^^^^
  File "/home/cintradu/miniconda3/envs/resilience_env/lib/python3.13/site-packages/wntr/epanet/toolkit.py", line 196, in ENopen
    self._error()
    ~~~~~~~~~~~^^
  File "/home/cintradu/miniconda3/envs/resilience_env/lib/python3.13/site-packages/wntr/epanet/toolkit.py", line 159, in _error
    raise EpanetException(self.errcode)
wntr.epanet.exceptions.EpanetException: (Error 224) no tanks or reservoirs in network
2026-05-17 18:40:15,051 [ERROR] (wntr.epanet.toolkit) EPANET error 200 - one or more errors in input file %s
2026-05-17 18:40:15,052 [ERROR] (wntr.epanet.toolkit) EPANET error 224 - no tanks or reservoirs in network
2026-05-17 18:40:15,051 [ERROR] (core.simulation) Fatal error in hydraulic simulation
Traceback (most recent call last):
  File "/home/cintradu/IC/ENAU/ENAU-Modelling/src/core/simulation.py", line 25, in run_hydraulic_simulation
    results = sim.run_sim(convergence_error=True)
  File "/home/cintradu/miniconda3/envs/resilience_env/lib/python3.13/site-packages/wntr/sim/epanet.py", line 115, in run_sim
    enData.ENopen(inpfile, rptfile, outfile)
    ~~~~~~~~~~~~~^^^^^^^^^^^^^^^^^^^^^^^^^^^
  File "/home/cintradu/miniconda3/envs/resilience_env/lib/python3.13/site-packages/wntr/epanet/toolkit.py", line 196, in ENopen
    self._error()
    ~~~~~~~~~~~^^
  File "/home/cintradu/miniconda3/envs/resilience_env/lib/python3.13/site-packages/wntr/epanet/toolkit.py", line 159, in _error
    raise EpanetException(self.errcode)
wntr.epanet.exceptions.EpanetException: (Error 200) one or more errors in input file %s
2026-05-17 18:40:15,052 [ERROR] (core.simulation) Fatal error in hydraulic simulation
Traceback (most recent call last):
  File "/home/cintradu/IC/ENAU/ENAU-Modelling/src/core/simulation.py", line 25, in run_hydraulic_simulation
    results = sim.run_sim(convergence_error=True)
  File "/home/cintradu/miniconda3/envs/resilience_env/lib/python3.13/site-packages/wntr/sim/epanet.py", line 115, in run_sim
    enData.ENopen(inpfile, rptfile, outfile)
    ~~~~~~~~~~~~~^^^^^^^^^^^^^^^^^^^^^^^^^^^
  File "/home/cintradu/miniconda3/envs/resilience_env/lib/python3.13/site-packages/wntr/epanet/toolkit.py", line 196, in ENopen
    self._error()
    ~~~~~~~~~~~^^
  File "/home/cintradu/miniconda3/envs/resilience_env/lib/python3.13/site-packages/wntr/epanet/toolkit.py", line 159, in _error
    raise EpanetException(self.errcode)
wntr.epanet.exceptions.EpanetException: (Error 224) no tanks or reservoirs in network
2026-05-17 18:40:15,085 [ERROR] (core.simulation) Fatal error in hydraulic simulation
Traceback (most recent call last):
  File "/home/cintradu/IC/ENAU/ENAU-Modelling/src/core/simulation.py", line 25, in run_hydraulic_simulation
    results = sim.run_sim(convergence_error=True)
  File "/home/cintradu/miniconda3/envs/resilience_env/lib/python3.13/site-packages/wntr/sim/epanet.py", line 133, in run_sim
    results = self.reader.read(outfile, convergence_error, self._wn.options.hydraulic.headloss=='D-W')
  File "/home/cintradu/miniconda3/envs/resilience_env/lib/python3.13/site-packages/wntr/epanet/io.py", line 2695, in read
    self.save_energy_line(pidx, linknames[pidx-1], energy)
                                ~~~~~~~~~^^^^^^^^
IndexError: list index out of range
2026-05-17 18:40:15,091 [ERROR] (core.simulation) Fatal error in hydraulic simulation
Traceback (most recent call last):
  File "/home/cintradu/IC/ENAU/ENAU-Modelling/src/core/simulation.py", line 25, in run_hydraulic_simulation
    results = sim.run_sim(convergence_error=True)
  File "/home/cintradu/miniconda3/envs/resilience_env/lib/python3.13/site-packages/wntr/sim/epanet.py", line 133, in run_sim
    results = self.reader.read(outfile, convergence_error, self._wn.options.hydraulic.headloss=='D-W')
  File "/home/cintradu/miniconda3/envs/resilience_env/lib/python3.13/site-packages/wntr/epanet/io.py", line 2695, in read
    self.save_energy_line(pidx, linknames[pidx-1], energy)
                                ~~~~~~~~~^^^^^^^^
IndexError: list index out of range
2026-05-17 18:40:15,099 [ERROR] (core.simulation) Fatal error in hydraulic simulation
Traceback (most recent call last):
  File "/home/cintradu/IC/ENAU/ENAU-Modelling/src/core/simulation.py", line 25, in run_hydraulic_simulation
    results = sim.run_sim(convergence_error=True)
  File "/home/cintradu/miniconda3/envs/resilience_env/lib/python3.13/site-packages/wntr/sim/epanet.py", line 133, in run_sim
    results = self.reader.read(outfile, convergence_error, self._wn.options.hydraulic.headloss=='D-W')
  File "/home/cintradu/miniconda3/envs/resilience_env/lib/python3.13/site-packages/wntr/epanet/io.py", line 2695, in read
    self.save_energy_line(pidx, linknames[pidx-1], energy)
                                ~~~~~~~~~^^^^^^^^
IndexError: list index out of range
2026-05-17 18:40:15,102 [ERROR] (core.simulation) Fatal error in hydraulic simulation
Traceback (most recent call last):
  File "/home/cintradu/IC/ENAU/ENAU-Modelling/src/core/simulation.py", line 25, in run_hydraulic_simulation
    results = sim.run_sim(convergence_error=True)
  File "/home/cintradu/miniconda3/envs/resilience_env/lib/python3.13/site-packages/wntr/sim/epanet.py", line 133, in run_sim
    results = self.reader.read(outfile, convergence_error, self._wn.options.hydraulic.headloss=='D-W')
  File "/home/cintradu/miniconda3/envs/resilience_env/lib/python3.13/site-packages/wntr/epanet/io.py", line 2695, in read
    self.save_energy_line(pidx, linknames[pidx-1], energy)
                                ~~~~~~~~~^^^^^^^^
IndexError: list index out of range
2026-05-17 18:40:15,105 [ERROR] (wntr.epanet.toolkit) EPANET error 224 - no tanks or reservoirs in network
2026-05-17 18:40:15,105 [ERROR] (core.simulation) Fatal error in hydraulic simulation
Traceback (most recent call last):
  File "/home/cintradu/IC/ENAU/ENAU-Modelling/src/core/simulation.py", line 25, in run_hydraulic_simulation
    results = sim.run_sim(convergence_error=True)
  File "/home/cintradu/miniconda3/envs/resilience_env/lib/python3.13/site-packages/wntr/sim/epanet.py", line 115, in run_sim
    enData.ENopen(inpfile, rptfile, outfile)
    ~~~~~~~~~~~~~^^^^^^^^^^^^^^^^^^^^^^^^^^^
  File "/home/cintradu/miniconda3/envs/resilience_env/lib/python3.13/site-packages/wntr/epanet/toolkit.py", line 196, in ENopen
    self._error()
    ~~~~~~~~~~~^^
  File "/home/cintradu/miniconda3/envs/resilience_env/lib/python3.13/site-packages/wntr/epanet/toolkit.py", line 159, in _error
    raise EpanetException(self.errcode)
wntr.epanet.exceptions.EpanetException: (Error 224) no tanks or reservoirs in network
2026-05-17 18:40:15,107 [ERROR] (wntr.epanet.toolkit) EPANET error 224 - no tanks or reservoirs in network
2026-05-17 18:40:15,107 [ERROR] (core.simulation) Fatal error in hydraulic simulation
Traceback (most recent call last):
  File "/home/cintradu/IC/ENAU/ENAU-Modelling/src/core/simulation.py", line 25, in run_hydraulic_simulation
    results = sim.run_sim(convergence_error=True)
  File "/home/cintradu/miniconda3/envs/resilience_env/lib/python3.13/site-packages/wntr/sim/epanet.py", line 115, in run_sim
    enData.ENopen(inpfile, rptfile, outfile)
    ~~~~~~~~~~~~~^^^^^^^^^^^^^^^^^^^^^^^^^^^
  File "/home/cintradu/miniconda3/envs/resilience_env/lib/python3.13/site-packages/wntr/epanet/toolkit.py", line 196, in ENopen
    self._error()
    ~~~~~~~~~~~^^
  File "/home/cintradu/miniconda3/envs/resilience_env/lib/python3.13/site-packages/wntr/epanet/toolkit.py", line 159, in _error
    raise EpanetException(self.errcode)
wntr.epanet.exceptions.EpanetException: (Error 224) no tanks or reservoirs in network
2026-05-17 18:40:15,118 [ERROR] (core.simulation) Fatal error in hydraulic simulation
Traceback (most recent call last):
  File "/home/cintradu/IC/ENAU/ENAU-Modelling/src/core/simulation.py", line 25, in run_hydraulic_simulation
    results = sim.run_sim(convergence_error=True)
  File "/home/cintradu/miniconda3/envs/resilience_env/lib/python3.13/site-packages/wntr/sim/epanet.py", line 133, in run_sim
    results = self.reader.read(outfile, convergence_error, self._wn.options.hydraulic.headloss=='D-W')
  File "/home/cintradu/miniconda3/envs/resilience_env/lib/python3.13/site-packages/wntr/epanet/io.py", line 2695, in read
    self.save_energy_line(pidx, linknames[pidx-1], energy)
                                ~~~~~~~~~^^^^^^^^
IndexError: list index out of range
2026-05-17 18:40:15,121 [ERROR] (wntr.epanet.toolkit) EPANET error 200 - one or more errors in input file %s
2026-05-17 18:40:15,121 [ERROR] (core.simulation) Fatal error in hydraulic simulation
Traceback (most recent call last):
  File "/home/cintradu/IC/ENAU/ENAU-Modelling/src/core/simulation.py", line 25, in run_hydraulic_simulation
    results = sim.run_sim(convergence_error=True)
  File "/home/cintradu/miniconda3/envs/resilience_env/lib/python3.13/site-packages/wntr/sim/epanet.py", line 115, in run_sim
    enData.ENopen(inpfile, rptfile, outfile)
    ~~~~~~~~~~~~~^^^^^^^^^^^^^^^^^^^^^^^^^^^
  File "/home/cintradu/miniconda3/envs/resilience_env/lib/python3.13/site-packages/wntr/epanet/toolkit.py", line 196, in ENopen
    self._error()
    ~~~~~~~~~~~^^
  File "/home/cintradu/miniconda3/envs/resilience_env/lib/python3.13/site-packages/wntr/epanet/toolkit.py", line 159, in _error
    raise EpanetException(self.errcode)
wntr.epanet.exceptions.EpanetException: (Error 200) one or more errors in input file %s
2026-05-17 18:40:15,124 [ERROR] (core.simulation) Fatal error in hydraulic simulation
Traceback (most recent call last):
  File "/home/cintradu/IC/ENAU/ENAU-Modelling/src/core/simulation.py", line 25, in run_hydraulic_simulation
    results = sim.run_sim(convergence_error=True)
  File "/home/cintradu/miniconda3/envs/resilience_env/lib/python3.13/site-packages/wntr/sim/epanet.py", line 133, in run_sim
    results = self.reader.read(outfile, convergence_error, self._wn.options.hydraulic.headloss=='D-W')
  File "/home/cintradu/miniconda3/envs/resilience_env/lib/python3.13/site-packages/wntr/epanet/io.py", line 2695, in read
    self.save_energy_line(pidx, linknames[pidx-1], energy)
                                ~~~~~~~~~^^^^^^^^
IndexError: list index out of range
2026-05-17 18:40:15,126 [ERROR] (wntr.epanet.toolkit) EPANET error 223 - not enough nodes in network
2026-05-17 18:40:15,126 [ERROR] (wntr.epanet.toolkit) EPANET error 223 - not enough nodes in network
2026-05-17 18:40:15,126 [ERROR] (core.simulation) Fatal error in hydraulic simulation
Traceback (most recent call last):
  File "/home/cintradu/IC/ENAU/ENAU-Modelling/src/core/simulation.py", line 25, in run_hydraulic_simulation
    results = sim.run_sim(convergence_error=True)
  File "/home/cintradu/miniconda3/envs/resilience_env/lib/python3.13/site-packages/wntr/sim/epanet.py", line 115, in run_sim
    enData.ENopen(inpfile, rptfile, outfile)
    ~~~~~~~~~~~~~^^^^^^^^^^^^^^^^^^^^^^^^^^^
  File "/home/cintradu/miniconda3/envs/resilience_env/lib/python3.13/site-packages/wntr/epanet/toolkit.py", line 196, in ENopen
    self._error()
    ~~~~~~~~~~~^^
  File "/home/cintradu/miniconda3/envs/resilience_env/lib/python3.13/site-packages/wntr/epanet/toolkit.py", line 159, in _error
    raise EpanetException(self.errcode)
wntr.epanet.exceptions.EpanetException: (Error 223) not enough nodes in network
2026-05-17 18:40:15,126 [ERROR] (core.simulation) Fatal error in hydraulic simulation
Traceback (most recent call last):
  File "/home/cintradu/IC/ENAU/ENAU-Modelling/src/core/simulation.py", line 25, in run_hydraulic_simulation
    results = sim.run_sim(convergence_error=True)
  File "/home/cintradu/miniconda3/envs/resilience_env/lib/python3.13/site-packages/wntr/sim/epanet.py", line 115, in run_sim
    enData.ENopen(inpfile, rptfile, outfile)
    ~~~~~~~~~~~~~^^^^^^^^^^^^^^^^^^^^^^^^^^^
  File "/home/cintradu/miniconda3/envs/resilience_env/lib/python3.13/site-packages/wntr/epanet/toolkit.py", line 196, in ENopen
    self._error()
    ~~~~~~~~~~~^^
  File "/home/cintradu/miniconda3/envs/resilience_env/lib/python3.13/site-packages/wntr/epanet/toolkit.py", line 159, in _error
    raise EpanetException(self.errcode)
wntr.epanet.exceptions.EpanetException: (Error 223) not enough nodes in network
2026-05-17 18:40:15,136 [ERROR] (wntr.epanet.io) Simulation did not converge at time 00:00:00.
2026-05-17 18:40:15,136 [ERROR] (core.simulation) Fatal error in hydraulic simulation
Traceback (most recent call last):
  File "/home/cintradu/IC/ENAU/ENAU-Modelling/src/core/simulation.py", line 25, in run_hydraulic_simulation
    results = sim.run_sim(convergence_error=True)
  File "/home/cintradu/miniconda3/envs/resilience_env/lib/python3.13/site-packages/wntr/sim/epanet.py", line 133, in run_sim
    results = self.reader.read(outfile, convergence_error, self._wn.options.hydraulic.headloss=='D-W')
  File "/home/cintradu/miniconda3/envs/resilience_env/lib/python3.13/site-packages/wntr/epanet/io.py", line 2771, in read
    raise RuntimeError('Simulation did not converge at time ' + self._get_time(t) + '.')
RuntimeError: Simulation did not converge at time 00:00:00.
2026-05-17 18:40:15,139 [ERROR] (wntr.epanet.toolkit) EPANET error 200 - one or more errors in input file %s
2026-05-17 18:40:15,140 [ERROR] (wntr.epanet.toolkit) EPANET error 200 - one or more errors in input file %s
2026-05-17 18:40:15,140 [ERROR] (core.simulation) Fatal error in hydraulic simulation
Traceback (most recent call last):
  File "/home/cintradu/IC/ENAU/ENAU-Modelling/src/core/simulation.py", line 25, in run_hydraulic_simulation
    results = sim.run_sim(convergence_error=True)
  File "/home/cintradu/miniconda3/envs/resilience_env/lib/python3.13/site-packages/wntr/sim/epanet.py", line 115, in run_sim
    enData.ENopen(inpfile, rptfile, outfile)
    ~~~~~~~~~~~~~^^^^^^^^^^^^^^^^^^^^^^^^^^^
  File "/home/cintradu/miniconda3/envs/resilience_env/lib/python3.13/site-packages/wntr/epanet/toolkit.py", line 196, in ENopen
    self._error()
    ~~~~~~~~~~~^^
  File "/home/cintradu/miniconda3/envs/resilience_env/lib/python3.13/site-packages/wntr/epanet/toolkit.py", line 159, in _error
    raise EpanetException(self.errcode)
wntr.epanet.exceptions.EpanetException: (Error 200) one or more errors in input file %s
2026-05-17 18:40:15,140 [ERROR] (core.simulation) Fatal error in hydraulic simulation
Traceback (most recent call last):
  File "/home/cintradu/IC/ENAU/ENAU-Modelling/src/core/simulation.py", line 25, in run_hydraulic_simulation
    results = sim.run_sim(convergence_error=True)
  File "/home/cintradu/miniconda3/envs/resilience_env/lib/python3.13/site-packages/wntr/sim/epanet.py", line 115, in run_sim
    enData.ENopen(inpfile, rptfile, outfile)
    ~~~~~~~~~~~~~^^^^^^^^^^^^^^^^^^^^^^^^^^^
  File "/home/cintradu/miniconda3/envs/resilience_env/lib/python3.13/site-packages/wntr/epanet/toolkit.py", line 196, in ENopen
    self._error()
    ~~~~~~~~~~~^^
  File "/home/cintradu/miniconda3/envs/resilience_env/lib/python3.13/site-packages/wntr/epanet/toolkit.py", line 159, in _error
    raise EpanetException(self.errcode)
wntr.epanet.exceptions.EpanetException: (Error 200) one or more errors in input file %s
2026-05-17 18:40:15,144 [ERROR] (wntr.epanet.toolkit) EPANET error 224 - no tanks or reservoirs in network
2026-05-17 18:40:15,144 [ERROR] (core.simulation) Fatal error in hydraulic simulation
Traceback (most recent call last):
  File "/home/cintradu/IC/ENAU/ENAU-Modelling/src/core/simulation.py", line 25, in run_hydraulic_simulation
    results = sim.run_sim(convergence_error=True)
  File "/home/cintradu/miniconda3/envs/resilience_env/lib/python3.13/site-packages/wntr/sim/epanet.py", line 115, in run_sim
    enData.ENopen(inpfile, rptfile, outfile)
    ~~~~~~~~~~~~~^^^^^^^^^^^^^^^^^^^^^^^^^^^
  File "/home/cintradu/miniconda3/envs/resilience_env/lib/python3.13/site-packages/wntr/epanet/toolkit.py", line 196, in ENopen
    self._error()
    ~~~~~~~~~~~^^
  File "/home/cintradu/miniconda3/envs/resilience_env/lib/python3.13/site-packages/wntr/epanet/toolkit.py", line 159, in _error
    raise EpanetException(self.errcode)
wntr.epanet.exceptions.EpanetException: (Error 224) no tanks or reservoirs in network
2026-05-17 18:40:15,152 [ERROR] (wntr.epanet.toolkit) EPANET error 200 - one or more errors in input file %s
2026-05-17 18:40:15,152 [ERROR] (core.simulation) Fatal error in hydraulic simulation
Traceback (most recent call last):
  File "/home/cintradu/IC/ENAU/ENAU-Modelling/src/core/simulation.py", line 25, in run_hydraulic_simulation
    results = sim.run_sim(convergence_error=True)
  File "/home/cintradu/miniconda3/envs/resilience_env/lib/python3.13/site-packages/wntr/sim/epanet.py", line 115, in run_sim
    enData.ENopen(inpfile, rptfile, outfile)
    ~~~~~~~~~~~~~^^^^^^^^^^^^^^^^^^^^^^^^^^^
  File "/home/cintradu/miniconda3/envs/resilience_env/lib/python3.13/site-packages/wntr/epanet/toolkit.py", line 196, in ENopen
    self._error()
    ~~~~~~~~~~~^^
  File "/home/cintradu/miniconda3/envs/resilience_env/lib/python3.13/site-packages/wntr/epanet/toolkit.py", line 159, in _error
    raise EpanetException(self.errcode)
wntr.epanet.exceptions.EpanetException: (Error 200) one or more errors in input file %s
2026-05-17 18:40:15,155 [ERROR] (wntr.epanet.toolkit) EPANET error 224 - no tanks or reservoirs in network
2026-05-17 18:40:15,155 [ERROR] (core.simulation) Fatal error in hydraulic simulation
Traceback (most recent call last):
  File "/home/cintradu/IC/ENAU/ENAU-Modelling/src/core/simulation.py", line 25, in run_hydraulic_simulation
    results = sim.run_sim(convergence_error=True)
  File "/home/cintradu/miniconda3/envs/resilience_env/lib/python3.13/site-packages/wntr/sim/epanet.py", line 115, in run_sim
    enData.ENopen(inpfile, rptfile, outfile)
    ~~~~~~~~~~~~~^^^^^^^^^^^^^^^^^^^^^^^^^^^
  File "/home/cintradu/miniconda3/envs/resilience_env/lib/python3.13/site-packages/wntr/epanet/toolkit.py", line 196, in ENopen
    self._error()
    ~~~~~~~~~~~^^
  File "/home/cintradu/miniconda3/envs/resilience_env/lib/python3.13/site-packages/wntr/epanet/toolkit.py", line 159, in _error
    raise EpanetException(self.errcode)
wntr.epanet.exceptions.EpanetException: (Error 224) no tanks or reservoirs in network
2026-05-17 18:40:15,156 [ERROR] (wntr.epanet.toolkit) EPANET error 223 - not enough nodes in network
2026-05-17 18:40:15,157 [ERROR] (core.simulation) Fatal error in hydraulic simulation
Traceback (most recent call last):
  File "/home/cintradu/IC/ENAU/ENAU-Modelling/src/core/simulation.py", line 25, in run_hydraulic_simulation
    results = sim.run_sim(convergence_error=True)
  File "/home/cintradu/miniconda3/envs/resilience_env/lib/python3.13/site-packages/wntr/sim/epanet.py", line 115, in run_sim
    enData.ENopen(inpfile, rptfile, outfile)
    ~~~~~~~~~~~~~^^^^^^^^^^^^^^^^^^^^^^^^^^^
  File "/home/cintradu/miniconda3/envs/resilience_env/lib/python3.13/site-packages/wntr/epanet/toolkit.py", line 196, in ENopen
    self._error()
    ~~~~~~~~~~~^^
  File "/home/cintradu/miniconda3/envs/resilience_env/lib/python3.13/site-packages/wntr/epanet/toolkit.py", line 159, in _error
    raise EpanetException(self.errcode)
wntr.epanet.exceptions.EpanetException: (Error 223) not enough nodes in network
2026-05-17 18:40:15,160 [ERROR] (wntr.epanet.toolkit) EPANET error 200 - one or more errors in input file %s
2026-05-17 18:40:15,160 [ERROR] (core.simulation) Fatal error in hydraulic simulation
Traceback (most recent call last):
  File "/home/cintradu/IC/ENAU/ENAU-Modelling/src/core/simulation.py", line 25, in run_hydraulic_simulation
    results = sim.run_sim(convergence_error=True)
  File "/home/cintradu/miniconda3/envs/resilience_env/lib/python3.13/site-packages/wntr/sim/epanet.py", line 115, in run_sim
    enData.ENopen(inpfile, rptfile, outfile)
    ~~~~~~~~~~~~~^^^^^^^^^^^^^^^^^^^^^^^^^^^
  File "/home/cintradu/miniconda3/envs/resilience_env/lib/python3.13/site-packages/wntr/epanet/toolkit.py", line 196, in ENopen
    self._error()
    ~~~~~~~~~~~^^
  File "/home/cintradu/miniconda3/envs/resilience_env/lib/python3.13/site-packages/wntr/epanet/toolkit.py", line 159, in _error
    raise EpanetException(self.errcode)
wntr.epanet.exceptions.EpanetException: (Error 200) one or more errors in input file %s
2026-05-17 18:40:15,162 [ERROR] (wntr.epanet.toolkit) EPANET error 223 - not enough nodes in network
2026-05-17 18:40:15,163 [ERROR] (core.simulation) Fatal error in hydraulic simulation
Traceback (most recent call last):
  File "/home/cintradu/IC/ENAU/ENAU-Modelling/src/core/simulation.py", line 25, in run_hydraulic_simulation
    results = sim.run_sim(convergence_error=True)
  File "/home/cintradu/miniconda3/envs/resilience_env/lib/python3.13/site-packages/wntr/sim/epanet.py", line 115, in run_sim
    enData.ENopen(inpfile, rptfile, outfile)
    ~~~~~~~~~~~~~^^^^^^^^^^^^^^^^^^^^^^^^^^^
  File "/home/cintradu/miniconda3/envs/resilience_env/lib/python3.13/site-packages/wntr/epanet/toolkit.py", line 196, in ENopen
    self._error()
    ~~~~~~~~~~~^^
  File "/home/cintradu/miniconda3/envs/resilience_env/lib/python3.13/site-packages/wntr/epanet/toolkit.py", line 159, in _error
    raise EpanetException(self.errcode)
wntr.epanet.exceptions.EpanetException: (Error 223) not enough nodes in network
2026-05-17 18:40:15,164 [ERROR] (wntr.epanet.toolkit) EPANET error 223 - not enough nodes in network
2026-05-17 18:40:15,164 [ERROR] (core.simulation) Fatal error in hydraulic simulation
Traceback (most recent call last):
  File "/home/cintradu/IC/ENAU/ENAU-Modelling/src/core/simulation.py", line 25, in run_hydraulic_simulation
    results = sim.run_sim(convergence_error=True)
  File "/home/cintradu/miniconda3/envs/resilience_env/lib/python3.13/site-packages/wntr/sim/epanet.py", line 115, in run_sim
    enData.ENopen(inpfile, rptfile, outfile)
    ~~~~~~~~~~~~~^^^^^^^^^^^^^^^^^^^^^^^^^^^
  File "/home/cintradu/miniconda3/envs/resilience_env/lib/python3.13/site-packages/wntr/epanet/toolkit.py", line 196, in ENopen
    self._error()
    ~~~~~~~~~~~^^
  File "/home/cintradu/miniconda3/envs/resilience_env/lib/python3.13/site-packages/wntr/epanet/toolkit.py", line 159, in _error
    raise EpanetException(self.errcode)
wntr.epanet.exceptions.EpanetException: (Error 223) not enough nodes in network
2026-05-17 18:40:15,182 [ERROR] (wntr.epanet.toolkit) EPANET error 200 - one or more errors in input file %s
2026-05-17 18:40:15,182 [ERROR] (core.simulation) Fatal error in hydraulic simulation
Traceback (most recent call last):
  File "/home/cintradu/IC/ENAU/ENAU-Modelling/src/core/simulation.py", line 25, in run_hydraulic_simulation
    results = sim.run_sim(convergence_error=True)
  File "/home/cintradu/miniconda3/envs/resilience_env/lib/python3.13/site-packages/wntr/sim/epanet.py", line 115, in run_sim
    enData.ENopen(inpfile, rptfile, outfile)
    ~~~~~~~~~~~~~^^^^^^^^^^^^^^^^^^^^^^^^^^^
  File "/home/cintradu/miniconda3/envs/resilience_env/lib/python3.13/site-packages/wntr/epanet/toolkit.py", line 196, in ENopen
    self._error()
    ~~~~~~~~~~~^^
  File "/home/cintradu/miniconda3/envs/resilience_env/lib/python3.13/site-packages/wntr/epanet/toolkit.py", line 159, in _error
    raise EpanetException(self.errcode)
wntr.epanet.exceptions.EpanetException: (Error 200) one or more errors in input file %s
2026-05-17 18:40:15,185 [ERROR] (wntr.epanet.toolkit) EPANET error 224 - no tanks or reservoirs in network
2026-05-17 18:40:15,185 [ERROR] (core.simulation) Fatal error in hydraulic simulation
Traceback (most recent call last):
  File "/home/cintradu/IC/ENAU/ENAU-Modelling/src/core/simulation.py", line 25, in run_hydraulic_simulation
    results = sim.run_sim(convergence_error=True)
  File "/home/cintradu/miniconda3/envs/resilience_env/lib/python3.13/site-packages/wntr/sim/epanet.py", line 115, in run_sim
    enData.ENopen(inpfile, rptfile, outfile)
    ~~~~~~~~~~~~~^^^^^^^^^^^^^^^^^^^^^^^^^^^
  File "/home/cintradu/miniconda3/envs/resilience_env/lib/python3.13/site-packages/wntr/epanet/toolkit.py", line 196, in ENopen
    self._error()
    ~~~~~~~~~~~^^
  File "/home/cintradu/miniconda3/envs/resilience_env/lib/python3.13/site-packages/wntr/epanet/toolkit.py", line 159, in _error
    raise EpanetException(self.errcode)
wntr.epanet.exceptions.EpanetException: (Error 224) no tanks or reservoirs in network
2026-05-17 18:40:15,189 [ERROR] (wntr.epanet.toolkit) EPANET error 200 - one or more errors in input file %s
2026-05-17 18:40:15,189 [ERROR] (core.simulation) Fatal error in hydraulic simulation
Traceback (most recent call last):
  File "/home/cintradu/IC/ENAU/ENAU-Modelling/src/core/simulation.py", line 25, in run_hydraulic_simulation
    results = sim.run_sim(convergence_error=True)
  File "/home/cintradu/miniconda3/envs/resilience_env/lib/python3.13/site-packages/wntr/sim/epanet.py", line 115, in run_sim
    enData.ENopen(inpfile, rptfile, outfile)
    ~~~~~~~~~~~~~^^^^^^^^^^^^^^^^^^^^^^^^^^^
  File "/home/cintradu/miniconda3/envs/resilience_env/lib/python3.13/site-packages/wntr/epanet/toolkit.py", line 196, in ENopen
    self._error()
    ~~~~~~~~~~~^^
  File "/home/cintradu/miniconda3/envs/resilience_env/lib/python3.13/site-packages/wntr/epanet/toolkit.py", line 159, in _error
    raise EpanetException(self.errcode)
wntr.epanet.exceptions.EpanetException: (Error 200) one or more errors in input file %s
2026-05-17 18:40:15,204 [ERROR] (wntr.epanet.toolkit) EPANET error 200 - one or more errors in input file %s
2026-05-17 18:40:15,204 [ERROR] (core.simulation) Fatal error in hydraulic simulation
Traceback (most recent call last):
  File "/home/cintradu/IC/ENAU/ENAU-Modelling/src/core/simulation.py", line 25, in run_hydraulic_simulation
    results = sim.run_sim(convergence_error=True)
  File "/home/cintradu/miniconda3/envs/resilience_env/lib/python3.13/site-packages/wntr/sim/epanet.py", line 115, in run_sim
    enData.ENopen(inpfile, rptfile, outfile)
    ~~~~~~~~~~~~~^^^^^^^^^^^^^^^^^^^^^^^^^^^
  File "/home/cintradu/miniconda3/envs/resilience_env/lib/python3.13/site-packages/wntr/epanet/toolkit.py", line 196, in ENopen
    self._error()
    ~~~~~~~~~~~^^
  File "/home/cintradu/miniconda3/envs/resilience_env/lib/python3.13/site-packages/wntr/epanet/toolkit.py", line 159, in _error
    raise EpanetException(self.errcode)
wntr.epanet.exceptions.EpanetException: (Error 200) one or more errors in input file %s
2026-05-17 18:40:15,214 [ERROR] (wntr.epanet.toolkit) EPANET error 200 - one or more errors in input file %s
2026-05-17 18:40:15,215 [ERROR] (core.simulation) Fatal error in hydraulic simulation
Traceback (most recent call last):
  File "/home/cintradu/IC/ENAU/ENAU-Modelling/src/core/simulation.py", line 25, in run_hydraulic_simulation
    results = sim.run_sim(convergence_error=True)
  File "/home/cintradu/miniconda3/envs/resilience_env/lib/python3.13/site-packages/wntr/sim/epanet.py", line 115, in run_sim
    enData.ENopen(inpfile, rptfile, outfile)
    ~~~~~~~~~~~~~^^^^^^^^^^^^^^^^^^^^^^^^^^^
  File "/home/cintradu/miniconda3/envs/resilience_env/lib/python3.13/site-packages/wntr/epanet/toolkit.py", line 196, in ENopen
    self._error()
    ~~~~~~~~~~~^^
  File "/home/cintradu/miniconda3/envs/resilience_env/lib/python3.13/site-packages/wntr/epanet/toolkit.py", line 159, in _error
    raise EpanetException(self.errcode)
wntr.epanet.exceptions.EpanetException: (Error 200) one or more errors in input file %s
2026-05-17 18:40:15,218 [ERROR] (wntr.epanet.toolkit) EPANET error 224 - no tanks or reservoirs in network
2026-05-17 18:40:15,218 [ERROR] (core.simulation) Fatal error in hydraulic simulation
Traceback (most recent call last):
  File "/home/cintradu/IC/ENAU/ENAU-Modelling/src/core/simulation.py", line 25, in run_hydraulic_simulation
    results = sim.run_sim(convergence_error=True)
  File "/home/cintradu/miniconda3/envs/resilience_env/lib/python3.13/site-packages/wntr/sim/epanet.py", line 115, in run_sim
    enData.ENopen(inpfile, rptfile, outfile)
    ~~~~~~~~~~~~~^^^^^^^^^^^^^^^^^^^^^^^^^^^
  File "/home/cintradu/miniconda3/envs/resilience_env/lib/python3.13/site-packages/wntr/epanet/toolkit.py", line 196, in ENopen
    self._error()
    ~~~~~~~~~~~^^
  File "/home/cintradu/miniconda3/envs/resilience_env/lib/python3.13/site-packages/wntr/epanet/toolkit.py", line 159, in _error
    raise EpanetException(self.errcode)
wntr.epanet.exceptions.EpanetException: (Error 224) no tanks or reservoirs in network
2026-05-17 18:40:15,219 [ERROR] (wntr.epanet.toolkit) EPANET error 200 - one or more errors in input file %s
2026-05-17 18:40:15,219 [ERROR] (core.simulation) Fatal error in hydraulic simulation
Traceback (most recent call last):
  File "/home/cintradu/IC/ENAU/ENAU-Modelling/src/core/simulation.py", line 25, in run_hydraulic_simulation
    results = sim.run_sim(convergence_error=True)
  File "/home/cintradu/miniconda3/envs/resilience_env/lib/python3.13/site-packages/wntr/sim/epanet.py", line 115, in run_sim
    enData.ENopen(inpfile, rptfile, outfile)
    ~~~~~~~~~~~~~^^^^^^^^^^^^^^^^^^^^^^^^^^^
  File "/home/cintradu/miniconda3/envs/resilience_env/lib/python3.13/site-packages/wntr/epanet/toolkit.py", line 196, in ENopen
    self._error()
    ~~~~~~~~~~~^^
  File "/home/cintradu/miniconda3/envs/resilience_env/lib/python3.13/site-packages/wntr/epanet/toolkit.py", line 159, in _error
    raise EpanetException(self.errcode)
wntr.epanet.exceptions.EpanetException: (Error 200) one or more errors in input file %s
2026-05-17 18:40:15,228 [ERROR] (core.simulation) Fatal error in hydraulic simulation
Traceback (most recent call last):
  File "/home/cintradu/IC/ENAU/ENAU-Modelling/src/core/simulation.py", line 25, in run_hydraulic_simulation
    results = sim.run_sim(convergence_error=True)
  File "/home/cintradu/miniconda3/envs/resilience_env/lib/python3.13/site-packages/wntr/sim/epanet.py", line 133, in run_sim
    results = self.reader.read(outfile, convergence_error, self._wn.options.hydraulic.headloss=='D-W')
  File "/home/cintradu/miniconda3/envs/resilience_env/lib/python3.13/site-packages/wntr/epanet/io.py", line 2695, in read
    self.save_energy_line(pidx, linknames[pidx-1], energy)
                                ~~~~~~~~~^^^^^^^^
IndexError: list index out of range
2026-05-17 18:40:15,229 [ERROR] (core.simulation) Fatal error in hydraulic simulation
Traceback (most recent call last):
  File "/home/cintradu/IC/ENAU/ENAU-Modelling/src/core/simulation.py", line 25, in run_hydraulic_simulation
    results = sim.run_sim(convergence_error=True)
  File "/home/cintradu/miniconda3/envs/resilience_env/lib/python3.13/site-packages/wntr/sim/epanet.py", line 133, in run_sim
    results = self.reader.read(outfile, convergence_error, self._wn.options.hydraulic.headloss=='D-W')
  File "/home/cintradu/miniconda3/envs/resilience_env/lib/python3.13/site-packages/wntr/epanet/io.py", line 2695, in read
    self.save_energy_line(pidx, linknames[pidx-1], energy)
                                ~~~~~~~~~^^^^^^^^
IndexError: list index out of range
2026-05-17 18:40:15,232 [ERROR] (wntr.epanet.toolkit) EPANET error 224 - no tanks or reservoirs in network
2026-05-17 18:40:15,232 [ERROR] (core.simulation) Fatal error in hydraulic simulation
Traceback (most recent call last):
  File "/home/cintradu/IC/ENAU/ENAU-Modelling/src/core/simulation.py", line 25, in run_hydraulic_simulation
    results = sim.run_sim(convergence_error=True)
  File "/home/cintradu/miniconda3/envs/resilience_env/lib/python3.13/site-packages/wntr/sim/epanet.py", line 115, in run_sim
    enData.ENopen(inpfile, rptfile, outfile)
    ~~~~~~~~~~~~~^^^^^^^^^^^^^^^^^^^^^^^^^^^
  File "/home/cintradu/miniconda3/envs/resilience_env/lib/python3.13/site-packages/wntr/epanet/toolkit.py", line 196, in ENopen
    self._error()
    ~~~~~~~~~~~^^
  File "/home/cintradu/miniconda3/envs/resilience_env/lib/python3.13/site-packages/wntr/epanet/toolkit.py", line 159, in _error
    raise EpanetException(self.errcode)
wntr.epanet.exceptions.EpanetException: (Error 224) no tanks or reservoirs in network
2026-05-17 18:40:15,233 [ERROR] (core.simulation) Fatal error in hydraulic simulation
Traceback (most recent call last):
  File "/home/cintradu/IC/ENAU/ENAU-Modelling/src/core/simulation.py", line 25, in run_hydraulic_simulation
    results = sim.run_sim(convergence_error=True)
  File "/home/cintradu/miniconda3/envs/resilience_env/lib/python3.13/site-packages/wntr/sim/epanet.py", line 133, in run_sim
    results = self.reader.read(outfile, convergence_error, self._wn.options.hydraulic.headloss=='D-W')
  File "/home/cintradu/miniconda3/envs/resilience_env/lib/python3.13/site-packages/wntr/epanet/io.py", line 2695, in read
    self.save_energy_line(pidx, linknames[pidx-1], energy)
                                ~~~~~~~~~^^^^^^^^
IndexError: list index out of range
2026-05-17 18:40:15,237 [ERROR] (wntr.epanet.toolkit) EPANET error 200 - one or more errors in input file %s
2026-05-17 18:40:15,237 [ERROR] (core.simulation) Fatal error in hydraulic simulation
Traceback (most recent call last):
  File "/home/cintradu/IC/ENAU/ENAU-Modelling/src/core/simulation.py", line 25, in run_hydraulic_simulation
    results = sim.run_sim(convergence_error=True)
  File "/home/cintradu/miniconda3/envs/resilience_env/lib/python3.13/site-packages/wntr/sim/epanet.py", line 115, in run_sim
    enData.ENopen(inpfile, rptfile, outfile)
    ~~~~~~~~~~~~~^^^^^^^^^^^^^^^^^^^^^^^^^^^
  File "/home/cintradu/miniconda3/envs/resilience_env/lib/python3.13/site-packages/wntr/epanet/toolkit.py", line 196, in ENopen
    self._error()
    ~~~~~~~~~~~^^
  File "/home/cintradu/miniconda3/envs/resilience_env/lib/python3.13/site-packages/wntr/epanet/toolkit.py", line 159, in _error
    raise EpanetException(self.errcode)
wntr.epanet.exceptions.EpanetException: (Error 200) one or more errors in input file %s
2026-05-17 18:40:15,271 [ERROR] (core.simulation) Fatal error in hydraulic simulation
Traceback (most recent call last):
  File "/home/cintradu/IC/ENAU/ENAU-Modelling/src/core/simulation.py", line 25, in run_hydraulic_simulation
    results = sim.run_sim(convergence_error=True)
  File "/home/cintradu/miniconda3/envs/resilience_env/lib/python3.13/site-packages/wntr/sim/epanet.py", line 133, in run_sim
    results = self.reader.read(outfile, convergence_error, self._wn.options.hydraulic.headloss=='D-W')
  File "/home/cintradu/miniconda3/envs/resilience_env/lib/python3.13/site-packages/wntr/epanet/io.py", line 2857, in read
    if magic1 != magic2:
       ^^^^^^^^^^^^^^^^
ValueError: The truth value of an empty array is ambiguous. Use `array.size > 0` to check that an array is not empty.
2026-05-17 18:40:15,277 [ERROR] (core.simulation) Fatal error in hydraulic simulation
Traceback (most recent call last):
  File "/home/cintradu/IC/ENAU/ENAU-Modelling/src/core/simulation.py", line 25, in run_hydraulic_simulation
    results = sim.run_sim(convergence_error=True)
  File "/home/cintradu/miniconda3/envs/resilience_env/lib/python3.13/site-packages/wntr/sim/epanet.py", line 133, in run_sim
    results = self.reader.read(outfile, convergence_error, self._wn.options.hydraulic.headloss=='D-W')
  File "/home/cintradu/miniconda3/envs/resilience_env/lib/python3.13/site-packages/wntr/epanet/io.py", line 2616, in read
    magic1 = prolog[0]
             ~~~~~~^^^
IndexError: index 0 is out of bounds for axis 0 with size 0
2026-05-17 18:40:15,298 [ERROR] (core.simulation) Fatal error in hydraulic simulation
Traceback (most recent call last):
  File "/home/cintradu/IC/ENAU/ENAU-Modelling/src/core/simulation.py", line 25, in run_hydraulic_simulation
    results = sim.run_sim(convergence_error=True)
  File "/home/cintradu/miniconda3/envs/resilience_env/lib/python3.13/site-packages/wntr/sim/epanet.py", line 133, in run_sim
    results = self.reader.read(outfile, convergence_error, self._wn.options.hydraulic.headloss=='D-W')
  File "/home/cintradu/miniconda3/envs/resilience_env/lib/python3.13/site-packages/wntr/epanet/io.py", line 2695, in read
    self.save_energy_line(pidx, linknames[pidx-1], energy)
                                ~~~~~~~~~^^^^^^^^
IndexError: list index out of range
2026-05-17 18:40:15,299 [ERROR] (wntr.epanet.toolkit) EPANET error 200 - one or more errors in input file %s
2026-05-17 18:40:15,299 [ERROR] (core.simulation) Fatal error in hydraulic simulation
Traceback (most recent call last):
  File "/home/cintradu/IC/ENAU/ENAU-Modelling/src/core/simulation.py", line 25, in run_hydraulic_simulation
    results = sim.run_sim(convergence_error=True)
  File "/home/cintradu/miniconda3/envs/resilience_env/lib/python3.13/site-packages/wntr/sim/epanet.py", line 115, in run_sim
    enData.ENopen(inpfile, rptfile, outfile)
    ~~~~~~~~~~~~~^^^^^^^^^^^^^^^^^^^^^^^^^^^
  File "/home/cintradu/miniconda3/envs/resilience_env/lib/python3.13/site-packages/wntr/epanet/toolkit.py", line 196, in ENopen
    self._error()
    ~~~~~~~~~~~^^
  File "/home/cintradu/miniconda3/envs/resilience_env/lib/python3.13/site-packages/wntr/epanet/toolkit.py", line 159, in _error
    raise EpanetException(self.errcode)
wntr.epanet.exceptions.EpanetException: (Error 200) one or more errors in input file %s
2026-05-17 18:40:15,301 [ERROR] (core.simulation) Fatal error in hydraulic simulation
Traceback (most recent call last):
  File "/home/cintradu/IC/ENAU/ENAU-Modelling/src/core/simulation.py", line 25, in run_hydraulic_simulation
    results = sim.run_sim(convergence_error=True)
  File "/home/cintradu/miniconda3/envs/resilience_env/lib/python3.13/site-packages/wntr/sim/epanet.py", line 133, in run_sim
    results = self.reader.read(outfile, convergence_error, self._wn.options.hydraulic.headloss=='D-W')
  File "/home/cintradu/miniconda3/envs/resilience_env/lib/python3.13/site-packages/wntr/epanet/io.py", line 2695, in read
    self.save_energy_line(pidx, linknames[pidx-1], energy)
                                ~~~~~~~~~^^^^^^^^
IndexError: list index out of range
2026-05-17 18:40:15,314 [ERROR] (core.simulation) Fatal error in hydraulic simulation
Traceback (most recent call last):
  File "/home/cintradu/IC/ENAU/ENAU-Modelling/src/core/simulation.py", line 25, in run_hydraulic_simulation
    results = sim.run_sim(convergence_error=True)
  File "/home/cintradu/miniconda3/envs/resilience_env/lib/python3.13/site-packages/wntr/sim/epanet.py", line 133, in run_sim
    results = self.reader.read(outfile, convergence_error, self._wn.options.hydraulic.headloss=='D-W')
  File "/home/cintradu/miniconda3/envs/resilience_env/lib/python3.13/site-packages/wntr/epanet/io.py", line 2695, in read
    self.save_energy_line(pidx, linknames[pidx-1], energy)
                                ~~~~~~~~~^^^^^^^^
IndexError: list index out of range
2026-05-17 18:40:15,315 [ERROR] (wntr.epanet.toolkit) EPANET error 200 - one or more errors in input file %s
2026-05-17 18:40:15,315 [ERROR] (core.simulation) Fatal error in hydraulic simulation
Traceback (most recent call last):
  File "/home/cintradu/IC/ENAU/ENAU-Modelling/src/core/simulation.py", line 25, in run_hydraulic_simulation
    results = sim.run_sim(convergence_error=True)
  File "/home/cintradu/miniconda3/envs/resilience_env/lib/python3.13/site-packages/wntr/sim/epanet.py", line 115, in run_sim
    enData.ENopen(inpfile, rptfile, outfile)
    ~~~~~~~~~~~~~^^^^^^^^^^^^^^^^^^^^^^^^^^^
  File "/home/cintradu/miniconda3/envs/resilience_env/lib/python3.13/site-packages/wntr/epanet/toolkit.py", line 196, in ENopen
    self._error()
    ~~~~~~~~~~~^^
  File "/home/cintradu/miniconda3/envs/resilience_env/lib/python3.13/site-packages/wntr/epanet/toolkit.py", line 159, in _error
    raise EpanetException(self.errcode)
wntr.epanet.exceptions.EpanetException: (Error 200) one or more errors in input file %s
2026-05-17 18:40:15,318 [ERROR] (wntr.epanet.toolkit) EPANET error 224 - no tanks or reservoirs in network
2026-05-17 18:40:15,319 [ERROR] (core.simulation) Fatal error in hydraulic simulation
Traceback (most recent call last):
  File "/home/cintradu/IC/ENAU/ENAU-Modelling/src/core/simulation.py", line 25, in run_hydraulic_simulation
    results = sim.run_sim(convergence_error=True)
  File "/home/cintradu/miniconda3/envs/resilience_env/lib/python3.13/site-packages/wntr/sim/epanet.py", line 115, in run_sim
    enData.ENopen(inpfile, rptfile, outfile)
    ~~~~~~~~~~~~~^^^^^^^^^^^^^^^^^^^^^^^^^^^
  File "/home/cintradu/miniconda3/envs/resilience_env/lib/python3.13/site-packages/wntr/epanet/toolkit.py", line 196, in ENopen
    self._error()
    ~~~~~~~~~~~^^
  File "/home/cintradu/miniconda3/envs/resilience_env/lib/python3.13/site-packages/wntr/epanet/toolkit.py", line 159, in _error
    raise EpanetException(self.errcode)
wntr.epanet.exceptions.EpanetException: (Error 224) no tanks or reservoirs in network
2026-05-17 18:40:15,319 [ERROR] (core.simulation) Fatal error in hydraulic simulation
Traceback (most recent call last):
  File "/home/cintradu/IC/ENAU/ENAU-Modelling/src/core/simulation.py", line 25, in run_hydraulic_simulation
    results = sim.run_sim(convergence_error=True)
  File "/home/cintradu/miniconda3/envs/resilience_env/lib/python3.13/site-packages/wntr/sim/epanet.py", line 133, in run_sim
    results = self.reader.read(outfile, convergence_error, self._wn.options.hydraulic.headloss=='D-W')
  File "/home/cintradu/miniconda3/envs/resilience_env/lib/python3.13/site-packages/wntr/epanet/io.py", line 2695, in read
    self.save_energy_line(pidx, linknames[pidx-1], energy)
                                ~~~~~~~~~^^^^^^^^
IndexError: list index out of range
2026-05-17 18:40:15,320 [ERROR] (core.simulation) Fatal error in hydraulic simulation
Traceback (most recent call last):
  File "/home/cintradu/IC/ENAU/ENAU-Modelling/src/core/simulation.py", line 25, in run_hydraulic_simulation
    results = sim.run_sim(convergence_error=True)
  File "/home/cintradu/miniconda3/envs/resilience_env/lib/python3.13/site-packages/wntr/sim/epanet.py", line 133, in run_sim
    results = self.reader.read(outfile, convergence_error, self._wn.options.hydraulic.headloss=='D-W')
  File "/home/cintradu/miniconda3/envs/resilience_env/lib/python3.13/site-packages/wntr/epanet/io.py", line 2695, in read
    self.save_energy_line(pidx, linknames[pidx-1], energy)
                                ~~~~~~~~~^^^^^^^^
IndexError: list index out of range
2026-05-17 18:40:15,323 [ERROR] (wntr.epanet.toolkit) EPANET error 224 - no tanks or reservoirs in network
2026-05-17 18:40:15,323 [ERROR] (core.simulation) Fatal error in hydraulic simulation
Traceback (most recent call last):
  File "/home/cintradu/IC/ENAU/ENAU-Modelling/src/core/simulation.py", line 25, in run_hydraulic_simulation
    results = sim.run_sim(convergence_error=True)
  File "/home/cintradu/miniconda3/envs/resilience_env/lib/python3.13/site-packages/wntr/sim/epanet.py", line 115, in run_sim
    enData.ENopen(inpfile, rptfile, outfile)
    ~~~~~~~~~~~~~^^^^^^^^^^^^^^^^^^^^^^^^^^^
  File "/home/cintradu/miniconda3/envs/resilience_env/lib/python3.13/site-packages/wntr/epanet/toolkit.py", line 196, in ENopen
    self._error()
    ~~~~~~~~~~~^^
  File "/home/cintradu/miniconda3/envs/resilience_env/lib/python3.13/site-packages/wntr/epanet/toolkit.py", line 159, in _error
    raise EpanetException(self.errcode)
wntr.epanet.exceptions.EpanetException: (Error 224) no tanks or reservoirs in network
2026-05-17 18:40:15,333 [CRITICAL] (wntr.epanet.io) The magic number did not match -- binary incomplete or incorrectly read. If you believe this file IS complete, please try a different float type. Current type is "=f4"
2026-05-17 18:40:15,334 [WARNING] (wntr.epanet.io) Warnings were issued during simulation
2026-05-17 18:40:15,334 [ERROR] (wntr.epanet.toolkit) EPANET error 223 - not enough nodes in network
2026-05-17 18:40:15,334 [ERROR] (core.simulation) Fatal error in hydraulic simulation
Traceback (most recent call last):
  File "/home/cintradu/IC/ENAU/ENAU-Modelling/src/core/simulation.py", line 25, in run_hydraulic_simulation
    results = sim.run_sim(convergence_error=True)
  File "/home/cintradu/miniconda3/envs/resilience_env/lib/python3.13/site-packages/wntr/sim/epanet.py", line 115, in run_sim
    enData.ENopen(inpfile, rptfile, outfile)
    ~~~~~~~~~~~~~^^^^^^^^^^^^^^^^^^^^^^^^^^^
  File "/home/cintradu/miniconda3/envs/resilience_env/lib/python3.13/site-packages/wntr/epanet/toolkit.py", line 196, in ENopen
    self._error()
    ~~~~~~~~~~~^^
  File "/home/cintradu/miniconda3/envs/resilience_env/lib/python3.13/site-packages/wntr/epanet/toolkit.py", line 159, in _error
    raise EpanetException(self.errcode)
wntr.epanet.exceptions.EpanetException: (Error 223) not enough nodes in network
2026-05-17 18:40:15,337 [ERROR] (wntr.epanet.toolkit) EPANET error 224 - no tanks or reservoirs in network
2026-05-17 18:40:15,337 [ERROR] (core.simulation) Fatal error in hydraulic simulation
Traceback (most recent call last):
  File "/home/cintradu/IC/ENAU/ENAU-Modelling/src/core/simulation.py", line 25, in run_hydraulic_simulation
    results = sim.run_sim(convergence_error=True)
  File "/home/cintradu/miniconda3/envs/resilience_env/lib/python3.13/site-packages/wntr/sim/epanet.py", line 115, in run_sim
    enData.ENopen(inpfile, rptfile, outfile)
    ~~~~~~~~~~~~~^^^^^^^^^^^^^^^^^^^^^^^^^^^
  File "/home/cintradu/miniconda3/envs/resilience_env/lib/python3.13/site-packages/wntr/epanet/toolkit.py", line 196, in ENopen
    self._error()
    ~~~~~~~~~~~^^
  File "/home/cintradu/miniconda3/envs/resilience_env/lib/python3.13/site-packages/wntr/epanet/toolkit.py", line 159, in _error
    raise EpanetException(self.errcode)
wntr.epanet.exceptions.EpanetException: (Error 224) no tanks or reservoirs in network
2026-05-17 18:40:15,338 [ERROR] (wntr.epanet.toolkit) EPANET error 224 - no tanks or reservoirs in network
2026-05-17 18:40:15,339 [ERROR] (core.simulation) Fatal error in hydraulic simulation
Traceback (most recent call last):
  File "/home/cintradu/IC/ENAU/ENAU-Modelling/src/core/simulation.py", line 25, in run_hydraulic_simulation
    results = sim.run_sim(convergence_error=True)
  File "/home/cintradu/miniconda3/envs/resilience_env/lib/python3.13/site-packages/wntr/sim/epanet.py", line 115, in run_sim
    enData.ENopen(inpfile, rptfile, outfile)
    ~~~~~~~~~~~~~^^^^^^^^^^^^^^^^^^^^^^^^^^^
  File "/home/cintradu/miniconda3/envs/resilience_env/lib/python3.13/site-packages/wntr/epanet/toolkit.py", line 196, in ENopen
    self._error()
    ~~~~~~~~~~~^^
  File "/home/cintradu/miniconda3/envs/resilience_env/lib/python3.13/site-packages/wntr/epanet/toolkit.py", line 159, in _error
    raise EpanetException(self.errcode)
wntr.epanet.exceptions.EpanetException: (Error 224) no tanks or reservoirs in network
2026-05-17 18:40:15,338 [ERROR] (wntr.epanet.toolkit) EPANET error 224 - no tanks or reservoirs in network
2026-05-17 18:40:15,340 [ERROR] (core.simulation) Fatal error in hydraulic simulation
Traceback (most recent call last):
  File "/home/cintradu/IC/ENAU/ENAU-Modelling/src/core/simulation.py", line 25, in run_hydraulic_simulation
    results = sim.run_sim(convergence_error=True)
  File "/home/cintradu/miniconda3/envs/resilience_env/lib/python3.13/site-packages/wntr/sim/epanet.py", line 115, in run_sim
    enData.ENopen(inpfile, rptfile, outfile)
    ~~~~~~~~~~~~~^^^^^^^^^^^^^^^^^^^^^^^^^^^
  File "/home/cintradu/miniconda3/envs/resilience_env/lib/python3.13/site-packages/wntr/epanet/toolkit.py", line 196, in ENopen
    self._error()
    ~~~~~~~~~~~^^
  File "/home/cintradu/miniconda3/envs/resilience_env/lib/python3.13/site-packages/wntr/epanet/toolkit.py", line 159, in _error
    raise EpanetException(self.errcode)
wntr.epanet.exceptions.EpanetException: (Error 224) no tanks or reservoirs in network
2026-05-17 18:40:15,345 [ERROR] (wntr.epanet.toolkit) EPANET error 200 - one or more errors in input file %s
2026-05-17 18:40:15,346 [ERROR] (core.simulation) Fatal error in hydraulic simulation
Traceback (most recent call last):
  File "/home/cintradu/IC/ENAU/ENAU-Modelling/src/core/simulation.py", line 25, in run_hydraulic_simulation
    results = sim.run_sim(convergence_error=True)
  File "/home/cintradu/miniconda3/envs/resilience_env/lib/python3.13/site-packages/wntr/sim/epanet.py", line 115, in run_sim
    enData.ENopen(inpfile, rptfile, outfile)
    ~~~~~~~~~~~~~^^^^^^^^^^^^^^^^^^^^^^^^^^^
  File "/home/cintradu/miniconda3/envs/resilience_env/lib/python3.13/site-packages/wntr/epanet/toolkit.py", line 196, in ENopen
    self._error()
    ~~~~~~~~~~~^^
  File "/home/cintradu/miniconda3/envs/resilience_env/lib/python3.13/site-packages/wntr/epanet/toolkit.py", line 159, in _error
    raise EpanetException(self.errcode)
wntr.epanet.exceptions.EpanetException: (Error 200) one or more errors in input file %s
2026-05-17 18:40:15,351 [ERROR] (wntr.epanet.toolkit) EPANET error 224 - no tanks or reservoirs in network
2026-05-17 18:40:15,352 [ERROR] (wntr.epanet.toolkit) EPANET error 200 - one or more errors in input file %s
2026-05-17 18:40:15,351 [ERROR] (core.simulation) Fatal error in hydraulic simulation
Traceback (most recent call last):
  File "/home/cintradu/IC/ENAU/ENAU-Modelling/src/core/simulation.py", line 25, in run_hydraulic_simulation
    results = sim.run_sim(convergence_error=True)
  File "/home/cintradu/miniconda3/envs/resilience_env/lib/python3.13/site-packages/wntr/sim/epanet.py", line 115, in run_sim
    enData.ENopen(inpfile, rptfile, outfile)
    ~~~~~~~~~~~~~^^^^^^^^^^^^^^^^^^^^^^^^^^^
  File "/home/cintradu/miniconda3/envs/resilience_env/lib/python3.13/site-packages/wntr/epanet/toolkit.py", line 196, in ENopen
    self._error()
    ~~~~~~~~~~~^^
  File "/home/cintradu/miniconda3/envs/resilience_env/lib/python3.13/site-packages/wntr/epanet/toolkit.py", line 159, in _error
    raise EpanetException(self.errcode)
wntr.epanet.exceptions.EpanetException: (Error 224) no tanks or reservoirs in network
2026-05-17 18:40:15,352 [ERROR] (wntr.epanet.toolkit) EPANET error 200 - one or more errors in input file %s
2026-05-17 18:40:15,352 [ERROR] (core.simulation) Fatal error in hydraulic simulation
Traceback (most recent call last):
  File "/home/cintradu/IC/ENAU/ENAU-Modelling/src/core/simulation.py", line 25, in run_hydraulic_simulation
    results = sim.run_sim(convergence_error=True)
  File "/home/cintradu/miniconda3/envs/resilience_env/lib/python3.13/site-packages/wntr/sim/epanet.py", line 115, in run_sim
    enData.ENopen(inpfile, rptfile, outfile)
    ~~~~~~~~~~~~~^^^^^^^^^^^^^^^^^^^^^^^^^^^
  File "/home/cintradu/miniconda3/envs/resilience_env/lib/python3.13/site-packages/wntr/epanet/toolkit.py", line 196, in ENopen
    self._error()
    ~~~~~~~~~~~^^
  File "/home/cintradu/miniconda3/envs/resilience_env/lib/python3.13/site-packages/wntr/epanet/toolkit.py", line 159, in _error
    raise EpanetException(self.errcode)
wntr.epanet.exceptions.EpanetException: (Error 200) one or more errors in input file %s
2026-05-17 18:40:15,353 [ERROR] (core.simulation) Fatal error in hydraulic simulation
Traceback (most recent call last):
  File "/home/cintradu/IC/ENAU/ENAU-Modelling/src/core/simulation.py", line 25, in run_hydraulic_simulation
    results = sim.run_sim(convergence_error=True)
  File "/home/cintradu/miniconda3/envs/resilience_env/lib/python3.13/site-packages/wntr/sim/epanet.py", line 115, in run_sim
    enData.ENopen(inpfile, rptfile, outfile)
    ~~~~~~~~~~~~~^^^^^^^^^^^^^^^^^^^^^^^^^^^
  File "/home/cintradu/miniconda3/envs/resilience_env/lib/python3.13/site-packages/wntr/epanet/toolkit.py", line 196, in ENopen
    self._error()
    ~~~~~~~~~~~^^
  File "/home/cintradu/miniconda3/envs/resilience_env/lib/python3.13/site-packages/wntr/epanet/toolkit.py", line 159, in _error
    raise EpanetException(self.errcode)
wntr.epanet.exceptions.EpanetException: (Error 200) one or more errors in input file %s
2026-05-17 18:40:15,355 [ERROR] (wntr.epanet.toolkit) EPANET error 223 - not enough nodes in network
2026-05-17 18:40:15,356 [ERROR] (wntr.epanet.toolkit) EPANET error 224 - no tanks or reservoirs in network
2026-05-17 18:40:15,355 [ERROR] (core.simulation) Fatal error in hydraulic simulation
Traceback (most recent call last):
  File "/home/cintradu/IC/ENAU/ENAU-Modelling/src/core/simulation.py", line 25, in run_hydraulic_simulation
    results = sim.run_sim(convergence_error=True)
  File "/home/cintradu/miniconda3/envs/resilience_env/lib/python3.13/site-packages/wntr/sim/epanet.py", line 115, in run_sim
    enData.ENopen(inpfile, rptfile, outfile)
    ~~~~~~~~~~~~~^^^^^^^^^^^^^^^^^^^^^^^^^^^
  File "/home/cintradu/miniconda3/envs/resilience_env/lib/python3.13/site-packages/wntr/epanet/toolkit.py", line 196, in ENopen
    self._error()
    ~~~~~~~~~~~^^
  File "/home/cintradu/miniconda3/envs/resilience_env/lib/python3.13/site-packages/wntr/epanet/toolkit.py", line 159, in _error
    raise EpanetException(self.errcode)
wntr.epanet.exceptions.EpanetException: (Error 223) not enough nodes in network
2026-05-17 18:40:15,357 [ERROR] (core.simulation) Fatal error in hydraulic simulation
Traceback (most recent call last):
  File "/home/cintradu/IC/ENAU/ENAU-Modelling/src/core/simulation.py", line 25, in run_hydraulic_simulation
    results = sim.run_sim(convergence_error=True)
  File "/home/cintradu/miniconda3/envs/resilience_env/lib/python3.13/site-packages/wntr/sim/epanet.py", line 115, in run_sim
    enData.ENopen(inpfile, rptfile, outfile)
    ~~~~~~~~~~~~~^^^^^^^^^^^^^^^^^^^^^^^^^^^
  File "/home/cintradu/miniconda3/envs/resilience_env/lib/python3.13/site-packages/wntr/epanet/toolkit.py", line 196, in ENopen
    self._error()
    ~~~~~~~~~~~^^
  File "/home/cintradu/miniconda3/envs/resilience_env/lib/python3.13/site-packages/wntr/epanet/toolkit.py", line 159, in _error
    raise EpanetException(self.errcode)
wntr.epanet.exceptions.EpanetException: (Error 224) no tanks or reservoirs in network
2026-05-17 18:40:15,360 [ERROR] (wntr.epanet.toolkit) EPANET error 200 - one or more errors in input file %s
2026-05-17 18:40:15,360 [ERROR] (core.simulation) Fatal error in hydraulic simulation
Traceback (most recent call last):
  File "/home/cintradu/IC/ENAU/ENAU-Modelling/src/core/simulation.py", line 25, in run_hydraulic_simulation
    results = sim.run_sim(convergence_error=True)
  File "/home/cintradu/miniconda3/envs/resilience_env/lib/python3.13/site-packages/wntr/sim/epanet.py", line 115, in run_sim
    enData.ENopen(inpfile, rptfile, outfile)
    ~~~~~~~~~~~~~^^^^^^^^^^^^^^^^^^^^^^^^^^^
  File "/home/cintradu/miniconda3/envs/resilience_env/lib/python3.13/site-packages/wntr/epanet/toolkit.py", line 196, in ENopen
    self._error()
    ~~~~~~~~~~~^^
  File "/home/cintradu/miniconda3/envs/resilience_env/lib/python3.13/site-packages/wntr/epanet/toolkit.py", line 159, in _error
    raise EpanetException(self.errcode)
wntr.epanet.exceptions.EpanetException: (Error 200) one or more errors in input file %s
2026-05-17 18:40:15,410 [ERROR] (core.simulation) Fatal error in hydraulic simulation
Traceback (most recent call last):
  File "/home/cintradu/IC/ENAU/ENAU-Modelling/src/core/simulation.py", line 25, in run_hydraulic_simulation
    results = sim.run_sim(convergence_error=True)
  File "/home/cintradu/miniconda3/envs/resilience_env/lib/python3.13/site-packages/wntr/sim/epanet.py", line 133, in run_sim
    results = self.reader.read(outfile, convergence_error, self._wn.options.hydraulic.headloss=='D-W')
  File "/home/cintradu/miniconda3/envs/resilience_env/lib/python3.13/site-packages/wntr/epanet/io.py", line 2695, in read
    self.save_energy_line(pidx, linknames[pidx-1], energy)
                                ~~~~~~~~~^^^^^^^^
IndexError: list index out of range
2026-05-17 18:40:15,418 [ERROR] (core.simulation) Fatal error in hydraulic simulation
Traceback (most recent call last):
  File "/home/cintradu/IC/ENAU/ENAU-Modelling/src/core/simulation.py", line 25, in run_hydraulic_simulation
    results = sim.run_sim(convergence_error=True)
  File "/home/cintradu/miniconda3/envs/resilience_env/lib/python3.13/site-packages/wntr/sim/epanet.py", line 133, in run_sim
    results = self.reader.read(outfile, convergence_error, self._wn.options.hydraulic.headloss=='D-W')
  File "/home/cintradu/miniconda3/envs/resilience_env/lib/python3.13/site-packages/wntr/epanet/io.py", line 2695, in read
    self.save_energy_line(pidx, linknames[pidx-1], energy)
                                ~~~~~~~~~^^^^^^^^
IndexError: list index out of range
2026-05-17 18:40:15,420 [ERROR] (core.simulation) Fatal error in hydraulic simulation
Traceback (most recent call last):
  File "/home/cintradu/IC/ENAU/ENAU-Modelling/src/core/simulation.py", line 25, in run_hydraulic_simulation
    results = sim.run_sim(convergence_error=True)
  File "/home/cintradu/miniconda3/envs/resilience_env/lib/python3.13/site-packages/wntr/sim/epanet.py", line 133, in run_sim
    results = self.reader.read(outfile, convergence_error, self._wn.options.hydraulic.headloss=='D-W')
  File "/home/cintradu/miniconda3/envs/resilience_env/lib/python3.13/site-packages/wntr/epanet/io.py", line 2695, in read
    self.save_energy_line(pidx, linknames[pidx-1], energy)
                                ~~~~~~~~~^^^^^^^^
IndexError: list index out of range
2026-05-17 18:40:15,422 [ERROR] (core.simulation) Fatal error in hydraulic simulation
Traceback (most recent call last):
  File "/home/cintradu/IC/ENAU/ENAU-Modelling/src/core/simulation.py", line 25, in run_hydraulic_simulation
    results = sim.run_sim(convergence_error=True)
  File "/home/cintradu/miniconda3/envs/resilience_env/lib/python3.13/site-packages/wntr/sim/epanet.py", line 133, in run_sim
    results = self.reader.read(outfile, convergence_error, self._wn.options.hydraulic.headloss=='D-W')
  File "/home/cintradu/miniconda3/envs/resilience_env/lib/python3.13/site-packages/wntr/epanet/io.py", line 2695, in read
    self.save_energy_line(pidx, linknames[pidx-1], energy)
                                ~~~~~~~~~^^^^^^^^
IndexError: list index out of range
2026-05-17 18:40:15,428 [ERROR] (core.simulation) Fatal error in hydraulic simulation
Traceback (most recent call last):
  File "/home/cintradu/IC/ENAU/ENAU-Modelling/src/core/simulation.py", line 25, in run_hydraulic_simulation
    results = sim.run_sim(convergence_error=True)
  File "/home/cintradu/miniconda3/envs/resilience_env/lib/python3.13/site-packages/wntr/sim/epanet.py", line 133, in run_sim
    results = self.reader.read(outfile, convergence_error, self._wn.options.hydraulic.headloss=='D-W')
  File "/home/cintradu/miniconda3/envs/resilience_env/lib/python3.13/site-packages/wntr/epanet/io.py", line 2695, in read
    self.save_energy_line(pidx, linknames[pidx-1], energy)
                                ~~~~~~~~~^^^^^^^^
IndexError: list index out of range
2026-05-17 18:40:15,432 [ERROR] (wntr.epanet.toolkit) EPANET error 200 - one or more errors in input file %s
2026-05-17 18:40:15,432 [ERROR] (core.simulation) Fatal error in hydraulic simulation
Traceback (most recent call last):
  File "/home/cintradu/IC/ENAU/ENAU-Modelling/src/core/simulation.py", line 25, in run_hydraulic_simulation
    results = sim.run_sim(convergence_error=True)
  File "/home/cintradu/miniconda3/envs/resilience_env/lib/python3.13/site-packages/wntr/sim/epanet.py", line 115, in run_sim
    enData.ENopen(inpfile, rptfile, outfile)
    ~~~~~~~~~~~~~^^^^^^^^^^^^^^^^^^^^^^^^^^^
  File "/home/cintradu/miniconda3/envs/resilience_env/lib/python3.13/site-packages/wntr/epanet/toolkit.py", line 196, in ENopen
    self._error()
    ~~~~~~~~~~~^^
  File "/home/cintradu/miniconda3/envs/resilience_env/lib/python3.13/site-packages/wntr/epanet/toolkit.py", line 159, in _error
    raise EpanetException(self.errcode)
wntr.epanet.exceptions.EpanetException: (Error 200) one or more errors in input file %s
2026-05-17 18:40:15,440 [ERROR] (wntr.epanet.toolkit) EPANET error 200 - one or more errors in input file %s
2026-05-17 18:40:15,440 [ERROR] (core.simulation) Fatal error in hydraulic simulation
Traceback (most recent call last):
  File "/home/cintradu/IC/ENAU/ENAU-Modelling/src/core/simulation.py", line 25, in run_hydraulic_simulation
    results = sim.run_sim(convergence_error=True)
  File "/home/cintradu/miniconda3/envs/resilience_env/lib/python3.13/site-packages/wntr/sim/epanet.py", line 115, in run_sim
    enData.ENopen(inpfile, rptfile, outfile)
    ~~~~~~~~~~~~~^^^^^^^^^^^^^^^^^^^^^^^^^^^
  File "/home/cintradu/miniconda3/envs/resilience_env/lib/python3.13/site-packages/wntr/epanet/toolkit.py", line 196, in ENopen
    self._error()
    ~~~~~~~~~~~^^
  File "/home/cintradu/miniconda3/envs/resilience_env/lib/python3.13/site-packages/wntr/epanet/toolkit.py", line 159, in _error
    raise EpanetException(self.errcode)
wntr.epanet.exceptions.EpanetException: (Error 200) one or more errors in input file %s
2026-05-17 18:40:15,441 [ERROR] (wntr.epanet.toolkit) EPANET error 200 - one or more errors in input file %s
2026-05-17 18:40:15,442 [ERROR] (core.simulation) Fatal error in hydraulic simulation
Traceback (most recent call last):
  File "/home/cintradu/IC/ENAU/ENAU-Modelling/src/core/simulation.py", line 25, in run_hydraulic_simulation
    results = sim.run_sim(convergence_error=True)
  File "/home/cintradu/miniconda3/envs/resilience_env/lib/python3.13/site-packages/wntr/sim/epanet.py", line 115, in run_sim
    enData.ENopen(inpfile, rptfile, outfile)
    ~~~~~~~~~~~~~^^^^^^^^^^^^^^^^^^^^^^^^^^^
  File "/home/cintradu/miniconda3/envs/resilience_env/lib/python3.13/site-packages/wntr/epanet/toolkit.py", line 196, in ENopen
    self._error()
    ~~~~~~~~~~~^^
  File "/home/cintradu/miniconda3/envs/resilience_env/lib/python3.13/site-packages/wntr/epanet/toolkit.py", line 159, in _error
    raise EpanetException(self.errcode)
wntr.epanet.exceptions.EpanetException: (Error 200) one or more errors in input file %s
2026-05-17 18:40:15,446 [ERROR] (wntr.epanet.toolkit) EPANET error 224 - no tanks or reservoirs in network
2026-05-17 18:40:15,448 [ERROR] (wntr.epanet.toolkit) EPANET error 224 - no tanks or reservoirs in network
2026-05-17 18:40:15,449 [ERROR] (core.simulation) Fatal error in hydraulic simulation
Traceback (most recent call last):
  File "/home/cintradu/IC/ENAU/ENAU-Modelling/src/core/simulation.py", line 25, in run_hydraulic_simulation
    results = sim.run_sim(convergence_error=True)
  File "/home/cintradu/miniconda3/envs/resilience_env/lib/python3.13/site-packages/wntr/sim/epanet.py", line 115, in run_sim
    enData.ENopen(inpfile, rptfile, outfile)
    ~~~~~~~~~~~~~^^^^^^^^^^^^^^^^^^^^^^^^^^^
  File "/home/cintradu/miniconda3/envs/resilience_env/lib/python3.13/site-packages/wntr/epanet/toolkit.py", line 196, in ENopen
    self._error()
    ~~~~~~~~~~~^^
  File "/home/cintradu/miniconda3/envs/resilience_env/lib/python3.13/site-packages/wntr/epanet/toolkit.py", line 159, in _error
    raise EpanetException(self.errcode)
wntr.epanet.exceptions.EpanetException: (Error 224) no tanks or reservoirs in network
2026-05-17 18:40:15,448 [ERROR] (core.simulation) Fatal error in hydraulic simulation
Traceback (most recent call last):
  File "/home/cintradu/IC/ENAU/ENAU-Modelling/src/core/simulation.py", line 25, in run_hydraulic_simulation
    results = sim.run_sim(convergence_error=True)
  File "/home/cintradu/miniconda3/envs/resilience_env/lib/python3.13/site-packages/wntr/sim/epanet.py", line 115, in run_sim
    enData.ENopen(inpfile, rptfile, outfile)
    ~~~~~~~~~~~~~^^^^^^^^^^^^^^^^^^^^^^^^^^^
  File "/home/cintradu/miniconda3/envs/resilience_env/lib/python3.13/site-packages/wntr/epanet/toolkit.py", line 196, in ENopen
    self._error()
    ~~~~~~~~~~~^^
  File "/home/cintradu/miniconda3/envs/resilience_env/lib/python3.13/site-packages/wntr/epanet/toolkit.py", line 159, in _error
    raise EpanetException(self.errcode)
wntr.epanet.exceptions.EpanetException: (Error 224) no tanks or reservoirs in network
2026-05-17 18:40:15,454 [ERROR] (wntr.epanet.toolkit) EPANET error 223 - not enough nodes in network
2026-05-17 18:40:15,455 [ERROR] (core.simulation) Fatal error in hydraulic simulation
Traceback (most recent call last):
  File "/home/cintradu/IC/ENAU/ENAU-Modelling/src/core/simulation.py", line 25, in run_hydraulic_simulation
    results = sim.run_sim(convergence_error=True)
  File "/home/cintradu/miniconda3/envs/resilience_env/lib/python3.13/site-packages/wntr/sim/epanet.py", line 115, in run_sim
    enData.ENopen(inpfile, rptfile, outfile)
    ~~~~~~~~~~~~~^^^^^^^^^^^^^^^^^^^^^^^^^^^
  File "/home/cintradu/miniconda3/envs/resilience_env/lib/python3.13/site-packages/wntr/epanet/toolkit.py", line 196, in ENopen
    self._error()
    ~~~~~~~~~~~^^
  File "/home/cintradu/miniconda3/envs/resilience_env/lib/python3.13/site-packages/wntr/epanet/toolkit.py", line 159, in _error
    raise EpanetException(self.errcode)
wntr.epanet.exceptions.EpanetException: (Error 223) not enough nodes in network
2026-05-17 18:40:15,458 [ERROR] (wntr.epanet.toolkit) EPANET error 200 - one or more errors in input file %s
2026-05-17 18:40:15,458 [ERROR] (core.simulation) Fatal error in hydraulic simulation
Traceback (most recent call last):
  File "/home/cintradu/IC/ENAU/ENAU-Modelling/src/core/simulation.py", line 25, in run_hydraulic_simulation
    results = sim.run_sim(convergence_error=True)
  File "/home/cintradu/miniconda3/envs/resilience_env/lib/python3.13/site-packages/wntr/sim/epanet.py", line 115, in run_sim
    enData.ENopen(inpfile, rptfile, outfile)
    ~~~~~~~~~~~~~^^^^^^^^^^^^^^^^^^^^^^^^^^^
  File "/home/cintradu/miniconda3/envs/resilience_env/lib/python3.13/site-packages/wntr/epanet/toolkit.py", line 196, in ENopen
    self._error()
    ~~~~~~~~~~~^^
  File "/home/cintradu/miniconda3/envs/resilience_env/lib/python3.13/site-packages/wntr/epanet/toolkit.py", line 159, in _error
    raise EpanetException(self.errcode)
wntr.epanet.exceptions.EpanetException: (Error 200) one or more errors in input file %s
2026-05-17 18:40:15,459 [ERROR] (wntr.epanet.toolkit) EPANET error 223 - not enough nodes in network
2026-05-17 18:40:15,460 [ERROR] (core.simulation) Fatal error in hydraulic simulation
Traceback (most recent call last):
  File "/home/cintradu/IC/ENAU/ENAU-Modelling/src/core/simulation.py", line 25, in run_hydraulic_simulation
    results = sim.run_sim(convergence_error=True)
  File "/home/cintradu/miniconda3/envs/resilience_env/lib/python3.13/site-packages/wntr/sim/epanet.py", line 115, in run_sim
    enData.ENopen(inpfile, rptfile, outfile)
    ~~~~~~~~~~~~~^^^^^^^^^^^^^^^^^^^^^^^^^^^
  File "/home/cintradu/miniconda3/envs/resilience_env/lib/python3.13/site-packages/wntr/epanet/toolkit.py", line 196, in ENopen
    self._error()
    ~~~~~~~~~~~^^
  File "/home/cintradu/miniconda3/envs/resilience_env/lib/python3.13/site-packages/wntr/epanet/toolkit.py", line 159, in _error
    raise EpanetException(self.errcode)
wntr.epanet.exceptions.EpanetException: (Error 223) not enough nodes in network
2026-05-17 18:40:15,463 [ERROR] (wntr.epanet.toolkit) EPANET error 223 - not enough nodes in network
2026-05-17 18:40:15,463 [ERROR] (core.simulation) Fatal error in hydraulic simulation
Traceback (most recent call last):
  File "/home/cintradu/IC/ENAU/ENAU-Modelling/src/core/simulation.py", line 25, in run_hydraulic_simulation
    results = sim.run_sim(convergence_error=True)
  File "/home/cintradu/miniconda3/envs/resilience_env/lib/python3.13/site-packages/wntr/sim/epanet.py", line 115, in run_sim
    enData.ENopen(inpfile, rptfile, outfile)
    ~~~~~~~~~~~~~^^^^^^^^^^^^^^^^^^^^^^^^^^^
  File "/home/cintradu/miniconda3/envs/resilience_env/lib/python3.13/site-packages/wntr/epanet/toolkit.py", line 196, in ENopen
    self._error()
    ~~~~~~~~~~~^^
  File "/home/cintradu/miniconda3/envs/resilience_env/lib/python3.13/site-packages/wntr/epanet/toolkit.py", line 159, in _error
    raise EpanetException(self.errcode)
wntr.epanet.exceptions.EpanetException: (Error 223) not enough nodes in network
2026-05-17 18:40:15,464 [ERROR] (wntr.epanet.toolkit) EPANET error 223 - not enough nodes in network
2026-05-17 18:40:15,464 [ERROR] (core.simulation) Fatal error in hydraulic simulation
Traceback (most recent call last):
  File "/home/cintradu/IC/ENAU/ENAU-Modelling/src/core/simulation.py", line 25, in run_hydraulic_simulation
    results = sim.run_sim(convergence_error=True)
  File "/home/cintradu/miniconda3/envs/resilience_env/lib/python3.13/site-packages/wntr/sim/epanet.py", line 115, in run_sim
    enData.ENopen(inpfile, rptfile, outfile)
    ~~~~~~~~~~~~~^^^^^^^^^^^^^^^^^^^^^^^^^^^
  File "/home/cintradu/miniconda3/envs/resilience_env/lib/python3.13/site-packages/wntr/epanet/toolkit.py", line 196, in ENopen
    self._error()
    ~~~~~~~~~~~^^
  File "/home/cintradu/miniconda3/envs/resilience_env/lib/python3.13/site-packages/wntr/epanet/toolkit.py", line 159, in _error
    raise EpanetException(self.errcode)
wntr.epanet.exceptions.EpanetException: (Error 223) not enough nodes in network
2026-05-17 18:40:15,470 [ERROR] (wntr.epanet.toolkit) EPANET error 200 - one or more errors in input file %s
2026-05-17 18:40:15,470 [ERROR] (core.simulation) Fatal error in hydraulic simulation
Traceback (most recent call last):
  File "/home/cintradu/IC/ENAU/ENAU-Modelling/src/core/simulation.py", line 25, in run_hydraulic_simulation
    results = sim.run_sim(convergence_error=True)
  File "/home/cintradu/miniconda3/envs/resilience_env/lib/python3.13/site-packages/wntr/sim/epanet.py", line 115, in run_sim
    enData.ENopen(inpfile, rptfile, outfile)
    ~~~~~~~~~~~~~^^^^^^^^^^^^^^^^^^^^^^^^^^^
  File "/home/cintradu/miniconda3/envs/resilience_env/lib/python3.13/site-packages/wntr/epanet/toolkit.py", line 196, in ENopen
    self._error()
    ~~~~~~~~~~~^^
  File "/home/cintradu/miniconda3/envs/resilience_env/lib/python3.13/site-packages/wntr/epanet/toolkit.py", line 159, in _error
    raise EpanetException(self.errcode)
wntr.epanet.exceptions.EpanetException: (Error 200) one or more errors in input file %s
2026-05-17 18:40:15,471 [ERROR] (wntr.epanet.toolkit) EPANET error 200 - one or more errors in input file %s
2026-05-17 18:40:15,471 [ERROR] (core.simulation) Fatal error in hydraulic simulation
Traceback (most recent call last):
  File "/home/cintradu/IC/ENAU/ENAU-Modelling/src/core/simulation.py", line 25, in run_hydraulic_simulation
    results = sim.run_sim(convergence_error=True)
  File "/home/cintradu/miniconda3/envs/resilience_env/lib/python3.13/site-packages/wntr/sim/epanet.py", line 115, in run_sim
    enData.ENopen(inpfile, rptfile, outfile)
    ~~~~~~~~~~~~~^^^^^^^^^^^^^^^^^^^^^^^^^^^
  File "/home/cintradu/miniconda3/envs/resilience_env/lib/python3.13/site-packages/wntr/epanet/toolkit.py", line 196, in ENopen
    self._error()
    ~~~~~~~~~~~^^
  File "/home/cintradu/miniconda3/envs/resilience_env/lib/python3.13/site-packages/wntr/epanet/toolkit.py", line 159, in _error
    raise EpanetException(self.errcode)
wntr.epanet.exceptions.EpanetException: (Error 200) one or more errors in input file %s
2026-05-17 18:40:15,474 [ERROR] (wntr.epanet.toolkit) EPANET error 223 - not enough nodes in network
2026-05-17 18:40:15,474 [ERROR] (core.simulation) Fatal error in hydraulic simulation
Traceback (most recent call last):
  File "/home/cintradu/IC/ENAU/ENAU-Modelling/src/core/simulation.py", line 25, in run_hydraulic_simulation
    results = sim.run_sim(convergence_error=True)
  File "/home/cintradu/miniconda3/envs/resilience_env/lib/python3.13/site-packages/wntr/sim/epanet.py", line 115, in run_sim
    enData.ENopen(inpfile, rptfile, outfile)
    ~~~~~~~~~~~~~^^^^^^^^^^^^^^^^^^^^^^^^^^^
  File "/home/cintradu/miniconda3/envs/resilience_env/lib/python3.13/site-packages/wntr/epanet/toolkit.py", line 196, in ENopen
    self._error()
    ~~~~~~~~~~~^^
  File "/home/cintradu/miniconda3/envs/resilience_env/lib/python3.13/site-packages/wntr/epanet/toolkit.py", line 159, in _error
    raise EpanetException(self.errcode)
wntr.epanet.exceptions.EpanetException: (Error 223) not enough nodes in network
2026-05-17 18:40:15,480 [ERROR] (wntr.epanet.toolkit) EPANET error 200 - one or more errors in input file %s
2026-05-17 18:40:15,480 [ERROR] (core.simulation) Fatal error in hydraulic simulation
Traceback (most recent call last):
  File "/home/cintradu/IC/ENAU/ENAU-Modelling/src/core/simulation.py", line 25, in run_hydraulic_simulation
    results = sim.run_sim(convergence_error=True)
  File "/home/cintradu/miniconda3/envs/resilience_env/lib/python3.13/site-packages/wntr/sim/epanet.py", line 115, in run_sim
    enData.ENopen(inpfile, rptfile, outfile)
    ~~~~~~~~~~~~~^^^^^^^^^^^^^^^^^^^^^^^^^^^
  File "/home/cintradu/miniconda3/envs/resilience_env/lib/python3.13/site-packages/wntr/epanet/toolkit.py", line 196, in ENopen
    self._error()
    ~~~~~~~~~~~^^
  File "/home/cintradu/miniconda3/envs/resilience_env/lib/python3.13/site-packages/wntr/epanet/toolkit.py", line 159, in _error
    raise EpanetException(self.errcode)
wntr.epanet.exceptions.EpanetException: (Error 200) one or more errors in input file %s
2026-05-17 18:40:15,481 [ERROR] (wntr.epanet.toolkit) EPANET error 200 - one or more errors in input file %s
2026-05-17 18:40:15,482 [ERROR] (core.simulation) Fatal error in hydraulic simulation
Traceback (most recent call last):
  File "/home/cintradu/IC/ENAU/ENAU-Modelling/src/core/simulation.py", line 25, in run_hydraulic_simulation
    results = sim.run_sim(convergence_error=True)
  File "/home/cintradu/miniconda3/envs/resilience_env/lib/python3.13/site-packages/wntr/sim/epanet.py", line 115, in run_sim
    enData.ENopen(inpfile, rptfile, outfile)
    ~~~~~~~~~~~~~^^^^^^^^^^^^^^^^^^^^^^^^^^^
  File "/home/cintradu/miniconda3/envs/resilience_env/lib/python3.13/site-packages/wntr/epanet/toolkit.py", line 196, in ENopen
    self._error()
    ~~~~~~~~~~~^^
  File "/home/cintradu/miniconda3/envs/resilience_env/lib/python3.13/site-packages/wntr/epanet/toolkit.py", line 159, in _error
    raise EpanetException(self.errcode)
wntr.epanet.exceptions.EpanetException: (Error 200) one or more errors in input file %s
2026-05-17 18:40:15,484 [ERROR] (wntr.epanet.toolkit) EPANET error 224 - no tanks or reservoirs in network
2026-05-17 18:40:15,484 [ERROR] (core.simulation) Fatal error in hydraulic simulation
Traceback (most recent call last):
  File "/home/cintradu/IC/ENAU/ENAU-Modelling/src/core/simulation.py", line 25, in run_hydraulic_simulation
    results = sim.run_sim(convergence_error=True)
  File "/home/cintradu/miniconda3/envs/resilience_env/lib/python3.13/site-packages/wntr/sim/epanet.py", line 115, in run_sim
    enData.ENopen(inpfile, rptfile, outfile)
    ~~~~~~~~~~~~~^^^^^^^^^^^^^^^^^^^^^^^^^^^
  File "/home/cintradu/miniconda3/envs/resilience_env/lib/python3.13/site-packages/wntr/epanet/toolkit.py", line 196, in ENopen
    self._error()
    ~~~~~~~~~~~^^
  File "/home/cintradu/miniconda3/envs/resilience_env/lib/python3.13/site-packages/wntr/epanet/toolkit.py", line 159, in _error
    raise EpanetException(self.errcode)
wntr.epanet.exceptions.EpanetException: (Error 224) no tanks or reservoirs in network
2026-05-17 18:40:15,486 [ERROR] (wntr.epanet.toolkit) EPANET error 224 - no tanks or reservoirs in network
2026-05-17 18:40:15,486 [ERROR] (core.simulation) Fatal error in hydraulic simulation
Traceback (most recent call last):
  File "/home/cintradu/IC/ENAU/ENAU-Modelling/src/core/simulation.py", line 25, in run_hydraulic_simulation
    results = sim.run_sim(convergence_error=True)
  File "/home/cintradu/miniconda3/envs/resilience_env/lib/python3.13/site-packages/wntr/sim/epanet.py", line 115, in run_sim
    enData.ENopen(inpfile, rptfile, outfile)
    ~~~~~~~~~~~~~^^^^^^^^^^^^^^^^^^^^^^^^^^^
  File "/home/cintradu/miniconda3/envs/resilience_env/lib/python3.13/site-packages/wntr/epanet/toolkit.py", line 196, in ENopen
    self._error()
    ~~~~~~~~~~~^^
  File "/home/cintradu/miniconda3/envs/resilience_env/lib/python3.13/site-packages/wntr/epanet/toolkit.py", line 159, in _error
    raise EpanetException(self.errcode)
wntr.epanet.exceptions.EpanetException: (Error 224) no tanks or reservoirs in network
2026-05-17 18:40:15,487 [ERROR] (wntr.epanet.toolkit) EPANET error 200 - one or more errors in input file %s
2026-05-17 18:40:15,487 [ERROR] (wntr.epanet.toolkit) EPANET error 223 - not enough nodes in network
2026-05-17 18:40:15,487 [ERROR] (core.simulation) Fatal error in hydraulic simulation
Traceback (most recent call last):
  File "/home/cintradu/IC/ENAU/ENAU-Modelling/src/core/simulation.py", line 25, in run_hydraulic_simulation
    results = sim.run_sim(convergence_error=True)
  File "/home/cintradu/miniconda3/envs/resilience_env/lib/python3.13/site-packages/wntr/sim/epanet.py", line 120, in run_sim
    enData.ENsolveH()
    ~~~~~~~~~~~~~~~^^
  File "/home/cintradu/miniconda3/envs/resilience_env/lib/python3.13/site-packages/wntr/epanet/toolkit.py", line 240, in ENsolveH
    self._error()
    ~~~~~~~~~~~^^
  File "/home/cintradu/miniconda3/envs/resilience_env/lib/python3.13/site-packages/wntr/epanet/toolkit.py", line 159, in _error
    raise EpanetException(self.errcode)
wntr.epanet.exceptions.EpanetException: (Error 223) not enough nodes in network
2026-05-17 18:40:15,487 [ERROR] (core.simulation) Fatal error in hydraulic simulation
Traceback (most recent call last):
  File "/home/cintradu/IC/ENAU/ENAU-Modelling/src/core/simulation.py", line 25, in run_hydraulic_simulation
    results = sim.run_sim(convergence_error=True)
  File "/home/cintradu/miniconda3/envs/resilience_env/lib/python3.13/site-packages/wntr/sim/epanet.py", line 115, in run_sim
    enData.ENopen(inpfile, rptfile, outfile)
    ~~~~~~~~~~~~~^^^^^^^^^^^^^^^^^^^^^^^^^^^
  File "/home/cintradu/miniconda3/envs/resilience_env/lib/python3.13/site-packages/wntr/epanet/toolkit.py", line 196, in ENopen
    self._error()
    ~~~~~~~~~~~^^
  File "/home/cintradu/miniconda3/envs/resilience_env/lib/python3.13/site-packages/wntr/epanet/toolkit.py", line 159, in _error
    raise EpanetException(self.errcode)
wntr.epanet.exceptions.EpanetException: (Error 200) one or more errors in input file %s
2026-05-17 18:40:15,495 [ERROR] (wntr.epanet.toolkit) EPANET error 200 - one or more errors in input file %s
2026-05-17 18:40:15,495 [ERROR] (core.simulation) Fatal error in hydraulic simulation
Traceback (most recent call last):
  File "/home/cintradu/IC/ENAU/ENAU-Modelling/src/core/simulation.py", line 25, in run_hydraulic_simulation
    results = sim.run_sim(convergence_error=True)
  File "/home/cintradu/miniconda3/envs/resilience_env/lib/python3.13/site-packages/wntr/sim/epanet.py", line 115, in run_sim
    enData.ENopen(inpfile, rptfile, outfile)
    ~~~~~~~~~~~~~^^^^^^^^^^^^^^^^^^^^^^^^^^^
  File "/home/cintradu/miniconda3/envs/resilience_env/lib/python3.13/site-packages/wntr/epanet/toolkit.py", line 196, in ENopen
    self._error()
    ~~~~~~~~~~~^^
  File "/home/cintradu/miniconda3/envs/resilience_env/lib/python3.13/site-packages/wntr/epanet/toolkit.py", line 159, in _error
    raise EpanetException(self.errcode)
wntr.epanet.exceptions.EpanetException: (Error 200) one or more errors in input file %s
2026-05-17 18:40:15,498 [ERROR] (wntr.epanet.toolkit) EPANET error 224 - no tanks or reservoirs in network
2026-05-17 18:40:15,499 [ERROR] (core.simulation) Fatal error in hydraulic simulation
Traceback (most recent call last):
  File "/home/cintradu/IC/ENAU/ENAU-Modelling/src/core/simulation.py", line 25, in run_hydraulic_simulation
    results = sim.run_sim(convergence_error=True)
  File "/home/cintradu/miniconda3/envs/resilience_env/lib/python3.13/site-packages/wntr/sim/epanet.py", line 115, in run_sim
    enData.ENopen(inpfile, rptfile, outfile)
    ~~~~~~~~~~~~~^^^^^^^^^^^^^^^^^^^^^^^^^^^
  File "/home/cintradu/miniconda3/envs/resilience_env/lib/python3.13/site-packages/wntr/epanet/toolkit.py", line 196, in ENopen
    self._error()
    ~~~~~~~~~~~^^
  File "/home/cintradu/miniconda3/envs/resilience_env/lib/python3.13/site-packages/wntr/epanet/toolkit.py", line 159, in _error
    raise EpanetException(self.errcode)
wntr.epanet.exceptions.EpanetException: (Error 224) no tanks or reservoirs in network
2026-05-17 18:40:15,501 [ERROR] (wntr.epanet.toolkit) EPANET error 200 - one or more errors in input file %s
2026-05-17 18:40:15,502 [ERROR] (core.simulation) Fatal error in hydraulic simulation
Traceback (most recent call last):
  File "/home/cintradu/IC/ENAU/ENAU-Modelling/src/core/simulation.py", line 25, in run_hydraulic_simulation
    results = sim.run_sim(convergence_error=True)
  File "/home/cintradu/miniconda3/envs/resilience_env/lib/python3.13/site-packages/wntr/sim/epanet.py", line 115, in run_sim
    enData.ENopen(inpfile, rptfile, outfile)
    ~~~~~~~~~~~~~^^^^^^^^^^^^^^^^^^^^^^^^^^^
  File "/home/cintradu/miniconda3/envs/resilience_env/lib/python3.13/site-packages/wntr/epanet/toolkit.py", line 196, in ENopen
    self._error()
    ~~~~~~~~~~~^^
  File "/home/cintradu/miniconda3/envs/resilience_env/lib/python3.13/site-packages/wntr/epanet/toolkit.py", line 159, in _error
    raise EpanetException(self.errcode)
wntr.epanet.exceptions.EpanetException: (Error 200) one or more errors in input file %s
2026-05-17 18:40:15,503 [ERROR] (wntr.epanet.toolkit) EPANET error 223 - not enough nodes in network
2026-05-17 18:40:15,503 [ERROR] (wntr.epanet.toolkit) EPANET error 223 - not enough nodes in network
2026-05-17 18:40:15,504 [ERROR] (wntr.epanet.toolkit) EPANET error 223 - not enough nodes in network
2026-05-17 18:40:15,503 [ERROR] (core.simulation) Fatal error in hydraulic simulation
Traceback (most recent call last):
  File "/home/cintradu/IC/ENAU/ENAU-Modelling/src/core/simulation.py", line 25, in run_hydraulic_simulation
    results = sim.run_sim(convergence_error=True)
  File "/home/cintradu/miniconda3/envs/resilience_env/lib/python3.13/site-packages/wntr/sim/epanet.py", line 115, in run_sim
    enData.ENopen(inpfile, rptfile, outfile)
    ~~~~~~~~~~~~~^^^^^^^^^^^^^^^^^^^^^^^^^^^
  File "/home/cintradu/miniconda3/envs/resilience_env/lib/python3.13/site-packages/wntr/epanet/toolkit.py", line 196, in ENopen
    self._error()
    ~~~~~~~~~~~^^
  File "/home/cintradu/miniconda3/envs/resilience_env/lib/python3.13/site-packages/wntr/epanet/toolkit.py", line 159, in _error
    raise EpanetException(self.errcode)
wntr.epanet.exceptions.EpanetException: (Error 223) not enough nodes in network
2026-05-17 18:40:15,504 [ERROR] (core.simulation) Fatal error in hydraulic simulation
Traceback (most recent call last):
  File "/home/cintradu/IC/ENAU/ENAU-Modelling/src/core/simulation.py", line 25, in run_hydraulic_simulation
    results = sim.run_sim(convergence_error=True)
  File "/home/cintradu/miniconda3/envs/resilience_env/lib/python3.13/site-packages/wntr/sim/epanet.py", line 115, in run_sim
    enData.ENopen(inpfile, rptfile, outfile)
    ~~~~~~~~~~~~~^^^^^^^^^^^^^^^^^^^^^^^^^^^
  File "/home/cintradu/miniconda3/envs/resilience_env/lib/python3.13/site-packages/wntr/epanet/toolkit.py", line 196, in ENopen
    self._error()
    ~~~~~~~~~~~^^
  File "/home/cintradu/miniconda3/envs/resilience_env/lib/python3.13/site-packages/wntr/epanet/toolkit.py", line 159, in _error
    raise EpanetException(self.errcode)
wntr.epanet.exceptions.EpanetException: (Error 223) not enough nodes in network
2026-05-17 18:40:15,504 [ERROR] (core.simulation) Fatal error in hydraulic simulation
Traceback (most recent call last):
  File "/home/cintradu/IC/ENAU/ENAU-Modelling/src/core/simulation.py", line 25, in run_hydraulic_simulation
    results = sim.run_sim(convergence_error=True)
  File "/home/cintradu/miniconda3/envs/resilience_env/lib/python3.13/site-packages/wntr/sim/epanet.py", line 115, in run_sim
    enData.ENopen(inpfile, rptfile, outfile)
    ~~~~~~~~~~~~~^^^^^^^^^^^^^^^^^^^^^^^^^^^
  File "/home/cintradu/miniconda3/envs/resilience_env/lib/python3.13/site-packages/wntr/epanet/toolkit.py", line 196, in ENopen
    self._error()
    ~~~~~~~~~~~^^
  File "/home/cintradu/miniconda3/envs/resilience_env/lib/python3.13/site-packages/wntr/epanet/toolkit.py", line 159, in _error
    raise EpanetException(self.errcode)
wntr.epanet.exceptions.EpanetException: (Error 223) not enough nodes in network
2026-05-17 18:40:15,505 [ERROR] (wntr.epanet.toolkit) EPANET error 223 - not enough nodes in network
2026-05-17 18:40:15,505 [ERROR] (core.simulation) Fatal error in hydraulic simulation
Traceback (most recent call last):
  File "/home/cintradu/IC/ENAU/ENAU-Modelling/src/core/simulation.py", line 25, in run_hydraulic_simulation
    results = sim.run_sim(convergence_error=True)
  File "/home/cintradu/miniconda3/envs/resilience_env/lib/python3.13/site-packages/wntr/sim/epanet.py", line 115, in run_sim
    enData.ENopen(inpfile, rptfile, outfile)
    ~~~~~~~~~~~~~^^^^^^^^^^^^^^^^^^^^^^^^^^^
  File "/home/cintradu/miniconda3/envs/resilience_env/lib/python3.13/site-packages/wntr/epanet/toolkit.py", line 196, in ENopen
    self._error()
    ~~~~~~~~~~~^^
  File "/home/cintradu/miniconda3/envs/resilience_env/lib/python3.13/site-packages/wntr/epanet/toolkit.py", line 159, in _error
    raise EpanetException(self.errcode)
wntr.epanet.exceptions.EpanetException: (Error 223) not enough nodes in network
2026-05-17 18:40:15,513 [ERROR] (wntr.epanet.toolkit) EPANET error 200 - one or more errors in input file %s
2026-05-17 18:40:15,513 [ERROR] (core.simulation) Fatal error in hydraulic simulation
Traceback (most recent call last):
  File "/home/cintradu/IC/ENAU/ENAU-Modelling/src/core/simulation.py", line 25, in run_hydraulic_simulation
    results = sim.run_sim(convergence_error=True)
  File "/home/cintradu/miniconda3/envs/resilience_env/lib/python3.13/site-packages/wntr/sim/epanet.py", line 115, in run_sim
    enData.ENopen(inpfile, rptfile, outfile)
    ~~~~~~~~~~~~~^^^^^^^^^^^^^^^^^^^^^^^^^^^
  File "/home/cintradu/miniconda3/envs/resilience_env/lib/python3.13/site-packages/wntr/epanet/toolkit.py", line 196, in ENopen
    self._error()
    ~~~~~~~~~~~^^
  File "/home/cintradu/miniconda3/envs/resilience_env/lib/python3.13/site-packages/wntr/epanet/toolkit.py", line 159, in _error
    raise EpanetException(self.errcode)
wntr.epanet.exceptions.EpanetException: (Error 200) one or more errors in input file %s
2026-05-17 18:40:15,515 [ERROR] (wntr.epanet.toolkit) EPANET error 200 - one or more errors in input file %s
2026-05-17 18:40:15,515 [ERROR] (core.simulation) Fatal error in hydraulic simulation
Traceback (most recent call last):
  File "/home/cintradu/IC/ENAU/ENAU-Modelling/src/core/simulation.py", line 25, in run_hydraulic_simulation
    results = sim.run_sim(convergence_error=True)
  File "/home/cintradu/miniconda3/envs/resilience_env/lib/python3.13/site-packages/wntr/sim/epanet.py", line 115, in run_sim
    enData.ENopen(inpfile, rptfile, outfile)
    ~~~~~~~~~~~~~^^^^^^^^^^^^^^^^^^^^^^^^^^^
  File "/home/cintradu/miniconda3/envs/resilience_env/lib/python3.13/site-packages/wntr/epanet/toolkit.py", line 196, in ENopen
    self._error()
    ~~~~~~~~~~~^^
  File "/home/cintradu/miniconda3/envs/resilience_env/lib/python3.13/site-packages/wntr/epanet/toolkit.py", line 159, in _error
    raise EpanetException(self.errcode)
wntr.epanet.exceptions.EpanetException: (Error 200) one or more errors in input file %s
2026-05-17 18:40:15,518 [ERROR] (wntr.epanet.toolkit) EPANET error 224 - no tanks or reservoirs in network
2026-05-17 18:40:15,518 [ERROR] (wntr.epanet.toolkit) EPANET error 224 - no tanks or reservoirs in network
2026-05-17 18:40:15,519 [ERROR] (wntr.epanet.toolkit) EPANET error 224 - no tanks or reservoirs in network
2026-05-17 18:40:15,518 [ERROR] (core.simulation) Fatal error in hydraulic simulation
Traceback (most recent call last):
  File "/home/cintradu/IC/ENAU/ENAU-Modelling/src/core/simulation.py", line 25, in run_hydraulic_simulation
    results = sim.run_sim(convergence_error=True)
  File "/home/cintradu/miniconda3/envs/resilience_env/lib/python3.13/site-packages/wntr/sim/epanet.py", line 115, in run_sim
    enData.ENopen(inpfile, rptfile, outfile)
    ~~~~~~~~~~~~~^^^^^^^^^^^^^^^^^^^^^^^^^^^
  File "/home/cintradu/miniconda3/envs/resilience_env/lib/python3.13/site-packages/wntr/epanet/toolkit.py", line 196, in ENopen
    self._error()
    ~~~~~~~~~~~^^
  File "/home/cintradu/miniconda3/envs/resilience_env/lib/python3.13/site-packages/wntr/epanet/toolkit.py", line 159, in _error
    raise EpanetException(self.errcode)
wntr.epanet.exceptions.EpanetException: (Error 224) no tanks or reservoirs in network
2026-05-17 18:40:15,518 [ERROR] (core.simulation) Fatal error in hydraulic simulation
Traceback (most recent call last):
  File "/home/cintradu/IC/ENAU/ENAU-Modelling/src/core/simulation.py", line 25, in run_hydraulic_simulation
    results = sim.run_sim(convergence_error=True)
  File "/home/cintradu/miniconda3/envs/resilience_env/lib/python3.13/site-packages/wntr/sim/epanet.py", line 115, in run_sim
    enData.ENopen(inpfile, rptfile, outfile)
    ~~~~~~~~~~~~~^^^^^^^^^^^^^^^^^^^^^^^^^^^
  File "/home/cintradu/miniconda3/envs/resilience_env/lib/python3.13/site-packages/wntr/epanet/toolkit.py", line 196, in ENopen
    self._error()
    ~~~~~~~~~~~^^
  File "/home/cintradu/miniconda3/envs/resilience_env/lib/python3.13/site-packages/wntr/epanet/toolkit.py", line 159, in _error
    raise EpanetException(self.errcode)
wntr.epanet.exceptions.EpanetException: (Error 224) no tanks or reservoirs in network
2026-05-17 18:40:15,519 [ERROR] (core.simulation) Fatal error in hydraulic simulation
Traceback (most recent call last):
  File "/home/cintradu/IC/ENAU/ENAU-Modelling/src/core/simulation.py", line 25, in run_hydraulic_simulation
    results = sim.run_sim(convergence_error=True)
  File "/home/cintradu/miniconda3/envs/resilience_env/lib/python3.13/site-packages/wntr/sim/epanet.py", line 115, in run_sim
    enData.ENopen(inpfile, rptfile, outfile)
    ~~~~~~~~~~~~~^^^^^^^^^^^^^^^^^^^^^^^^^^^
  File "/home/cintradu/miniconda3/envs/resilience_env/lib/python3.13/site-packages/wntr/epanet/toolkit.py", line 196, in ENopen
    self._error()
    ~~~~~~~~~~~^^
  File "/home/cintradu/miniconda3/envs/resilience_env/lib/python3.13/site-packages/wntr/epanet/toolkit.py", line 159, in _error
    raise EpanetException(self.errcode)
wntr.epanet.exceptions.EpanetException: (Error 224) no tanks or reservoirs in network
2026-05-17 18:40:15,523 [ERROR] (wntr.epanet.toolkit) EPANET error 200 - one or more errors in input file %s
2026-05-17 18:40:15,523 [ERROR] (wntr.epanet.toolkit) EPANET error 200 - one or more errors in input file %s
2026-05-17 18:40:15,523 [ERROR] (core.simulation) Fatal error in hydraulic simulation
Traceback (most recent call last):
  File "/home/cintradu/IC/ENAU/ENAU-Modelling/src/core/simulation.py", line 25, in run_hydraulic_simulation
    results = sim.run_sim(convergence_error=True)
  File "/home/cintradu/miniconda3/envs/resilience_env/lib/python3.13/site-packages/wntr/sim/epanet.py", line 115, in run_sim
    enData.ENopen(inpfile, rptfile, outfile)
    ~~~~~~~~~~~~~^^^^^^^^^^^^^^^^^^^^^^^^^^^
  File "/home/cintradu/miniconda3/envs/resilience_env/lib/python3.13/site-packages/wntr/epanet/toolkit.py", line 196, in ENopen
    self._error()
    ~~~~~~~~~~~^^
  File "/home/cintradu/miniconda3/envs/resilience_env/lib/python3.13/site-packages/wntr/epanet/toolkit.py", line 159, in _error
    raise EpanetException(self.errcode)
wntr.epanet.exceptions.EpanetException: (Error 200) one or more errors in input file %s
2026-05-17 18:40:15,524 [ERROR] (core.simulation) Fatal error in hydraulic simulation
Traceback (most recent call last):
  File "/home/cintradu/IC/ENAU/ENAU-Modelling/src/core/simulation.py", line 25, in run_hydraulic_simulation
    results = sim.run_sim(convergence_error=True)
  File "/home/cintradu/miniconda3/envs/resilience_env/lib/python3.13/site-packages/wntr/sim/epanet.py", line 115, in run_sim
    enData.ENopen(inpfile, rptfile, outfile)
    ~~~~~~~~~~~~~^^^^^^^^^^^^^^^^^^^^^^^^^^^
  File "/home/cintradu/miniconda3/envs/resilience_env/lib/python3.13/site-packages/wntr/epanet/toolkit.py", line 196, in ENopen
    self._error()
    ~~~~~~~~~~~^^
  File "/home/cintradu/miniconda3/envs/resilience_env/lib/python3.13/site-packages/wntr/epanet/toolkit.py", line 159, in _error
    raise EpanetException(self.errcode)
wntr.epanet.exceptions.EpanetException: (Error 200) one or more errors in input file %s
2026-05-17 18:40:15,528 [ERROR] (wntr.epanet.toolkit) EPANET error 224 - no tanks or reservoirs in network
2026-05-17 18:40:15,528 [ERROR] (core.simulation) Fatal error in hydraulic simulation
Traceback (most recent call last):
  File "/home/cintradu/IC/ENAU/ENAU-Modelling/src/core/simulation.py", line 25, in run_hydraulic_simulation
    results = sim.run_sim(convergence_error=True)
  File "/home/cintradu/miniconda3/envs/resilience_env/lib/python3.13/site-packages/wntr/sim/epanet.py", line 115, in run_sim
    enData.ENopen(inpfile, rptfile, outfile)
    ~~~~~~~~~~~~~^^^^^^^^^^^^^^^^^^^^^^^^^^^
  File "/home/cintradu/miniconda3/envs/resilience_env/lib/python3.13/site-packages/wntr/epanet/toolkit.py", line 196, in ENopen
    self._error()
    ~~~~~~~~~~~^^
  File "/home/cintradu/miniconda3/envs/resilience_env/lib/python3.13/site-packages/wntr/epanet/toolkit.py", line 159, in _error
    raise EpanetException(self.errcode)
wntr.epanet.exceptions.EpanetException: (Error 224) no tanks or reservoirs in network
2026-05-17 18:40:15,533 [ERROR] (wntr.epanet.toolkit) EPANET error 200 - one or more errors in input file %s
2026-05-17 18:40:15,533 [ERROR] (core.simulation) Fatal error in hydraulic simulation
Traceback (most recent call last):
  File "/home/cintradu/IC/ENAU/ENAU-Modelling/src/core/simulation.py", line 25, in run_hydraulic_simulation
    results = sim.run_sim(convergence_error=True)
  File "/home/cintradu/miniconda3/envs/resilience_env/lib/python3.13/site-packages/wntr/sim/epanet.py", line 115, in run_sim
    enData.ENopen(inpfile, rptfile, outfile)
    ~~~~~~~~~~~~~^^^^^^^^^^^^^^^^^^^^^^^^^^^
  File "/home/cintradu/miniconda3/envs/resilience_env/lib/python3.13/site-packages/wntr/epanet/toolkit.py", line 196, in ENopen
    self._error()
    ~~~~~~~~~~~^^
  File "/home/cintradu/miniconda3/envs/resilience_env/lib/python3.13/site-packages/wntr/epanet/toolkit.py", line 159, in _error
    raise EpanetException(self.errcode)
wntr.epanet.exceptions.EpanetException: (Error 200) one or more errors in input file %s
2026-05-17 18:40:15,535 [ERROR] (wntr.epanet.toolkit) EPANET error 223 - not enough nodes in network
2026-05-17 18:40:15,537 [ERROR] (wntr.epanet.toolkit) EPANET error 224 - no tanks or reservoirs in network
2026-05-17 18:40:15,537 [ERROR] (wntr.epanet.toolkit) EPANET error 200 - one or more errors in input file %s
2026-05-17 18:40:15,537 [ERROR] (wntr.epanet.toolkit) EPANET error 200 - one or more errors in input file %s
2026-05-17 18:40:15,535 [ERROR] (core.simulation) Fatal error in hydraulic simulation
Traceback (most recent call last):
  File "/home/cintradu/IC/ENAU/ENAU-Modelling/src/core/simulation.py", line 25, in run_hydraulic_simulation
    results = sim.run_sim(convergence_error=True)
  File "/home/cintradu/miniconda3/envs/resilience_env/lib/python3.13/site-packages/wntr/sim/epanet.py", line 115, in run_sim
    enData.ENopen(inpfile, rptfile, outfile)
    ~~~~~~~~~~~~~^^^^^^^^^^^^^^^^^^^^^^^^^^^
  File "/home/cintradu/miniconda3/envs/resilience_env/lib/python3.13/site-packages/wntr/epanet/toolkit.py", line 196, in ENopen
    self._error()
    ~~~~~~~~~~~^^
  File "/home/cintradu/miniconda3/envs/resilience_env/lib/python3.13/site-packages/wntr/epanet/toolkit.py", line 159, in _error
    raise EpanetException(self.errcode)
wntr.epanet.exceptions.EpanetException: (Error 223) not enough nodes in network
2026-05-17 18:40:15,537 [ERROR] (core.simulation) Fatal error in hydraulic simulation
Traceback (most recent call last):
  File "/home/cintradu/IC/ENAU/ENAU-Modelling/src/core/simulation.py", line 25, in run_hydraulic_simulation
    results = sim.run_sim(convergence_error=True)
  File "/home/cintradu/miniconda3/envs/resilience_env/lib/python3.13/site-packages/wntr/sim/epanet.py", line 115, in run_sim
    enData.ENopen(inpfile, rptfile, outfile)
    ~~~~~~~~~~~~~^^^^^^^^^^^^^^^^^^^^^^^^^^^
  File "/home/cintradu/miniconda3/envs/resilience_env/lib/python3.13/site-packages/wntr/epanet/toolkit.py", line 196, in ENopen
    self._error()
    ~~~~~~~~~~~^^
  File "/home/cintradu/miniconda3/envs/resilience_env/lib/python3.13/site-packages/wntr/epanet/toolkit.py", line 159, in _error
    raise EpanetException(self.errcode)
wntr.epanet.exceptions.EpanetException: (Error 224) no tanks or reservoirs in network
2026-05-17 18:40:15,537 [ERROR] (core.simulation) Fatal error in hydraulic simulation
Traceback (most recent call last):
  File "/home/cintradu/IC/ENAU/ENAU-Modelling/src/core/simulation.py", line 25, in run_hydraulic_simulation
    results = sim.run_sim(convergence_error=True)
  File "/home/cintradu/miniconda3/envs/resilience_env/lib/python3.13/site-packages/wntr/sim/epanet.py", line 115, in run_sim
    enData.ENopen(inpfile, rptfile, outfile)
    ~~~~~~~~~~~~~^^^^^^^^^^^^^^^^^^^^^^^^^^^
  File "/home/cintradu/miniconda3/envs/resilience_env/lib/python3.13/site-packages/wntr/epanet/toolkit.py", line 196, in ENopen
    self._error()
    ~~~~~~~~~~~^^
  File "/home/cintradu/miniconda3/envs/resilience_env/lib/python3.13/site-packages/wntr/epanet/toolkit.py", line 159, in _error
    raise EpanetException(self.errcode)
wntr.epanet.exceptions.EpanetException: (Error 200) one or more errors in input file %s
2026-05-17 18:40:15,537 [ERROR] (core.simulation) Fatal error in hydraulic simulation
Traceback (most recent call last):
  File "/home/cintradu/IC/ENAU/ENAU-Modelling/src/core/simulation.py", line 25, in run_hydraulic_simulation
    results = sim.run_sim(convergence_error=True)
  File "/home/cintradu/miniconda3/envs/resilience_env/lib/python3.13/site-packages/wntr/sim/epanet.py", line 115, in run_sim
    enData.ENopen(inpfile, rptfile, outfile)
    ~~~~~~~~~~~~~^^^^^^^^^^^^^^^^^^^^^^^^^^^
  File "/home/cintradu/miniconda3/envs/resilience_env/lib/python3.13/site-packages/wntr/epanet/toolkit.py", line 196, in ENopen
    self._error()
    ~~~~~~~~~~~^^
  File "/home/cintradu/miniconda3/envs/resilience_env/lib/python3.13/site-packages/wntr/epanet/toolkit.py", line 159, in _error
    raise EpanetException(self.errcode)
wntr.epanet.exceptions.EpanetException: (Error 200) one or more errors in input file %s
2026-05-17 18:40:15,542 [ERROR] (wntr.epanet.toolkit) EPANET error 200 - one or more errors in input file %s
2026-05-17 18:40:15,542 [ERROR] (core.simulation) Fatal error in hydraulic simulation
Traceback (most recent call last):
  File "/home/cintradu/IC/ENAU/ENAU-Modelling/src/core/simulation.py", line 25, in run_hydraulic_simulation
    results = sim.run_sim(convergence_error=True)
  File "/home/cintradu/miniconda3/envs/resilience_env/lib/python3.13/site-packages/wntr/sim/epanet.py", line 115, in run_sim
    enData.ENopen(inpfile, rptfile, outfile)
    ~~~~~~~~~~~~~^^^^^^^^^^^^^^^^^^^^^^^^^^^
  File "/home/cintradu/miniconda3/envs/resilience_env/lib/python3.13/site-packages/wntr/epanet/toolkit.py", line 196, in ENopen
    self._error()
    ~~~~~~~~~~~^^
  File "/home/cintradu/miniconda3/envs/resilience_env/lib/python3.13/site-packages/wntr/epanet/toolkit.py", line 159, in _error
    raise EpanetException(self.errcode)
wntr.epanet.exceptions.EpanetException: (Error 200) one or more errors in input file %s
2026-05-17 18:40:15,546 [ERROR] (wntr.epanet.toolkit) EPANET error 200 - one or more errors in input file %s
2026-05-17 18:40:15,547 [ERROR] (wntr.epanet.toolkit) EPANET error 200 - one or more errors in input file %s
2026-05-17 18:40:15,546 [ERROR] (core.simulation) Fatal error in hydraulic simulation
Traceback (most recent call last):
  File "/home/cintradu/IC/ENAU/ENAU-Modelling/src/core/simulation.py", line 25, in run_hydraulic_simulation
    results = sim.run_sim(convergence_error=True)
  File "/home/cintradu/miniconda3/envs/resilience_env/lib/python3.13/site-packages/wntr/sim/epanet.py", line 115, in run_sim
    enData.ENopen(inpfile, rptfile, outfile)
    ~~~~~~~~~~~~~^^^^^^^^^^^^^^^^^^^^^^^^^^^
  File "/home/cintradu/miniconda3/envs/resilience_env/lib/python3.13/site-packages/wntr/epanet/toolkit.py", line 196, in ENopen
    self._error()
    ~~~~~~~~~~~^^
  File "/home/cintradu/miniconda3/envs/resilience_env/lib/python3.13/site-packages/wntr/epanet/toolkit.py", line 159, in _error
    raise EpanetException(self.errcode)
wntr.epanet.exceptions.EpanetException: (Error 200) one or more errors in input file %s
2026-05-17 18:40:15,547 [ERROR] (core.simulation) Fatal error in hydraulic simulation
Traceback (most recent call last):
  File "/home/cintradu/IC/ENAU/ENAU-Modelling/src/core/simulation.py", line 25, in run_hydraulic_simulation
    results = sim.run_sim(convergence_error=True)
  File "/home/cintradu/miniconda3/envs/resilience_env/lib/python3.13/site-packages/wntr/sim/epanet.py", line 115, in run_sim
    enData.ENopen(inpfile, rptfile, outfile)
    ~~~~~~~~~~~~~^^^^^^^^^^^^^^^^^^^^^^^^^^^
  File "/home/cintradu/miniconda3/envs/resilience_env/lib/python3.13/site-packages/wntr/epanet/toolkit.py", line 196, in ENopen
    self._error()
    ~~~~~~~~~~~^^
  File "/home/cintradu/miniconda3/envs/resilience_env/lib/python3.13/site-packages/wntr/epanet/toolkit.py", line 159, in _error
    raise EpanetException(self.errcode)
wntr.epanet.exceptions.EpanetException: (Error 200) one or more errors in input file %s
2026-05-17 18:40:15,555 [ERROR] (wntr.epanet.toolkit) EPANET error 200 - one or more errors in input file %s
2026-05-17 18:40:15,556 [ERROR] (wntr.epanet.toolkit) EPANET error 200 - one or more errors in input file %s
2026-05-17 18:40:15,555 [ERROR] (core.simulation) Fatal error in hydraulic simulation
Traceback (most recent call last):
  File "/home/cintradu/IC/ENAU/ENAU-Modelling/src/core/simulation.py", line 25, in run_hydraulic_simulation
    results = sim.run_sim(convergence_error=True)
  File "/home/cintradu/miniconda3/envs/resilience_env/lib/python3.13/site-packages/wntr/sim/epanet.py", line 115, in run_sim
    enData.ENopen(inpfile, rptfile, outfile)
    ~~~~~~~~~~~~~^^^^^^^^^^^^^^^^^^^^^^^^^^^
  File "/home/cintradu/miniconda3/envs/resilience_env/lib/python3.13/site-packages/wntr/epanet/toolkit.py", line 196, in ENopen
    self._error()
    ~~~~~~~~~~~^^
  File "/home/cintradu/miniconda3/envs/resilience_env/lib/python3.13/site-packages/wntr/epanet/toolkit.py", line 159, in _error
    raise EpanetException(self.errcode)
wntr.epanet.exceptions.EpanetException: (Error 200) one or more errors in input file %s
2026-05-17 18:40:15,556 [ERROR] (wntr.epanet.toolkit) EPANET error 200 - one or more errors in input file %s
2026-05-17 18:40:15,556 [ERROR] (core.simulation) Fatal error in hydraulic simulation
Traceback (most recent call last):
  File "/home/cintradu/IC/ENAU/ENAU-Modelling/src/core/simulation.py", line 25, in run_hydraulic_simulation
    results = sim.run_sim(convergence_error=True)
  File "/home/cintradu/miniconda3/envs/resilience_env/lib/python3.13/site-packages/wntr/sim/epanet.py", line 115, in run_sim
    enData.ENopen(inpfile, rptfile, outfile)
    ~~~~~~~~~~~~~^^^^^^^^^^^^^^^^^^^^^^^^^^^
  File "/home/cintradu/miniconda3/envs/resilience_env/lib/python3.13/site-packages/wntr/epanet/toolkit.py", line 196, in ENopen
    self._error()
    ~~~~~~~~~~~^^
  File "/home/cintradu/miniconda3/envs/resilience_env/lib/python3.13/site-packages/wntr/epanet/toolkit.py", line 159, in _error
    raise EpanetException(self.errcode)
wntr.epanet.exceptions.EpanetException: (Error 200) one or more errors in input file %s
2026-05-17 18:40:15,557 [ERROR] (wntr.epanet.toolkit) EPANET error 223 - not enough nodes in network
2026-05-17 18:40:15,557 [ERROR] (core.simulation) Fatal error in hydraulic simulation
Traceback (most recent call last):
  File "/home/cintradu/IC/ENAU/ENAU-Modelling/src/core/simulation.py", line 25, in run_hydraulic_simulation
    results = sim.run_sim(convergence_error=True)
  File "/home/cintradu/miniconda3/envs/resilience_env/lib/python3.13/site-packages/wntr/sim/epanet.py", line 115, in run_sim
    enData.ENopen(inpfile, rptfile, outfile)
    ~~~~~~~~~~~~~^^^^^^^^^^^^^^^^^^^^^^^^^^^
  File "/home/cintradu/miniconda3/envs/resilience_env/lib/python3.13/site-packages/wntr/epanet/toolkit.py", line 196, in ENopen
    self._error()
    ~~~~~~~~~~~^^
  File "/home/cintradu/miniconda3/envs/resilience_env/lib/python3.13/site-packages/wntr/epanet/toolkit.py", line 159, in _error
    raise EpanetException(self.errcode)
wntr.epanet.exceptions.EpanetException: (Error 200) one or more errors in input file %s
2026-05-17 18:40:15,557 [ERROR] (core.simulation) Fatal error in hydraulic simulation
Traceback (most recent call last):
  File "/home/cintradu/IC/ENAU/ENAU-Modelling/src/core/simulation.py", line 25, in run_hydraulic_simulation
    results = sim.run_sim(convergence_error=True)
  File "/home/cintradu/miniconda3/envs/resilience_env/lib/python3.13/site-packages/wntr/sim/epanet.py", line 120, in run_sim
    enData.ENsolveH()
    ~~~~~~~~~~~~~~~^^
  File "/home/cintradu/miniconda3/envs/resilience_env/lib/python3.13/site-packages/wntr/epanet/toolkit.py", line 240, in ENsolveH
    self._error()
    ~~~~~~~~~~~^^
  File "/home/cintradu/miniconda3/envs/resilience_env/lib/python3.13/site-packages/wntr/epanet/toolkit.py", line 159, in _error
    raise EpanetException(self.errcode)
wntr.epanet.exceptions.EpanetException: (Error 223) not enough nodes in network
2026-05-17 18:40:15,560 [ERROR] (wntr.epanet.toolkit) EPANET error 224 - no tanks or reservoirs in network
2026-05-17 18:40:15,560 [ERROR] (core.simulation) Fatal error in hydraulic simulation
Traceback (most recent call last):
  File "/home/cintradu/IC/ENAU/ENAU-Modelling/src/core/simulation.py", line 25, in run_hydraulic_simulation
    results = sim.run_sim(convergence_error=True)
  File "/home/cintradu/miniconda3/envs/resilience_env/lib/python3.13/site-packages/wntr/sim/epanet.py", line 115, in run_sim
    enData.ENopen(inpfile, rptfile, outfile)
    ~~~~~~~~~~~~~^^^^^^^^^^^^^^^^^^^^^^^^^^^
  File "/home/cintradu/miniconda3/envs/resilience_env/lib/python3.13/site-packages/wntr/epanet/toolkit.py", line 196, in ENopen
    self._error()
    ~~~~~~~~~~~^^
  File "/home/cintradu/miniconda3/envs/resilience_env/lib/python3.13/site-packages/wntr/epanet/toolkit.py", line 159, in _error
    raise EpanetException(self.errcode)
wntr.epanet.exceptions.EpanetException: (Error 224) no tanks or reservoirs in network
2026-05-17 18:40:15,564 [ERROR] (wntr.epanet.toolkit) EPANET error 223 - not enough nodes in network
2026-05-17 18:40:15,564 [ERROR] (core.simulation) Fatal error in hydraulic simulation
Traceback (most recent call last):
  File "/home/cintradu/IC/ENAU/ENAU-Modelling/src/core/simulation.py", line 25, in run_hydraulic_simulation
    results = sim.run_sim(convergence_error=True)
  File "/home/cintradu/miniconda3/envs/resilience_env/lib/python3.13/site-packages/wntr/sim/epanet.py", line 115, in run_sim
    enData.ENopen(inpfile, rptfile, outfile)
    ~~~~~~~~~~~~~^^^^^^^^^^^^^^^^^^^^^^^^^^^
  File "/home/cintradu/miniconda3/envs/resilience_env/lib/python3.13/site-packages/wntr/epanet/toolkit.py", line 196, in ENopen
    self._error()
    ~~~~~~~~~~~^^
  File "/home/cintradu/miniconda3/envs/resilience_env/lib/python3.13/site-packages/wntr/epanet/toolkit.py", line 159, in _error
    raise EpanetException(self.errcode)
wntr.epanet.exceptions.EpanetException: (Error 223) not enough nodes in network
2026-05-17 18:40:15,566 [ERROR] (wntr.epanet.toolkit) EPANET error 200 - one or more errors in input file %s
2026-05-17 18:40:15,566 [ERROR] (core.simulation) Fatal error in hydraulic simulation
Traceback (most recent call last):
  File "/home/cintradu/IC/ENAU/ENAU-Modelling/src/core/simulation.py", line 25, in run_hydraulic_simulation
    results = sim.run_sim(convergence_error=True)
  File "/home/cintradu/miniconda3/envs/resilience_env/lib/python3.13/site-packages/wntr/sim/epanet.py", line 115, in run_sim
    enData.ENopen(inpfile, rptfile, outfile)
    ~~~~~~~~~~~~~^^^^^^^^^^^^^^^^^^^^^^^^^^^
  File "/home/cintradu/miniconda3/envs/resilience_env/lib/python3.13/site-packages/wntr/epanet/toolkit.py", line 196, in ENopen
    self._error()
    ~~~~~~~~~~~^^
  File "/home/cintradu/miniconda3/envs/resilience_env/lib/python3.13/site-packages/wntr/epanet/toolkit.py", line 159, in _error
    raise EpanetException(self.errcode)
wntr.epanet.exceptions.EpanetException: (Error 200) one or more errors in input file %s
2026-05-17 18:40:15,574 [ERROR] (wntr.epanet.toolkit) EPANET error 200 - one or more errors in input file %s
2026-05-17 18:40:15,575 [ERROR] (wntr.epanet.toolkit) EPANET error 200 - one or more errors in input file %s
2026-05-17 18:40:15,575 [ERROR] (wntr.epanet.toolkit) EPANET error 200 - one or more errors in input file %s
2026-05-17 18:40:15,575 [ERROR] (core.simulation) Fatal error in hydraulic simulation
Traceback (most recent call last):
  File "/home/cintradu/IC/ENAU/ENAU-Modelling/src/core/simulation.py", line 25, in run_hydraulic_simulation
    results = sim.run_sim(convergence_error=True)
  File "/home/cintradu/miniconda3/envs/resilience_env/lib/python3.13/site-packages/wntr/sim/epanet.py", line 115, in run_sim
    enData.ENopen(inpfile, rptfile, outfile)
    ~~~~~~~~~~~~~^^^^^^^^^^^^^^^^^^^^^^^^^^^
  File "/home/cintradu/miniconda3/envs/resilience_env/lib/python3.13/site-packages/wntr/epanet/toolkit.py", line 196, in ENopen
    self._error()
    ~~~~~~~~~~~^^
  File "/home/cintradu/miniconda3/envs/resilience_env/lib/python3.13/site-packages/wntr/epanet/toolkit.py", line 159, in _error
    raise EpanetException(self.errcode)
wntr.epanet.exceptions.EpanetException: (Error 200) one or more errors in input file %s
2026-05-17 18:40:15,576 [ERROR] (wntr.epanet.toolkit) EPANET error 200 - one or more errors in input file %s
2026-05-17 18:40:15,575 [ERROR] (core.simulation) Fatal error in hydraulic simulation
Traceback (most recent call last):
  File "/home/cintradu/IC/ENAU/ENAU-Modelling/src/core/simulation.py", line 25, in run_hydraulic_simulation
    results = sim.run_sim(convergence_error=True)
  File "/home/cintradu/miniconda3/envs/resilience_env/lib/python3.13/site-packages/wntr/sim/epanet.py", line 115, in run_sim
    enData.ENopen(inpfile, rptfile, outfile)
    ~~~~~~~~~~~~~^^^^^^^^^^^^^^^^^^^^^^^^^^^
  File "/home/cintradu/miniconda3/envs/resilience_env/lib/python3.13/site-packages/wntr/epanet/toolkit.py", line 196, in ENopen
    self._error()
    ~~~~~~~~~~~^^
  File "/home/cintradu/miniconda3/envs/resilience_env/lib/python3.13/site-packages/wntr/epanet/toolkit.py", line 159, in _error
    raise EpanetException(self.errcode)
wntr.epanet.exceptions.EpanetException: (Error 200) one or more errors in input file %s
2026-05-17 18:40:15,575 [ERROR] (core.simulation) Fatal error in hydraulic simulation
Traceback (most recent call last):
  File "/home/cintradu/IC/ENAU/ENAU-Modelling/src/core/simulation.py", line 25, in run_hydraulic_simulation
    results = sim.run_sim(convergence_error=True)
  File "/home/cintradu/miniconda3/envs/resilience_env/lib/python3.13/site-packages/wntr/sim/epanet.py", line 115, in run_sim
    enData.ENopen(inpfile, rptfile, outfile)
    ~~~~~~~~~~~~~^^^^^^^^^^^^^^^^^^^^^^^^^^^
  File "/home/cintradu/miniconda3/envs/resilience_env/lib/python3.13/site-packages/wntr/epanet/toolkit.py", line 196, in ENopen
    self._error()
    ~~~~~~~~~~~^^
  File "/home/cintradu/miniconda3/envs/resilience_env/lib/python3.13/site-packages/wntr/epanet/toolkit.py", line 159, in _error
    raise EpanetException(self.errcode)
wntr.epanet.exceptions.EpanetException: (Error 200) one or more errors in input file %s
2026-05-17 18:40:15,576 [ERROR] (wntr.epanet.toolkit) EPANET error 200 - one or more errors in input file %s
2026-05-17 18:40:15,576 [ERROR] (core.simulation) Fatal error in hydraulic simulation
Traceback (most recent call last):
  File "/home/cintradu/IC/ENAU/ENAU-Modelling/src/core/simulation.py", line 25, in run_hydraulic_simulation
    results = sim.run_sim(convergence_error=True)
  File "/home/cintradu/miniconda3/envs/resilience_env/lib/python3.13/site-packages/wntr/sim/epanet.py", line 115, in run_sim
    enData.ENopen(inpfile, rptfile, outfile)
    ~~~~~~~~~~~~~^^^^^^^^^^^^^^^^^^^^^^^^^^^
  File "/home/cintradu/miniconda3/envs/resilience_env/lib/python3.13/site-packages/wntr/epanet/toolkit.py", line 196, in ENopen
    self._error()
    ~~~~~~~~~~~^^
  File "/home/cintradu/miniconda3/envs/resilience_env/lib/python3.13/site-packages/wntr/epanet/toolkit.py", line 159, in _error
    raise EpanetException(self.errcode)
wntr.epanet.exceptions.EpanetException: (Error 200) one or more errors in input file %s
2026-05-17 18:40:15,576 [ERROR] (core.simulation) Fatal error in hydraulic simulation
Traceback (most recent call last):
  File "/home/cintradu/IC/ENAU/ENAU-Modelling/src/core/simulation.py", line 25, in run_hydraulic_simulation
    results = sim.run_sim(convergence_error=True)
  File "/home/cintradu/miniconda3/envs/resilience_env/lib/python3.13/site-packages/wntr/sim/epanet.py", line 115, in run_sim
    enData.ENopen(inpfile, rptfile, outfile)
    ~~~~~~~~~~~~~^^^^^^^^^^^^^^^^^^^^^^^^^^^
  File "/home/cintradu/miniconda3/envs/resilience_env/lib/python3.13/site-packages/wntr/epanet/toolkit.py", line 196, in ENopen
    self._error()
    ~~~~~~~~~~~^^
  File "/home/cintradu/miniconda3/envs/resilience_env/lib/python3.13/site-packages/wntr/epanet/toolkit.py", line 159, in _error
    raise EpanetException(self.errcode)
wntr.epanet.exceptions.EpanetException: (Error 200) one or more errors in input file %s
2026-05-17 18:40:15,584 [ERROR] (wntr.epanet.toolkit) EPANET error 200 - one or more errors in input file %s
2026-05-17 18:40:15,585 [ERROR] (core.simulation) Fatal error in hydraulic simulation
Traceback (most recent call last):
  File "/home/cintradu/IC/ENAU/ENAU-Modelling/src/core/simulation.py", line 25, in run_hydraulic_simulation
    results = sim.run_sim(convergence_error=True)
  File "/home/cintradu/miniconda3/envs/resilience_env/lib/python3.13/site-packages/wntr/sim/epanet.py", line 115, in run_sim
    enData.ENopen(inpfile, rptfile, outfile)
    ~~~~~~~~~~~~~^^^^^^^^^^^^^^^^^^^^^^^^^^^
  File "/home/cintradu/miniconda3/envs/resilience_env/lib/python3.13/site-packages/wntr/epanet/toolkit.py", line 196, in ENopen
    self._error()
    ~~~~~~~~~~~^^
  File "/home/cintradu/miniconda3/envs/resilience_env/lib/python3.13/site-packages/wntr/epanet/toolkit.py", line 159, in _error
    raise EpanetException(self.errcode)
wntr.epanet.exceptions.EpanetException: (Error 200) one or more errors in input file %s
2026-05-17 18:40:15,586 [ERROR] (wntr.epanet.toolkit) EPANET error 223 - not enough nodes in network
2026-05-17 18:40:15,586 [ERROR] (core.simulation) Fatal error in hydraulic simulation
Traceback (most recent call last):
  File "/home/cintradu/IC/ENAU/ENAU-Modelling/src/core/simulation.py", line 25, in run_hydraulic_simulation
    results = sim.run_sim(convergence_error=True)
  File "/home/cintradu/miniconda3/envs/resilience_env/lib/python3.13/site-packages/wntr/sim/epanet.py", line 115, in run_sim
    enData.ENopen(inpfile, rptfile, outfile)
    ~~~~~~~~~~~~~^^^^^^^^^^^^^^^^^^^^^^^^^^^
  File "/home/cintradu/miniconda3/envs/resilience_env/lib/python3.13/site-packages/wntr/epanet/toolkit.py", line 196, in ENopen
    self._error()
    ~~~~~~~~~~~^^
  File "/home/cintradu/miniconda3/envs/resilience_env/lib/python3.13/site-packages/wntr/epanet/toolkit.py", line 159, in _error
    raise EpanetException(self.errcode)
wntr.epanet.exceptions.EpanetException: (Error 223) not enough nodes in network
2026-05-17 18:40:15,591 [ERROR] (wntr.epanet.toolkit) EPANET error 224 - no tanks or reservoirs in network
2026-05-17 18:40:15,591 [ERROR] (wntr.epanet.toolkit) EPANET error 224 - no tanks or reservoirs in network
2026-05-17 18:40:15,591 [ERROR] (wntr.epanet.toolkit) EPANET error 224 - no tanks or reservoirs in network
2026-05-17 18:40:15,591 [ERROR] (wntr.epanet.toolkit) EPANET error 200 - one or more errors in input file %s
2026-05-17 18:40:15,591 [ERROR] (core.simulation) Fatal error in hydraulic simulation
Traceback (most recent call last):
  File "/home/cintradu/IC/ENAU/ENAU-Modelling/src/core/simulation.py", line 25, in run_hydraulic_simulation
    results = sim.run_sim(convergence_error=True)
  File "/home/cintradu/miniconda3/envs/resilience_env/lib/python3.13/site-packages/wntr/sim/epanet.py", line 115, in run_sim
    enData.ENopen(inpfile, rptfile, outfile)
    ~~~~~~~~~~~~~^^^^^^^^^^^^^^^^^^^^^^^^^^^
  File "/home/cintradu/miniconda3/envs/resilience_env/lib/python3.13/site-packages/wntr/epanet/toolkit.py", line 196, in ENopen
    self._error()
    ~~~~~~~~~~~^^
  File "/home/cintradu/miniconda3/envs/resilience_env/lib/python3.13/site-packages/wntr/epanet/toolkit.py", line 159, in _error
    raise EpanetException(self.errcode)
wntr.epanet.exceptions.EpanetException: (Error 224) no tanks or reservoirs in network
2026-05-17 18:40:15,591 [ERROR] (core.simulation) Fatal error in hydraulic simulation
Traceback (most recent call last):
  File "/home/cintradu/IC/ENAU/ENAU-Modelling/src/core/simulation.py", line 25, in run_hydraulic_simulation
    results = sim.run_sim(convergence_error=True)
  File "/home/cintradu/miniconda3/envs/resilience_env/lib/python3.13/site-packages/wntr/sim/epanet.py", line 115, in run_sim
    enData.ENopen(inpfile, rptfile, outfile)
    ~~~~~~~~~~~~~^^^^^^^^^^^^^^^^^^^^^^^^^^^
  File "/home/cintradu/miniconda3/envs/resilience_env/lib/python3.13/site-packages/wntr/epanet/toolkit.py", line 196, in ENopen
    self._error()
    ~~~~~~~~~~~^^
  File "/home/cintradu/miniconda3/envs/resilience_env/lib/python3.13/site-packages/wntr/epanet/toolkit.py", line 159, in _error
    raise EpanetException(self.errcode)
wntr.epanet.exceptions.EpanetException: (Error 224) no tanks or reservoirs in network
2026-05-17 18:40:15,591 [ERROR] (core.simulation) Fatal error in hydraulic simulation
Traceback (most recent call last):
  File "/home/cintradu/IC/ENAU/ENAU-Modelling/src/core/simulation.py", line 25, in run_hydraulic_simulation
    results = sim.run_sim(convergence_error=True)
  File "/home/cintradu/miniconda3/envs/resilience_env/lib/python3.13/site-packages/wntr/sim/epanet.py", line 115, in run_sim
    enData.ENopen(inpfile, rptfile, outfile)
    ~~~~~~~~~~~~~^^^^^^^^^^^^^^^^^^^^^^^^^^^
  File "/home/cintradu/miniconda3/envs/resilience_env/lib/python3.13/site-packages/wntr/epanet/toolkit.py", line 196, in ENopen
    self._error()
    ~~~~~~~~~~~^^
  File "/home/cintradu/miniconda3/envs/resilience_env/lib/python3.13/site-packages/wntr/epanet/toolkit.py", line 159, in _error
    raise EpanetException(self.errcode)
wntr.epanet.exceptions.EpanetException: (Error 224) no tanks or reservoirs in network
2026-05-17 18:40:15,592 [ERROR] (wntr.epanet.toolkit) EPANET error 224 - no tanks or reservoirs in network
2026-05-17 18:40:15,591 [ERROR] (core.simulation) Fatal error in hydraulic simulation
Traceback (most recent call last):
  File "/home/cintradu/IC/ENAU/ENAU-Modelling/src/core/simulation.py", line 25, in run_hydraulic_simulation
    results = sim.run_sim(convergence_error=True)
  File "/home/cintradu/miniconda3/envs/resilience_env/lib/python3.13/site-packages/wntr/sim/epanet.py", line 115, in run_sim
    enData.ENopen(inpfile, rptfile, outfile)
    ~~~~~~~~~~~~~^^^^^^^^^^^^^^^^^^^^^^^^^^^
  File "/home/cintradu/miniconda3/envs/resilience_env/lib/python3.13/site-packages/wntr/epanet/toolkit.py", line 196, in ENopen
    self._error()
    ~~~~~~~~~~~^^
  File "/home/cintradu/miniconda3/envs/resilience_env/lib/python3.13/site-packages/wntr/epanet/toolkit.py", line 159, in _error
    raise EpanetException(self.errcode)
wntr.epanet.exceptions.EpanetException: (Error 200) one or more errors in input file %s
2026-05-17 18:40:15,592 [ERROR] (core.simulation) Fatal error in hydraulic simulation
Traceback (most recent call last):
  File "/home/cintradu/IC/ENAU/ENAU-Modelling/src/core/simulation.py", line 25, in run_hydraulic_simulation
    results = sim.run_sim(convergence_error=True)
  File "/home/cintradu/miniconda3/envs/resilience_env/lib/python3.13/site-packages/wntr/sim/epanet.py", line 115, in run_sim
    enData.ENopen(inpfile, rptfile, outfile)
    ~~~~~~~~~~~~~^^^^^^^^^^^^^^^^^^^^^^^^^^^
  File "/home/cintradu/miniconda3/envs/resilience_env/lib/python3.13/site-packages/wntr/epanet/toolkit.py", line 196, in ENopen
    self._error()
    ~~~~~~~~~~~^^
  File "/home/cintradu/miniconda3/envs/resilience_env/lib/python3.13/site-packages/wntr/epanet/toolkit.py", line 159, in _error
    raise EpanetException(self.errcode)
wntr.epanet.exceptions.EpanetException: (Error 224) no tanks or reservoirs in network
2026-05-17 18:40:15,650 [ERROR] (core.simulation) Fatal error in hydraulic simulation
Traceback (most recent call last):
  File "/home/cintradu/IC/ENAU/ENAU-Modelling/src/core/simulation.py", line 25, in run_hydraulic_simulation
    results = sim.run_sim(convergence_error=True)
  File "/home/cintradu/miniconda3/envs/resilience_env/lib/python3.13/site-packages/wntr/sim/epanet.py", line 133, in run_sim
    results = self.reader.read(outfile, convergence_error, self._wn.options.hydraulic.headloss=='D-W')
  File "/home/cintradu/miniconda3/envs/resilience_env/lib/python3.13/site-packages/wntr/epanet/io.py", line 2695, in read
    self.save_energy_line(pidx, linknames[pidx-1], energy)
                                ~~~~~~~~~^^^^^^^^
IndexError: list index out of range
2026-05-17 18:40:15,655 [ERROR] (core.simulation) Fatal error in hydraulic simulation
Traceback (most recent call last):
  File "/home/cintradu/IC/ENAU/ENAU-Modelling/src/core/simulation.py", line 25, in run_hydraulic_simulation
    results = sim.run_sim(convergence_error=True)
  File "/home/cintradu/miniconda3/envs/resilience_env/lib/python3.13/site-packages/wntr/sim/epanet.py", line 133, in run_sim
    results = self.reader.read(outfile, convergence_error, self._wn.options.hydraulic.headloss=='D-W')
  File "/home/cintradu/miniconda3/envs/resilience_env/lib/python3.13/site-packages/wntr/epanet/io.py", line 2695, in read
    self.save_energy_line(pidx, linknames[pidx-1], energy)
                                ~~~~~~~~~^^^^^^^^
IndexError: list index out of range
2026-05-17 18:40:15,668 [ERROR] (core.simulation) Fatal error in hydraulic simulation
Traceback (most recent call last):
  File "/home/cintradu/IC/ENAU/ENAU-Modelling/src/core/simulation.py", line 25, in run_hydraulic_simulation
    results = sim.run_sim(convergence_error=True)
  File "/home/cintradu/miniconda3/envs/resilience_env/lib/python3.13/site-packages/wntr/sim/epanet.py", line 133, in run_sim
    results = self.reader.read(outfile, convergence_error, self._wn.options.hydraulic.headloss=='D-W')
  File "/home/cintradu/miniconda3/envs/resilience_env/lib/python3.13/site-packages/wntr/epanet/io.py", line 2695, in read
    self.save_energy_line(pidx, linknames[pidx-1], energy)
                                ~~~~~~~~~^^^^^^^^
IndexError: list index out of range
2026-05-17 18:40:15,671 [ERROR] (wntr.epanet.toolkit) EPANET error 200 - one or more errors in input file %s
2026-05-17 18:40:15,671 [ERROR] (core.simulation) Fatal error in hydraulic simulation
Traceback (most recent call last):
  File "/home/cintradu/IC/ENAU/ENAU-Modelling/src/core/simulation.py", line 25, in run_hydraulic_simulation
    results = sim.run_sim(convergence_error=True)
  File "/home/cintradu/miniconda3/envs/resilience_env/lib/python3.13/site-packages/wntr/sim/epanet.py", line 115, in run_sim
    enData.ENopen(inpfile, rptfile, outfile)
    ~~~~~~~~~~~~~^^^^^^^^^^^^^^^^^^^^^^^^^^^
  File "/home/cintradu/miniconda3/envs/resilience_env/lib/python3.13/site-packages/wntr/epanet/toolkit.py", line 196, in ENopen
    self._error()
    ~~~~~~~~~~~^^
  File "/home/cintradu/miniconda3/envs/resilience_env/lib/python3.13/site-packages/wntr/epanet/toolkit.py", line 159, in _error
    raise EpanetException(self.errcode)
wntr.epanet.exceptions.EpanetException: (Error 200) one or more errors in input file %s
2026-05-17 18:40:15,673 [ERROR] (wntr.epanet.toolkit) EPANET error 224 - no tanks or reservoirs in network
2026-05-17 18:40:15,673 [ERROR] (core.simulation) Fatal error in hydraulic simulation
Traceback (most recent call last):
  File "/home/cintradu/IC/ENAU/ENAU-Modelling/src/core/simulation.py", line 25, in run_hydraulic_simulation
    results = sim.run_sim(convergence_error=True)
  File "/home/cintradu/miniconda3/envs/resilience_env/lib/python3.13/site-packages/wntr/sim/epanet.py", line 115, in run_sim
    enData.ENopen(inpfile, rptfile, outfile)
    ~~~~~~~~~~~~~^^^^^^^^^^^^^^^^^^^^^^^^^^^
  File "/home/cintradu/miniconda3/envs/resilience_env/lib/python3.13/site-packages/wntr/epanet/toolkit.py", line 196, in ENopen
    self._error()
    ~~~~~~~~~~~^^
  File "/home/cintradu/miniconda3/envs/resilience_env/lib/python3.13/site-packages/wntr/epanet/toolkit.py", line 159, in _error
    raise EpanetException(self.errcode)
wntr.epanet.exceptions.EpanetException: (Error 224) no tanks or reservoirs in network
2026-05-17 18:40:15,692 [ERROR] (wntr.epanet.toolkit) EPANET error 200 - one or more errors in input file %s
2026-05-17 18:40:15,692 [ERROR] (core.simulation) Fatal error in hydraulic simulation
Traceback (most recent call last):
  File "/home/cintradu/IC/ENAU/ENAU-Modelling/src/core/simulation.py", line 25, in run_hydraulic_simulation
    results = sim.run_sim(convergence_error=True)
  File "/home/cintradu/miniconda3/envs/resilience_env/lib/python3.13/site-packages/wntr/sim/epanet.py", line 115, in run_sim
    enData.ENopen(inpfile, rptfile, outfile)
    ~~~~~~~~~~~~~^^^^^^^^^^^^^^^^^^^^^^^^^^^
  File "/home/cintradu/miniconda3/envs/resilience_env/lib/python3.13/site-packages/wntr/epanet/toolkit.py", line 196, in ENopen
    self._error()
    ~~~~~~~~~~~^^
  File "/home/cintradu/miniconda3/envs/resilience_env/lib/python3.13/site-packages/wntr/epanet/toolkit.py", line 159, in _error
    raise EpanetException(self.errcode)
wntr.epanet.exceptions.EpanetException: (Error 200) one or more errors in input file %s
2026-05-17 18:40:15,694 [ERROR] (wntr.epanet.toolkit) EPANET error 223 - not enough nodes in network
2026-05-17 18:40:15,694 [ERROR] (core.simulation) Fatal error in hydraulic simulation
Traceback (most recent call last):
  File "/home/cintradu/IC/ENAU/ENAU-Modelling/src/core/simulation.py", line 25, in run_hydraulic_simulation
    results = sim.run_sim(convergence_error=True)
  File "/home/cintradu/miniconda3/envs/resilience_env/lib/python3.13/site-packages/wntr/sim/epanet.py", line 115, in run_sim
    enData.ENopen(inpfile, rptfile, outfile)
    ~~~~~~~~~~~~~^^^^^^^^^^^^^^^^^^^^^^^^^^^
  File "/home/cintradu/miniconda3/envs/resilience_env/lib/python3.13/site-packages/wntr/epanet/toolkit.py", line 196, in ENopen
    self._error()
    ~~~~~~~~~~~^^
  File "/home/cintradu/miniconda3/envs/resilience_env/lib/python3.13/site-packages/wntr/epanet/toolkit.py", line 159, in _error
    raise EpanetException(self.errcode)
wntr.epanet.exceptions.EpanetException: (Error 223) not enough nodes in network
2026-05-17 18:40:15,701 [ERROR] (wntr.epanet.toolkit) EPANET error 200 - one or more errors in input file %s
2026-05-17 18:40:15,701 [ERROR] (core.simulation) Fatal error in hydraulic simulation
Traceback (most recent call last):
  File "/home/cintradu/IC/ENAU/ENAU-Modelling/src/core/simulation.py", line 25, in run_hydraulic_simulation
    results = sim.run_sim(convergence_error=True)
  File "/home/cintradu/miniconda3/envs/resilience_env/lib/python3.13/site-packages/wntr/sim/epanet.py", line 115, in run_sim
    enData.ENopen(inpfile, rptfile, outfile)
    ~~~~~~~~~~~~~^^^^^^^^^^^^^^^^^^^^^^^^^^^
  File "/home/cintradu/miniconda3/envs/resilience_env/lib/python3.13/site-packages/wntr/epanet/toolkit.py", line 196, in ENopen
    self._error()
    ~~~~~~~~~~~^^
  File "/home/cintradu/miniconda3/envs/resilience_env/lib/python3.13/site-packages/wntr/epanet/toolkit.py", line 159, in _error
    raise EpanetException(self.errcode)
wntr.epanet.exceptions.EpanetException: (Error 200) one or more errors in input file %s
2026-05-17 18:40:15,702 [ERROR] (wntr.epanet.toolkit) EPANET error 223 - not enough nodes in network
2026-05-17 18:40:15,703 [ERROR] (core.simulation) Fatal error in hydraulic simulation
Traceback (most recent call last):
  File "/home/cintradu/IC/ENAU/ENAU-Modelling/src/core/simulation.py", line 25, in run_hydraulic_simulation
    results = sim.run_sim(convergence_error=True)
  File "/home/cintradu/miniconda3/envs/resilience_env/lib/python3.13/site-packages/wntr/sim/epanet.py", line 115, in run_sim
    enData.ENopen(inpfile, rptfile, outfile)
    ~~~~~~~~~~~~~^^^^^^^^^^^^^^^^^^^^^^^^^^^
  File "/home/cintradu/miniconda3/envs/resilience_env/lib/python3.13/site-packages/wntr/epanet/toolkit.py", line 196, in ENopen
    self._error()
    ~~~~~~~~~~~^^
  File "/home/cintradu/miniconda3/envs/resilience_env/lib/python3.13/site-packages/wntr/epanet/toolkit.py", line 159, in _error
    raise EpanetException(self.errcode)
wntr.epanet.exceptions.EpanetException: (Error 223) not enough nodes in network
2026-05-17 18:40:15,751 [ERROR] (core.simulation) Fatal error in hydraulic simulation
Traceback (most recent call last):
  File "/home/cintradu/IC/ENAU/ENAU-Modelling/src/core/simulation.py", line 25, in run_hydraulic_simulation
    results = sim.run_sim(convergence_error=True)
  File "/home/cintradu/miniconda3/envs/resilience_env/lib/python3.13/site-packages/wntr/sim/epanet.py", line 133, in run_sim
    results = self.reader.read(outfile, convergence_error, self._wn.options.hydraulic.headloss=='D-W')
  File "/home/cintradu/miniconda3/envs/resilience_env/lib/python3.13/site-packages/wntr/epanet/io.py", line 2693, in read
    pidx = int(np.fromfile(fin,dtype=np.int32, count=1)[0])
               ~~~~~~~~~~~~~~~~~~~~~~~~~~~~~~~~~~~~~~~~^^^
IndexError: index 0 is out of bounds for axis 0 with size 0
2026-05-17 18:40:15,756 [ERROR] (core.simulation) Fatal error in hydraulic simulation
Traceback (most recent call last):
  File "/home/cintradu/IC/ENAU/ENAU-Modelling/src/core/simulation.py", line 25, in run_hydraulic_simulation
    results = sim.run_sim(convergence_error=True)
  File "/home/cintradu/miniconda3/envs/resilience_env/lib/python3.13/site-packages/wntr/sim/epanet.py", line 133, in run_sim
    results = self.reader.read(outfile, convergence_error, self._wn.options.hydraulic.headloss=='D-W')
  File "/home/cintradu/miniconda3/envs/resilience_env/lib/python3.13/site-packages/wntr/epanet/io.py", line 2695, in read
    self.save_energy_line(pidx, linknames[pidx-1], energy)
                                ~~~~~~~~~^^^^^^^^
IndexError: list index out of range
2026-05-17 18:40:15,763 [ERROR] (core.simulation) Fatal error in hydraulic simulation
Traceback (most recent call last):
  File "/home/cintradu/IC/ENAU/ENAU-Modelling/src/core/simulation.py", line 25, in run_hydraulic_simulation
    results = sim.run_sim(convergence_error=True)
  File "/home/cintradu/miniconda3/envs/resilience_env/lib/python3.13/site-packages/wntr/sim/epanet.py", line 133, in run_sim
    results = self.reader.read(outfile, convergence_error, self._wn.options.hydraulic.headloss=='D-W')
  File "/home/cintradu/miniconda3/envs/resilience_env/lib/python3.13/site-packages/wntr/epanet/io.py", line 2695, in read
    self.save_energy_line(pidx, linknames[pidx-1], energy)
                                ~~~~~~~~~^^^^^^^^
IndexError: list index out of range
2026-05-17 18:40:15,768 [ERROR] (wntr.epanet.toolkit) EPANET error 200 - one or more errors in input file %s
2026-05-17 18:40:15,768 [ERROR] (core.simulation) Fatal error in hydraulic simulation
Traceback (most recent call last):
  File "/home/cintradu/IC/ENAU/ENAU-Modelling/src/core/simulation.py", line 25, in run_hydraulic_simulation
    results = sim.run_sim(convergence_error=True)
  File "/home/cintradu/miniconda3/envs/resilience_env/lib/python3.13/site-packages/wntr/sim/epanet.py", line 115, in run_sim
    enData.ENopen(inpfile, rptfile, outfile)
    ~~~~~~~~~~~~~^^^^^^^^^^^^^^^^^^^^^^^^^^^
  File "/home/cintradu/miniconda3/envs/resilience_env/lib/python3.13/site-packages/wntr/epanet/toolkit.py", line 196, in ENopen
    self._error()
    ~~~~~~~~~~~^^
  File "/home/cintradu/miniconda3/envs/resilience_env/lib/python3.13/site-packages/wntr/epanet/toolkit.py", line 159, in _error
    raise EpanetException(self.errcode)
wntr.epanet.exceptions.EpanetException: (Error 200) one or more errors in input file %s
2026-05-17 18:40:15,769 [ERROR] (core.simulation) Fatal error in hydraulic simulation
Traceback (most recent call last):
  File "/home/cintradu/IC/ENAU/ENAU-Modelling/src/core/simulation.py", line 25, in run_hydraulic_simulation
    results = sim.run_sim(convergence_error=True)
  File "/home/cintradu/miniconda3/envs/resilience_env/lib/python3.13/site-packages/wntr/sim/epanet.py", line 133, in run_sim
    results = self.reader.read(outfile, convergence_error, self._wn.options.hydraulic.headloss=='D-W')
  File "/home/cintradu/miniconda3/envs/resilience_env/lib/python3.13/site-packages/wntr/epanet/io.py", line 2695, in read
    self.save_energy_line(pidx, linknames[pidx-1], energy)
                                ~~~~~~~~~^^^^^^^^
IndexError: list index out of range
2026-05-17 18:40:15,803 [ERROR] (wntr.epanet.io) Simulation did not converge at time 24:00:00.
2026-05-17 18:40:15,804 [ERROR] (core.simulation) Fatal error in hydraulic simulation
Traceback (most recent call last):
  File "/home/cintradu/IC/ENAU/ENAU-Modelling/src/core/simulation.py", line 25, in run_hydraulic_simulation
    results = sim.run_sim(convergence_error=True)
  File "/home/cintradu/miniconda3/envs/resilience_env/lib/python3.13/site-packages/wntr/sim/epanet.py", line 133, in run_sim
    results = self.reader.read(outfile, convergence_error, self._wn.options.hydraulic.headloss=='D-W')
  File "/home/cintradu/miniconda3/envs/resilience_env/lib/python3.13/site-packages/wntr/epanet/io.py", line 2771, in read
    raise RuntimeError('Simulation did not converge at time ' + self._get_time(t) + '.')
RuntimeError: Simulation did not converge at time 24:00:00.
2026-05-17 18:40:15,806 [ERROR] (wntr.epanet.io) Simulation did not converge at time 19:00:00.
2026-05-17 18:40:15,807 [ERROR] (core.simulation) Fatal error in hydraulic simulation
Traceback (most recent call last):
  File "/home/cintradu/IC/ENAU/ENAU-Modelling/src/core/simulation.py", line 25, in run_hydraulic_simulation
    results = sim.run_sim(convergence_error=True)
  File "/home/cintradu/miniconda3/envs/resilience_env/lib/python3.13/site-packages/wntr/sim/epanet.py", line 133, in run_sim
    results = self.reader.read(outfile, convergence_error, self._wn.options.hydraulic.headloss=='D-W')
  File "/home/cintradu/miniconda3/envs/resilience_env/lib/python3.13/site-packages/wntr/epanet/io.py", line 2771, in read
    raise RuntimeError('Simulation did not converge at time ' + self._get_time(t) + '.')
RuntimeError: Simulation did not converge at time 19:00:00.
2026-05-17 18:40:15,832 [ERROR] (core.simulation) Fatal error in hydraulic simulation
Traceback (most recent call last):
  File "/home/cintradu/IC/ENAU/ENAU-Modelling/src/core/simulation.py", line 25, in run_hydraulic_simulation
    results = sim.run_sim(convergence_error=True)
  File "/home/cintradu/miniconda3/envs/resilience_env/lib/python3.13/site-packages/wntr/sim/epanet.py", line 133, in run_sim
    results = self.reader.read(outfile, convergence_error, self._wn.options.hydraulic.headloss=='D-W')
  File "/home/cintradu/miniconda3/envs/resilience_env/lib/python3.13/site-packages/wntr/epanet/io.py", line 2695, in read
    self.save_energy_line(pidx, linknames[pidx-1], energy)
                                ~~~~~~~~~^^^^^^^^
IndexError: list index out of range
2026-05-17 18:40:15,835 [ERROR] (core.simulation) Fatal error in hydraulic simulation
Traceback (most recent call last):
  File "/home/cintradu/IC/ENAU/ENAU-Modelling/src/core/simulation.py", line 25, in run_hydraulic_simulation
    results = sim.run_sim(convergence_error=True)
  File "/home/cintradu/miniconda3/envs/resilience_env/lib/python3.13/site-packages/wntr/sim/epanet.py", line 133, in run_sim
    results = self.reader.read(outfile, convergence_error, self._wn.options.hydraulic.headloss=='D-W')
  File "/home/cintradu/miniconda3/envs/resilience_env/lib/python3.13/site-packages/wntr/epanet/io.py", line 2695, in read
    self.save_energy_line(pidx, linknames[pidx-1], energy)
                                ~~~~~~~~~^^^^^^^^
IndexError: list index out of range
2026-05-17 18:40:15,835 [ERROR] (core.simulation) Fatal error in hydraulic simulation
Traceback (most recent call last):
  File "/home/cintradu/IC/ENAU/ENAU-Modelling/src/core/simulation.py", line 25, in run_hydraulic_simulation
    results = sim.run_sim(convergence_error=True)
  File "/home/cintradu/miniconda3/envs/resilience_env/lib/python3.13/site-packages/wntr/sim/epanet.py", line 133, in run_sim
    results = self.reader.read(outfile, convergence_error, self._wn.options.hydraulic.headloss=='D-W')
  File "/home/cintradu/miniconda3/envs/resilience_env/lib/python3.13/site-packages/wntr/epanet/io.py", line 2695, in read
    self.save_energy_line(pidx, linknames[pidx-1], energy)
                                ~~~~~~~~~^^^^^^^^
IndexError: list index out of range
2026-05-17 18:40:15,853 [ERROR] (core.simulation) Fatal error in hydraulic simulation
Traceback (most recent call last):
  File "/home/cintradu/IC/ENAU/ENAU-Modelling/src/core/simulation.py", line 25, in run_hydraulic_simulation
    results = sim.run_sim(convergence_error=True)
  File "/home/cintradu/miniconda3/envs/resilience_env/lib/python3.13/site-packages/wntr/sim/epanet.py", line 133, in run_sim
    results = self.reader.read(outfile, convergence_error, self._wn.options.hydraulic.headloss=='D-W')
  File "/home/cintradu/miniconda3/envs/resilience_env/lib/python3.13/site-packages/wntr/epanet/io.py", line 2695, in read
    self.save_energy_line(pidx, linknames[pidx-1], energy)
                                ~~~~~~~~~^^^^^^^^
IndexError: list index out of range
2026-05-17 18:40:15,854 [ERROR] (core.simulation) Fatal error in hydraulic simulation
Traceback (most recent call last):
  File "/home/cintradu/IC/ENAU/ENAU-Modelling/src/core/simulation.py", line 25, in run_hydraulic_simulation
    results = sim.run_sim(convergence_error=True)
  File "/home/cintradu/miniconda3/envs/resilience_env/lib/python3.13/site-packages/wntr/sim/epanet.py", line 133, in run_sim
    results = self.reader.read(outfile, convergence_error, self._wn.options.hydraulic.headloss=='D-W')
  File "/home/cintradu/miniconda3/envs/resilience_env/lib/python3.13/site-packages/wntr/epanet/io.py", line 2695, in read
    self.save_energy_line(pidx, linknames[pidx-1], energy)
                                ~~~~~~~~~^^^^^^^^
IndexError: list index out of range
2026-05-17 18:40:15,856 [ERROR] (wntr.epanet.toolkit) EPANET error 200 - one or more errors in input file %s
2026-05-17 18:40:15,856 [ERROR] (wntr.epanet.toolkit) EPANET error 223 - not enough nodes in network
2026-05-17 18:40:15,856 [ERROR] (core.simulation) Fatal error in hydraulic simulation
Traceback (most recent call last):
  File "/home/cintradu/IC/ENAU/ENAU-Modelling/src/core/simulation.py", line 25, in run_hydraulic_simulation
    results = sim.run_sim(convergence_error=True)
  File "/home/cintradu/miniconda3/envs/resilience_env/lib/python3.13/site-packages/wntr/sim/epanet.py", line 115, in run_sim
    enData.ENopen(inpfile, rptfile, outfile)
    ~~~~~~~~~~~~~^^^^^^^^^^^^^^^^^^^^^^^^^^^
  File "/home/cintradu/miniconda3/envs/resilience_env/lib/python3.13/site-packages/wntr/epanet/toolkit.py", line 196, in ENopen
    self._error()
    ~~~~~~~~~~~^^
  File "/home/cintradu/miniconda3/envs/resilience_env/lib/python3.13/site-packages/wntr/epanet/toolkit.py", line 159, in _error
    raise EpanetException(self.errcode)
wntr.epanet.exceptions.EpanetException: (Error 200) one or more errors in input file %s
2026-05-17 18:40:15,857 [ERROR] (core.simulation) Fatal error in hydraulic simulation
Traceback (most recent call last):
  File "/home/cintradu/IC/ENAU/ENAU-Modelling/src/core/simulation.py", line 25, in run_hydraulic_simulation
    results = sim.run_sim(convergence_error=True)
  File "/home/cintradu/miniconda3/envs/resilience_env/lib/python3.13/site-packages/wntr/sim/epanet.py", line 120, in run_sim
    enData.ENsolveH()
    ~~~~~~~~~~~~~~~^^
  File "/home/cintradu/miniconda3/envs/resilience_env/lib/python3.13/site-packages/wntr/epanet/toolkit.py", line 240, in ENsolveH
    self._error()
    ~~~~~~~~~~~^^
  File "/home/cintradu/miniconda3/envs/resilience_env/lib/python3.13/site-packages/wntr/epanet/toolkit.py", line 159, in _error
    raise EpanetException(self.errcode)
wntr.epanet.exceptions.EpanetException: (Error 223) not enough nodes in network
2026-05-17 18:40:15,870 [ERROR] (wntr.epanet.toolkit) EPANET error 200 - one or more errors in input file %s
2026-05-17 18:40:15,870 [ERROR] (core.simulation) Fatal error in hydraulic simulation
Traceback (most recent call last):
  File "/home/cintradu/IC/ENAU/ENAU-Modelling/src/core/simulation.py", line 25, in run_hydraulic_simulation
    results = sim.run_sim(convergence_error=True)
  File "/home/cintradu/miniconda3/envs/resilience_env/lib/python3.13/site-packages/wntr/sim/epanet.py", line 115, in run_sim
    enData.ENopen(inpfile, rptfile, outfile)
    ~~~~~~~~~~~~~^^^^^^^^^^^^^^^^^^^^^^^^^^^
  File "/home/cintradu/miniconda3/envs/resilience_env/lib/python3.13/site-packages/wntr/epanet/toolkit.py", line 196, in ENopen
    self._error()
    ~~~~~~~~~~~^^
  File "/home/cintradu/miniconda3/envs/resilience_env/lib/python3.13/site-packages/wntr/epanet/toolkit.py", line 159, in _error
    raise EpanetException(self.errcode)
wntr.epanet.exceptions.EpanetException: (Error 200) one or more errors in input file %s
2026-05-17 18:40:15,875 [ERROR] (wntr.epanet.toolkit) EPANET error 200 - one or more errors in input file %s
2026-05-17 18:40:15,876 [ERROR] (wntr.epanet.toolkit) EPANET error 223 - not enough nodes in network
2026-05-17 18:40:15,876 [ERROR] (core.simulation) Fatal error in hydraulic simulation
Traceback (most recent call last):
  File "/home/cintradu/IC/ENAU/ENAU-Modelling/src/core/simulation.py", line 25, in run_hydraulic_simulation
    results = sim.run_sim(convergence_error=True)
  File "/home/cintradu/miniconda3/envs/resilience_env/lib/python3.13/site-packages/wntr/sim/epanet.py", line 115, in run_sim
    enData.ENopen(inpfile, rptfile, outfile)
    ~~~~~~~~~~~~~^^^^^^^^^^^^^^^^^^^^^^^^^^^
  File "/home/cintradu/miniconda3/envs/resilience_env/lib/python3.13/site-packages/wntr/epanet/toolkit.py", line 196, in ENopen
    self._error()
    ~~~~~~~~~~~^^
  File "/home/cintradu/miniconda3/envs/resilience_env/lib/python3.13/site-packages/wntr/epanet/toolkit.py", line 159, in _error
    raise EpanetException(self.errcode)
wntr.epanet.exceptions.EpanetException: (Error 200) one or more errors in input file %s
2026-05-17 18:40:15,876 [ERROR] (core.simulation) Fatal error in hydraulic simulation
Traceback (most recent call last):
  File "/home/cintradu/IC/ENAU/ENAU-Modelling/src/core/simulation.py", line 25, in run_hydraulic_simulation
    results = sim.run_sim(convergence_error=True)
  File "/home/cintradu/miniconda3/envs/resilience_env/lib/python3.13/site-packages/wntr/sim/epanet.py", line 115, in run_sim
    enData.ENopen(inpfile, rptfile, outfile)
    ~~~~~~~~~~~~~^^^^^^^^^^^^^^^^^^^^^^^^^^^
  File "/home/cintradu/miniconda3/envs/resilience_env/lib/python3.13/site-packages/wntr/epanet/toolkit.py", line 196, in ENopen
    self._error()
    ~~~~~~~~~~~^^
  File "/home/cintradu/miniconda3/envs/resilience_env/lib/python3.13/site-packages/wntr/epanet/toolkit.py", line 159, in _error
    raise EpanetException(self.errcode)
wntr.epanet.exceptions.EpanetException: (Error 223) not enough nodes in network
2026-05-17 18:40:15,885 [ERROR] (core.simulation) Fatal error in hydraulic simulation
Traceback (most recent call last):
  File "/home/cintradu/IC/ENAU/ENAU-Modelling/src/core/simulation.py", line 25, in run_hydraulic_simulation
    results = sim.run_sim(convergence_error=True)
  File "/home/cintradu/miniconda3/envs/resilience_env/lib/python3.13/site-packages/wntr/sim/epanet.py", line 133, in run_sim
    results = self.reader.read(outfile, convergence_error, self._wn.options.hydraulic.headloss=='D-W')
  File "/home/cintradu/miniconda3/envs/resilience_env/lib/python3.13/site-packages/wntr/epanet/io.py", line 2857, in read
    if magic1 != magic2:
       ^^^^^^^^^^^^^^^^
ValueError: The truth value of an empty array is ambiguous. Use `array.size > 0` to check that an array is not empty.
2026-05-17 18:40:15,887 [ERROR] (wntr.epanet.toolkit) EPANET error 200 - one or more errors in input file %s
2026-05-17 18:40:15,885 [ERROR] (core.simulation) Fatal error in hydraulic simulation
Traceback (most recent call last):
  File "/home/cintradu/IC/ENAU/ENAU-Modelling/src/core/simulation.py", line 25, in run_hydraulic_simulation
    results = sim.run_sim(convergence_error=True)
  File "/home/cintradu/miniconda3/envs/resilience_env/lib/python3.13/site-packages/wntr/sim/epanet.py", line 133, in run_sim
    results = self.reader.read(outfile, convergence_error, self._wn.options.hydraulic.headloss=='D-W')
  File "/home/cintradu/miniconda3/envs/resilience_env/lib/python3.13/site-packages/wntr/epanet/io.py", line 2857, in read
    if magic1 != magic2:
       ^^^^^^^^^^^^^^^^
ValueError: The truth value of an empty array is ambiguous. Use `array.size > 0` to check that an array is not empty.
2026-05-17 18:40:15,887 [ERROR] (core.simulation) Fatal error in hydraulic simulation
Traceback (most recent call last):
  File "/home/cintradu/IC/ENAU/ENAU-Modelling/src/core/simulation.py", line 25, in run_hydraulic_simulation
    results = sim.run_sim(convergence_error=True)
  File "/home/cintradu/miniconda3/envs/resilience_env/lib/python3.13/site-packages/wntr/sim/epanet.py", line 115, in run_sim
    enData.ENopen(inpfile, rptfile, outfile)
    ~~~~~~~~~~~~~^^^^^^^^^^^^^^^^^^^^^^^^^^^
  File "/home/cintradu/miniconda3/envs/resilience_env/lib/python3.13/site-packages/wntr/epanet/toolkit.py", line 196, in ENopen
    self._error()
    ~~~~~~~~~~~^^
  File "/home/cintradu/miniconda3/envs/resilience_env/lib/python3.13/site-packages/wntr/epanet/toolkit.py", line 159, in _error
    raise EpanetException(self.errcode)
wntr.epanet.exceptions.EpanetException: (Error 200) one or more errors in input file %s
2026-05-17 18:40:15,891 [ERROR] (wntr.epanet.toolkit) EPANET error 223 - not enough nodes in network
2026-05-17 18:40:15,891 [ERROR] (core.simulation) Fatal error in hydraulic simulation
Traceback (most recent call last):
  File "/home/cintradu/IC/ENAU/ENAU-Modelling/src/core/simulation.py", line 25, in run_hydraulic_simulation
    results = sim.run_sim(convergence_error=True)
  File "/home/cintradu/miniconda3/envs/resilience_env/lib/python3.13/site-packages/wntr/sim/epanet.py", line 115, in run_sim
    enData.ENopen(inpfile, rptfile, outfile)
    ~~~~~~~~~~~~~^^^^^^^^^^^^^^^^^^^^^^^^^^^
  File "/home/cintradu/miniconda3/envs/resilience_env/lib/python3.13/site-packages/wntr/epanet/toolkit.py", line 196, in ENopen
    self._error()
    ~~~~~~~~~~~^^
  File "/home/cintradu/miniconda3/envs/resilience_env/lib/python3.13/site-packages/wntr/epanet/toolkit.py", line 159, in _error
    raise EpanetException(self.errcode)
wntr.epanet.exceptions.EpanetException: (Error 223) not enough nodes in network
2026-05-17 18:40:15,925 [ERROR] (wntr.epanet.io) Simulation did not converge at time 20:00:00.
2026-05-17 18:40:15,925 [ERROR] (core.simulation) Fatal error in hydraulic simulation
Traceback (most recent call last):
  File "/home/cintradu/IC/ENAU/ENAU-Modelling/src/core/simulation.py", line 25, in run_hydraulic_simulation
    results = sim.run_sim(convergence_error=True)
  File "/home/cintradu/miniconda3/envs/resilience_env/lib/python3.13/site-packages/wntr/sim/epanet.py", line 133, in run_sim
    results = self.reader.read(outfile, convergence_error, self._wn.options.hydraulic.headloss=='D-W')
  File "/home/cintradu/miniconda3/envs/resilience_env/lib/python3.13/site-packages/wntr/epanet/io.py", line 2771, in read
    raise RuntimeError('Simulation did not converge at time ' + self._get_time(t) + '.')
RuntimeError: Simulation did not converge at time 20:00:00.
2026-05-17 18:40:15,949 [ERROR] (core.simulation) Fatal error in hydraulic simulation
Traceback (most recent call last):
  File "/home/cintradu/IC/ENAU/ENAU-Modelling/src/core/simulation.py", line 25, in run_hydraulic_simulation
    results = sim.run_sim(convergence_error=True)
  File "/home/cintradu/miniconda3/envs/resilience_env/lib/python3.13/site-packages/wntr/sim/epanet.py", line 133, in run_sim
    results = self.reader.read(outfile, convergence_error, self._wn.options.hydraulic.headloss=='D-W')
  File "/home/cintradu/miniconda3/envs/resilience_env/lib/python3.13/site-packages/wntr/epanet/io.py", line 2695, in read
    self.save_energy_line(pidx, linknames[pidx-1], energy)
                                ~~~~~~~~~^^^^^^^^
IndexError: list index out of range
2026-05-17 18:40:15,952 [ERROR] (wntr.epanet.toolkit) EPANET error 223 - not enough nodes in network
2026-05-17 18:40:15,951 [ERROR] (core.simulation) Fatal error in hydraulic simulation
Traceback (most recent call last):
  File "/home/cintradu/IC/ENAU/ENAU-Modelling/src/core/simulation.py", line 25, in run_hydraulic_simulation
    results = sim.run_sim(convergence_error=True)
  File "/home/cintradu/miniconda3/envs/resilience_env/lib/python3.13/site-packages/wntr/sim/epanet.py", line 133, in run_sim
    results = self.reader.read(outfile, convergence_error, self._wn.options.hydraulic.headloss=='D-W')
  File "/home/cintradu/miniconda3/envs/resilience_env/lib/python3.13/site-packages/wntr/epanet/io.py", line 2695, in read
    self.save_energy_line(pidx, linknames[pidx-1], energy)
                                ~~~~~~~~~^^^^^^^^
IndexError: list index out of range
2026-05-17 18:40:15,952 [ERROR] (core.simulation) Fatal error in hydraulic simulation
Traceback (most recent call last):
  File "/home/cintradu/IC/ENAU/ENAU-Modelling/src/core/simulation.py", line 25, in run_hydraulic_simulation
    results = sim.run_sim(convergence_error=True)
  File "/home/cintradu/miniconda3/envs/resilience_env/lib/python3.13/site-packages/wntr/sim/epanet.py", line 120, in run_sim
    enData.ENsolveH()
    ~~~~~~~~~~~~~~~^^
  File "/home/cintradu/miniconda3/envs/resilience_env/lib/python3.13/site-packages/wntr/epanet/toolkit.py", line 240, in ENsolveH
    self._error()
    ~~~~~~~~~~~^^
  File "/home/cintradu/miniconda3/envs/resilience_env/lib/python3.13/site-packages/wntr/epanet/toolkit.py", line 159, in _error
    raise EpanetException(self.errcode)
wntr.epanet.exceptions.EpanetException: (Error 223) not enough nodes in network
2026-05-17 18:40:15,955 [ERROR] (core.simulation) Fatal error in hydraulic simulation
Traceback (most recent call last):
  File "/home/cintradu/IC/ENAU/ENAU-Modelling/src/core/simulation.py", line 25, in run_hydraulic_simulation
    results = sim.run_sim(convergence_error=True)
  File "/home/cintradu/miniconda3/envs/resilience_env/lib/python3.13/site-packages/wntr/sim/epanet.py", line 133, in run_sim
    results = self.reader.read(outfile, convergence_error, self._wn.options.hydraulic.headloss=='D-W')
  File "/home/cintradu/miniconda3/envs/resilience_env/lib/python3.13/site-packages/wntr/epanet/io.py", line 2695, in read
    self.save_energy_line(pidx, linknames[pidx-1], energy)
                                ~~~~~~~~~^^^^^^^^
IndexError: list index out of range
2026-05-17 18:40:15,956 [ERROR] (core.simulation) Fatal error in hydraulic simulation
Traceback (most recent call last):
  File "/home/cintradu/IC/ENAU/ENAU-Modelling/src/core/simulation.py", line 25, in run_hydraulic_simulation
    results = sim.run_sim(convergence_error=True)
  File "/home/cintradu/miniconda3/envs/resilience_env/lib/python3.13/site-packages/wntr/sim/epanet.py", line 133, in run_sim
    results = self.reader.read(outfile, convergence_error, self._wn.options.hydraulic.headloss=='D-W')
  File "/home/cintradu/miniconda3/envs/resilience_env/lib/python3.13/site-packages/wntr/epanet/io.py", line 2695, in read
    self.save_energy_line(pidx, linknames[pidx-1], energy)
                                ~~~~~~~~~^^^^^^^^
IndexError: list index out of range
2026-05-17 18:40:15,963 [ERROR] (core.simulation) Fatal error in hydraulic simulation
Traceback (most recent call last):
  File "/home/cintradu/IC/ENAU/ENAU-Modelling/src/core/simulation.py", line 25, in run_hydraulic_simulation
    results = sim.run_sim(convergence_error=True)
  File "/home/cintradu/miniconda3/envs/resilience_env/lib/python3.13/site-packages/wntr/sim/epanet.py", line 133, in run_sim
    results = self.reader.read(outfile, convergence_error, self._wn.options.hydraulic.headloss=='D-W')
  File "/home/cintradu/miniconda3/envs/resilience_env/lib/python3.13/site-packages/wntr/epanet/io.py", line 2695, in read
    self.save_energy_line(pidx, linknames[pidx-1], energy)
                                ~~~~~~~~~^^^^^^^^
IndexError: list index out of range
2026-05-17 18:40:15,970 [ERROR] (wntr.epanet.toolkit) EPANET error 200 - one or more errors in input file %s
2026-05-17 18:40:15,970 [ERROR] (core.simulation) Fatal error in hydraulic simulation
Traceback (most recent call last):
  File "/home/cintradu/IC/ENAU/ENAU-Modelling/src/core/simulation.py", line 25, in run_hydraulic_simulation
    results = sim.run_sim(convergence_error=True)
  File "/home/cintradu/miniconda3/envs/resilience_env/lib/python3.13/site-packages/wntr/sim/epanet.py", line 115, in run_sim
    enData.ENopen(inpfile, rptfile, outfile)
    ~~~~~~~~~~~~~^^^^^^^^^^^^^^^^^^^^^^^^^^^
  File "/home/cintradu/miniconda3/envs/resilience_env/lib/python3.13/site-packages/wntr/epanet/toolkit.py", line 196, in ENopen
    self._error()
    ~~~~~~~~~~~^^
  File "/home/cintradu/miniconda3/envs/resilience_env/lib/python3.13/site-packages/wntr/epanet/toolkit.py", line 159, in _error
    raise EpanetException(self.errcode)
wntr.epanet.exceptions.EpanetException: (Error 200) one or more errors in input file %s
2026-05-17 18:40:15,971 [ERROR] (wntr.epanet.io) Simulation did not converge at time 21:00:00.
2026-05-17 18:40:15,972 [ERROR] (wntr.epanet.toolkit) EPANET error 200 - one or more errors in input file %s
2026-05-17 18:40:15,971 [ERROR] (core.simulation) Fatal error in hydraulic simulation
Traceback (most recent call last):
  File "/home/cintradu/IC/ENAU/ENAU-Modelling/src/core/simulation.py", line 25, in run_hydraulic_simulation
    results = sim.run_sim(convergence_error=True)
  File "/home/cintradu/miniconda3/envs/resilience_env/lib/python3.13/site-packages/wntr/sim/epanet.py", line 133, in run_sim
    results = self.reader.read(outfile, convergence_error, self._wn.options.hydraulic.headloss=='D-W')
  File "/home/cintradu/miniconda3/envs/resilience_env/lib/python3.13/site-packages/wntr/epanet/io.py", line 2771, in read
    raise RuntimeError('Simulation did not converge at time ' + self._get_time(t) + '.')
RuntimeError: Simulation did not converge at time 21:00:00.
2026-05-17 18:40:15,973 [ERROR] (wntr.epanet.toolkit) EPANET error 200 - one or more errors in input file %s
2026-05-17 18:40:15,973 [ERROR] (wntr.epanet.toolkit) EPANET error 224 - no tanks or reservoirs in network
2026-05-17 18:40:15,973 [ERROR] (core.simulation) Fatal error in hydraulic simulation
Traceback (most recent call last):
  File "/home/cintradu/IC/ENAU/ENAU-Modelling/src/core/simulation.py", line 25, in run_hydraulic_simulation
    results = sim.run_sim(convergence_error=True)
  File "/home/cintradu/miniconda3/envs/resilience_env/lib/python3.13/site-packages/wntr/sim/epanet.py", line 115, in run_sim
    enData.ENopen(inpfile, rptfile, outfile)
    ~~~~~~~~~~~~~^^^^^^^^^^^^^^^^^^^^^^^^^^^
  File "/home/cintradu/miniconda3/envs/resilience_env/lib/python3.13/site-packages/wntr/epanet/toolkit.py", line 196, in ENopen
    self._error()
    ~~~~~~~~~~~^^
  File "/home/cintradu/miniconda3/envs/resilience_env/lib/python3.13/site-packages/wntr/epanet/toolkit.py", line 159, in _error
    raise EpanetException(self.errcode)
wntr.epanet.exceptions.EpanetException: (Error 200) one or more errors in input file %s
2026-05-17 18:40:15,973 [ERROR] (core.simulation) Fatal error in hydraulic simulation
Traceback (most recent call last):
  File "/home/cintradu/IC/ENAU/ENAU-Modelling/src/core/simulation.py", line 25, in run_hydraulic_simulation
    results = sim.run_sim(convergence_error=True)
  File "/home/cintradu/miniconda3/envs/resilience_env/lib/python3.13/site-packages/wntr/sim/epanet.py", line 115, in run_sim
    enData.ENopen(inpfile, rptfile, outfile)
    ~~~~~~~~~~~~~^^^^^^^^^^^^^^^^^^^^^^^^^^^
  File "/home/cintradu/miniconda3/envs/resilience_env/lib/python3.13/site-packages/wntr/epanet/toolkit.py", line 196, in ENopen
    self._error()
    ~~~~~~~~~~~^^
  File "/home/cintradu/miniconda3/envs/resilience_env/lib/python3.13/site-packages/wntr/epanet/toolkit.py", line 159, in _error
    raise EpanetException(self.errcode)
wntr.epanet.exceptions.EpanetException: (Error 200) one or more errors in input file %s
2026-05-17 18:40:15,973 [ERROR] (core.simulation) Fatal error in hydraulic simulation
Traceback (most recent call last):
  File "/home/cintradu/IC/ENAU/ENAU-Modelling/src/core/simulation.py", line 25, in run_hydraulic_simulation
    results = sim.run_sim(convergence_error=True)
  File "/home/cintradu/miniconda3/envs/resilience_env/lib/python3.13/site-packages/wntr/sim/epanet.py", line 115, in run_sim
    enData.ENopen(inpfile, rptfile, outfile)
    ~~~~~~~~~~~~~^^^^^^^^^^^^^^^^^^^^^^^^^^^
  File "/home/cintradu/miniconda3/envs/resilience_env/lib/python3.13/site-packages/wntr/epanet/toolkit.py", line 196, in ENopen
    self._error()
    ~~~~~~~~~~~^^
  File "/home/cintradu/miniconda3/envs/resilience_env/lib/python3.13/site-packages/wntr/epanet/toolkit.py", line 159, in _error
    raise EpanetException(self.errcode)
wntr.epanet.exceptions.EpanetException: (Error 224) no tanks or reservoirs in network
2026-05-17 18:40:15,980 [ERROR] (wntr.epanet.toolkit) EPANET error 200 - one or more errors in input file %s
2026-05-17 18:40:15,980 [ERROR] (core.simulation) Fatal error in hydraulic simulation
Traceback (most recent call last):
  File "/home/cintradu/IC/ENAU/ENAU-Modelling/src/core/simulation.py", line 25, in run_hydraulic_simulation
    results = sim.run_sim(convergence_error=True)
  File "/home/cintradu/miniconda3/envs/resilience_env/lib/python3.13/site-packages/wntr/sim/epanet.py", line 115, in run_sim
    enData.ENopen(inpfile, rptfile, outfile)
    ~~~~~~~~~~~~~^^^^^^^^^^^^^^^^^^^^^^^^^^^
  File "/home/cintradu/miniconda3/envs/resilience_env/lib/python3.13/site-packages/wntr/epanet/toolkit.py", line 196, in ENopen
    self._error()
    ~~~~~~~~~~~^^
  File "/home/cintradu/miniconda3/envs/resilience_env/lib/python3.13/site-packages/wntr/epanet/toolkit.py", line 159, in _error
    raise EpanetException(self.errcode)
wntr.epanet.exceptions.EpanetException: (Error 200) one or more errors in input file %s
2026-05-17 18:40:16,008 [ERROR] (core.simulation) Fatal error in hydraulic simulation
Traceback (most recent call last):
  File "/home/cintradu/IC/ENAU/ENAU-Modelling/src/core/simulation.py", line 25, in run_hydraulic_simulation
    results = sim.run_sim(convergence_error=True)
  File "/home/cintradu/miniconda3/envs/resilience_env/lib/python3.13/site-packages/wntr/sim/epanet.py", line 133, in run_sim
    results = self.reader.read(outfile, convergence_error, self._wn.options.hydraulic.headloss=='D-W')
  File "/home/cintradu/miniconda3/envs/resilience_env/lib/python3.13/site-packages/wntr/epanet/io.py", line 2857, in read
    if magic1 != magic2:
       ^^^^^^^^^^^^^^^^
ValueError: The truth value of an empty array is ambiguous. Use `array.size > 0` to check that an array is not empty.
2026-05-17 18:40:16,037 [ERROR] (core.simulation) Fatal error in hydraulic simulation
Traceback (most recent call last):
  File "/home/cintradu/IC/ENAU/ENAU-Modelling/src/core/simulation.py", line 25, in run_hydraulic_simulation
    results = sim.run_sim(convergence_error=True)
  File "/home/cintradu/miniconda3/envs/resilience_env/lib/python3.13/site-packages/wntr/sim/epanet.py", line 133, in run_sim
    results = self.reader.read(outfile, convergence_error, self._wn.options.hydraulic.headloss=='D-W')
  File "/home/cintradu/miniconda3/envs/resilience_env/lib/python3.13/site-packages/wntr/epanet/io.py", line 2695, in read
    self.save_energy_line(pidx, linknames[pidx-1], energy)
                                ~~~~~~~~~^^^^^^^^
IndexError: list index out of range
2026-05-17 18:40:16,043 [ERROR] (core.simulation) Fatal error in hydraulic simulation
Traceback (most recent call last):
  File "/home/cintradu/IC/ENAU/ENAU-Modelling/src/core/simulation.py", line 25, in run_hydraulic_simulation
    results = sim.run_sim(convergence_error=True)
  File "/home/cintradu/miniconda3/envs/resilience_env/lib/python3.13/site-packages/wntr/sim/epanet.py", line 133, in run_sim
    results = self.reader.read(outfile, convergence_error, self._wn.options.hydraulic.headloss=='D-W')
  File "/home/cintradu/miniconda3/envs/resilience_env/lib/python3.13/site-packages/wntr/epanet/io.py", line 2695, in read
    self.save_energy_line(pidx, linknames[pidx-1], energy)
                                ~~~~~~~~~^^^^^^^^
IndexError: list index out of range
2026-05-17 18:40:16,043 [ERROR] (core.simulation) Fatal error in hydraulic simulation
Traceback (most recent call last):
  File "/home/cintradu/IC/ENAU/ENAU-Modelling/src/core/simulation.py", line 25, in run_hydraulic_simulation
    results = sim.run_sim(convergence_error=True)
  File "/home/cintradu/miniconda3/envs/resilience_env/lib/python3.13/site-packages/wntr/sim/epanet.py", line 133, in run_sim
    results = self.reader.read(outfile, convergence_error, self._wn.options.hydraulic.headloss=='D-W')
  File "/home/cintradu/miniconda3/envs/resilience_env/lib/python3.13/site-packages/wntr/epanet/io.py", line 2695, in read
    self.save_energy_line(pidx, linknames[pidx-1], energy)
                                ~~~~~~~~~^^^^^^^^
IndexError: list index out of range
2026-05-17 18:40:16,053 [ERROR] (core.simulation) Fatal error in hydraulic simulation
Traceback (most recent call last):
  File "/home/cintradu/IC/ENAU/ENAU-Modelling/src/core/simulation.py", line 25, in run_hydraulic_simulation
    results = sim.run_sim(convergence_error=True)
  File "/home/cintradu/miniconda3/envs/resilience_env/lib/python3.13/site-packages/wntr/sim/epanet.py", line 133, in run_sim
    results = self.reader.read(outfile, convergence_error, self._wn.options.hydraulic.headloss=='D-W')
  File "/home/cintradu/miniconda3/envs/resilience_env/lib/python3.13/site-packages/wntr/epanet/io.py", line 2695, in read
    self.save_energy_line(pidx, linknames[pidx-1], energy)
                                ~~~~~~~~~^^^^^^^^
IndexError: list index out of range
2026-05-17 18:40:16,059 [ERROR] (wntr.epanet.toolkit) EPANET error 224 - no tanks or reservoirs in network
2026-05-17 18:40:16,059 [ERROR] (core.simulation) Fatal error in hydraulic simulation
Traceback (most recent call last):
  File "/home/cintradu/IC/ENAU/ENAU-Modelling/src/core/simulation.py", line 25, in run_hydraulic_simulation
    results = sim.run_sim(convergence_error=True)
  File "/home/cintradu/miniconda3/envs/resilience_env/lib/python3.13/site-packages/wntr/sim/epanet.py", line 115, in run_sim
    enData.ENopen(inpfile, rptfile, outfile)
    ~~~~~~~~~~~~~^^^^^^^^^^^^^^^^^^^^^^^^^^^
  File "/home/cintradu/miniconda3/envs/resilience_env/lib/python3.13/site-packages/wntr/epanet/toolkit.py", line 196, in ENopen
    self._error()
    ~~~~~~~~~~~^^
  File "/home/cintradu/miniconda3/envs/resilience_env/lib/python3.13/site-packages/wntr/epanet/toolkit.py", line 159, in _error
    raise EpanetException(self.errcode)
wntr.epanet.exceptions.EpanetException: (Error 224) no tanks or reservoirs in network
2026-05-17 18:40:16,066 [ERROR] (wntr.epanet.toolkit) EPANET error 200 - one or more errors in input file %s
2026-05-17 18:40:16,067 [ERROR] (core.simulation) Fatal error in hydraulic simulation
Traceback (most recent call last):
  File "/home/cintradu/IC/ENAU/ENAU-Modelling/src/core/simulation.py", line 25, in run_hydraulic_simulation
    results = sim.run_sim(convergence_error=True)
  File "/home/cintradu/miniconda3/envs/resilience_env/lib/python3.13/site-packages/wntr/sim/epanet.py", line 115, in run_sim
    enData.ENopen(inpfile, rptfile, outfile)
    ~~~~~~~~~~~~~^^^^^^^^^^^^^^^^^^^^^^^^^^^
  File "/home/cintradu/miniconda3/envs/resilience_env/lib/python3.13/site-packages/wntr/epanet/toolkit.py", line 196, in ENopen
    self._error()
    ~~~~~~~~~~~^^
  File "/home/cintradu/miniconda3/envs/resilience_env/lib/python3.13/site-packages/wntr/epanet/toolkit.py", line 159, in _error
    raise EpanetException(self.errcode)
wntr.epanet.exceptions.EpanetException: (Error 200) one or more errors in input file %s
2026-05-17 18:40:16,072 [ERROR] (wntr.epanet.toolkit) EPANET error 224 - no tanks or reservoirs in network
2026-05-17 18:40:16,072 [ERROR] (core.simulation) Fatal error in hydraulic simulation
Traceback (most recent call last):
  File "/home/cintradu/IC/ENAU/ENAU-Modelling/src/core/simulation.py", line 25, in run_hydraulic_simulation
    results = sim.run_sim(convergence_error=True)
  File "/home/cintradu/miniconda3/envs/resilience_env/lib/python3.13/site-packages/wntr/sim/epanet.py", line 115, in run_sim
    enData.ENopen(inpfile, rptfile, outfile)
    ~~~~~~~~~~~~~^^^^^^^^^^^^^^^^^^^^^^^^^^^
  File "/home/cintradu/miniconda3/envs/resilience_env/lib/python3.13/site-packages/wntr/epanet/toolkit.py", line 196, in ENopen
    self._error()
    ~~~~~~~~~~~^^
  File "/home/cintradu/miniconda3/envs/resilience_env/lib/python3.13/site-packages/wntr/epanet/toolkit.py", line 159, in _error
    raise EpanetException(self.errcode)
wntr.epanet.exceptions.EpanetException: (Error 224) no tanks or reservoirs in network
2026-05-17 18:40:16,073 [ERROR] (wntr.epanet.toolkit) EPANET error 224 - no tanks or reservoirs in network
2026-05-17 18:40:16,075 [ERROR] (wntr.epanet.toolkit) EPANET error 200 - one or more errors in input file %s
2026-05-17 18:40:16,076 [ERROR] (wntr.epanet.toolkit) EPANET error 224 - no tanks or reservoirs in network
2026-05-17 18:40:16,073 [ERROR] (core.simulation) Fatal error in hydraulic simulation
Traceback (most recent call last):
  File "/home/cintradu/IC/ENAU/ENAU-Modelling/src/core/simulation.py", line 25, in run_hydraulic_simulation
    results = sim.run_sim(convergence_error=True)
  File "/home/cintradu/miniconda3/envs/resilience_env/lib/python3.13/site-packages/wntr/sim/epanet.py", line 115, in run_sim
    enData.ENopen(inpfile, rptfile, outfile)
    ~~~~~~~~~~~~~^^^^^^^^^^^^^^^^^^^^^^^^^^^
  File "/home/cintradu/miniconda3/envs/resilience_env/lib/python3.13/site-packages/wntr/epanet/toolkit.py", line 196, in ENopen
    self._error()
    ~~~~~~~~~~~^^
  File "/home/cintradu/miniconda3/envs/resilience_env/lib/python3.13/site-packages/wntr/epanet/toolkit.py", line 159, in _error
    raise EpanetException(self.errcode)
wntr.epanet.exceptions.EpanetException: (Error 224) no tanks or reservoirs in network
2026-05-17 18:40:16,076 [ERROR] (core.simulation) Fatal error in hydraulic simulation
Traceback (most recent call last):
  File "/home/cintradu/IC/ENAU/ENAU-Modelling/src/core/simulation.py", line 25, in run_hydraulic_simulation
    results = sim.run_sim(convergence_error=True)
  File "/home/cintradu/miniconda3/envs/resilience_env/lib/python3.13/site-packages/wntr/sim/epanet.py", line 115, in run_sim
    enData.ENopen(inpfile, rptfile, outfile)
    ~~~~~~~~~~~~~^^^^^^^^^^^^^^^^^^^^^^^^^^^
  File "/home/cintradu/miniconda3/envs/resilience_env/lib/python3.13/site-packages/wntr/epanet/toolkit.py", line 196, in ENopen
    self._error()
    ~~~~~~~~~~~^^
  File "/home/cintradu/miniconda3/envs/resilience_env/lib/python3.13/site-packages/wntr/epanet/toolkit.py", line 159, in _error
    raise EpanetException(self.errcode)
wntr.epanet.exceptions.EpanetException: (Error 224) no tanks or reservoirs in network
2026-05-17 18:40:16,075 [ERROR] (core.simulation) Fatal error in hydraulic simulation
Traceback (most recent call last):
  File "/home/cintradu/IC/ENAU/ENAU-Modelling/src/core/simulation.py", line 25, in run_hydraulic_simulation
    results = sim.run_sim(convergence_error=True)
  File "/home/cintradu/miniconda3/envs/resilience_env/lib/python3.13/site-packages/wntr/sim/epanet.py", line 115, in run_sim
    enData.ENopen(inpfile, rptfile, outfile)
    ~~~~~~~~~~~~~^^^^^^^^^^^^^^^^^^^^^^^^^^^
  File "/home/cintradu/miniconda3/envs/resilience_env/lib/python3.13/site-packages/wntr/epanet/toolkit.py", line 196, in ENopen
    self._error()
    ~~~~~~~~~~~^^
  File "/home/cintradu/miniconda3/envs/resilience_env/lib/python3.13/site-packages/wntr/epanet/toolkit.py", line 159, in _error
    raise EpanetException(self.errcode)
wntr.epanet.exceptions.EpanetException: (Error 200) one or more errors in input file %s
2026-05-17 18:40:16,080 [ERROR] (wntr.epanet.toolkit) EPANET error 200 - one or more errors in input file %s
2026-05-17 18:40:16,081 [ERROR] (core.simulation) Fatal error in hydraulic simulation
Traceback (most recent call last):
  File "/home/cintradu/IC/ENAU/ENAU-Modelling/src/core/simulation.py", line 25, in run_hydraulic_simulation
    results = sim.run_sim(convergence_error=True)
  File "/home/cintradu/miniconda3/envs/resilience_env/lib/python3.13/site-packages/wntr/sim/epanet.py", line 115, in run_sim
    enData.ENopen(inpfile, rptfile, outfile)
    ~~~~~~~~~~~~~^^^^^^^^^^^^^^^^^^^^^^^^^^^
  File "/home/cintradu/miniconda3/envs/resilience_env/lib/python3.13/site-packages/wntr/epanet/toolkit.py", line 196, in ENopen
    self._error()
    ~~~~~~~~~~~^^
  File "/home/cintradu/miniconda3/envs/resilience_env/lib/python3.13/site-packages/wntr/epanet/toolkit.py", line 159, in _error
    raise EpanetException(self.errcode)
wntr.epanet.exceptions.EpanetException: (Error 200) one or more errors in input file %s
2026-05-17 18:40:16,091 [ERROR] (wntr.epanet.toolkit) EPANET error 200 - one or more errors in input file %s
2026-05-17 18:40:16,091 [ERROR] (wntr.epanet.toolkit) EPANET error 223 - not enough nodes in network
2026-05-17 18:40:16,091 [ERROR] (core.simulation) Fatal error in hydraulic simulation
Traceback (most recent call last):
  File "/home/cintradu/IC/ENAU/ENAU-Modelling/src/core/simulation.py", line 25, in run_hydraulic_simulation
    results = sim.run_sim(convergence_error=True)
  File "/home/cintradu/miniconda3/envs/resilience_env/lib/python3.13/site-packages/wntr/sim/epanet.py", line 115, in run_sim
    enData.ENopen(inpfile, rptfile, outfile)
    ~~~~~~~~~~~~~^^^^^^^^^^^^^^^^^^^^^^^^^^^
  File "/home/cintradu/miniconda3/envs/resilience_env/lib/python3.13/site-packages/wntr/epanet/toolkit.py", line 196, in ENopen
    self._error()
    ~~~~~~~~~~~^^
  File "/home/cintradu/miniconda3/envs/resilience_env/lib/python3.13/site-packages/wntr/epanet/toolkit.py", line 159, in _error
    raise EpanetException(self.errcode)
wntr.epanet.exceptions.EpanetException: (Error 200) one or more errors in input file %s
2026-05-17 18:40:16,092 [ERROR] (core.simulation) Fatal error in hydraulic simulation
Traceback (most recent call last):
  File "/home/cintradu/IC/ENAU/ENAU-Modelling/src/core/simulation.py", line 25, in run_hydraulic_simulation
    results = sim.run_sim(convergence_error=True)
  File "/home/cintradu/miniconda3/envs/resilience_env/lib/python3.13/site-packages/wntr/sim/epanet.py", line 115, in run_sim
    enData.ENopen(inpfile, rptfile, outfile)
    ~~~~~~~~~~~~~^^^^^^^^^^^^^^^^^^^^^^^^^^^
  File "/home/cintradu/miniconda3/envs/resilience_env/lib/python3.13/site-packages/wntr/epanet/toolkit.py", line 196, in ENopen
    self._error()
    ~~~~~~~~~~~^^
  File "/home/cintradu/miniconda3/envs/resilience_env/lib/python3.13/site-packages/wntr/epanet/toolkit.py", line 159, in _error
    raise EpanetException(self.errcode)
wntr.epanet.exceptions.EpanetException: (Error 223) not enough nodes in network
2026-05-17 18:40:16,095 [ERROR] (wntr.epanet.toolkit) EPANET error 224 - no tanks or reservoirs in network
2026-05-17 18:40:16,095 [ERROR] (core.simulation) Fatal error in hydraulic simulation
Traceback (most recent call last):
  File "/home/cintradu/IC/ENAU/ENAU-Modelling/src/core/simulation.py", line 25, in run_hydraulic_simulation
    results = sim.run_sim(convergence_error=True)
  File "/home/cintradu/miniconda3/envs/resilience_env/lib/python3.13/site-packages/wntr/sim/epanet.py", line 115, in run_sim
    enData.ENopen(inpfile, rptfile, outfile)
    ~~~~~~~~~~~~~^^^^^^^^^^^^^^^^^^^^^^^^^^^
  File "/home/cintradu/miniconda3/envs/resilience_env/lib/python3.13/site-packages/wntr/epanet/toolkit.py", line 196, in ENopen
    self._error()
    ~~~~~~~~~~~^^
  File "/home/cintradu/miniconda3/envs/resilience_env/lib/python3.13/site-packages/wntr/epanet/toolkit.py", line 159, in _error
    raise EpanetException(self.errcode)
wntr.epanet.exceptions.EpanetException: (Error 224) no tanks or reservoirs in network
2026-05-17 18:40:16,099 [ERROR] (wntr.epanet.toolkit) EPANET error 200 - one or more errors in input file %s
2026-05-17 18:40:16,099 [ERROR] (core.simulation) Fatal error in hydraulic simulation
Traceback (most recent call last):
  File "/home/cintradu/IC/ENAU/ENAU-Modelling/src/core/simulation.py", line 25, in run_hydraulic_simulation
    results = sim.run_sim(convergence_error=True)
  File "/home/cintradu/miniconda3/envs/resilience_env/lib/python3.13/site-packages/wntr/sim/epanet.py", line 115, in run_sim
    enData.ENopen(inpfile, rptfile, outfile)
    ~~~~~~~~~~~~~^^^^^^^^^^^^^^^^^^^^^^^^^^^
  File "/home/cintradu/miniconda3/envs/resilience_env/lib/python3.13/site-packages/wntr/epanet/toolkit.py", line 196, in ENopen
    self._error()
    ~~~~~~~~~~~^^
  File "/home/cintradu/miniconda3/envs/resilience_env/lib/python3.13/site-packages/wntr/epanet/toolkit.py", line 159, in _error
    raise EpanetException(self.errcode)
wntr.epanet.exceptions.EpanetException: (Error 200) one or more errors in input file %s
2026-05-17 18:40:16,099 [ERROR] (wntr.epanet.toolkit) EPANET error 200 - one or more errors in input file %s
2026-05-17 18:40:16,103 [ERROR] (core.simulation) Fatal error in hydraulic simulation
Traceback (most recent call last):
  File "/home/cintradu/IC/ENAU/ENAU-Modelling/src/core/simulation.py", line 25, in run_hydraulic_simulation
    results = sim.run_sim(convergence_error=True)
  File "/home/cintradu/miniconda3/envs/resilience_env/lib/python3.13/site-packages/wntr/sim/epanet.py", line 115, in run_sim
    enData.ENopen(inpfile, rptfile, outfile)
    ~~~~~~~~~~~~~^^^^^^^^^^^^^^^^^^^^^^^^^^^
  File "/home/cintradu/miniconda3/envs/resilience_env/lib/python3.13/site-packages/wntr/epanet/toolkit.py", line 196, in ENopen
    self._error()
    ~~~~~~~~~~~^^
  File "/home/cintradu/miniconda3/envs/resilience_env/lib/python3.13/site-packages/wntr/epanet/toolkit.py", line 159, in _error
    raise EpanetException(self.errcode)
wntr.epanet.exceptions.EpanetException: (Error 200) one or more errors in input file %s
2026-05-17 18:40:16,105 [ERROR] (wntr.epanet.toolkit) EPANET error 200 - one or more errors in input file %s
2026-05-17 18:40:16,105 [ERROR] (core.simulation) Fatal error in hydraulic simulation
Traceback (most recent call last):
  File "/home/cintradu/IC/ENAU/ENAU-Modelling/src/core/simulation.py", line 25, in run_hydraulic_simulation
    results = sim.run_sim(convergence_error=True)
  File "/home/cintradu/miniconda3/envs/resilience_env/lib/python3.13/site-packages/wntr/sim/epanet.py", line 115, in run_sim
    enData.ENopen(inpfile, rptfile, outfile)
    ~~~~~~~~~~~~~^^^^^^^^^^^^^^^^^^^^^^^^^^^
  File "/home/cintradu/miniconda3/envs/resilience_env/lib/python3.13/site-packages/wntr/epanet/toolkit.py", line 196, in ENopen
    self._error()
    ~~~~~~~~~~~^^
  File "/home/cintradu/miniconda3/envs/resilience_env/lib/python3.13/site-packages/wntr/epanet/toolkit.py", line 159, in _error
    raise EpanetException(self.errcode)
wntr.epanet.exceptions.EpanetException: (Error 200) one or more errors in input file %s
2026-05-17 18:40:16,108 [ERROR] (wntr.epanet.toolkit) EPANET error 200 - one or more errors in input file %s
2026-05-17 18:40:16,109 [ERROR] (wntr.epanet.toolkit) EPANET error 200 - one or more errors in input file %s
2026-05-17 18:40:16,109 [ERROR] (wntr.epanet.toolkit) EPANET error 200 - one or more errors in input file %s
2026-05-17 18:40:16,109 [ERROR] (wntr.epanet.toolkit) EPANET error 200 - one or more errors in input file %s
2026-05-17 18:40:16,109 [ERROR] (core.simulation) Fatal error in hydraulic simulation
Traceback (most recent call last):
  File "/home/cintradu/IC/ENAU/ENAU-Modelling/src/core/simulation.py", line 25, in run_hydraulic_simulation
    results = sim.run_sim(convergence_error=True)
  File "/home/cintradu/miniconda3/envs/resilience_env/lib/python3.13/site-packages/wntr/sim/epanet.py", line 115, in run_sim
    enData.ENopen(inpfile, rptfile, outfile)
    ~~~~~~~~~~~~~^^^^^^^^^^^^^^^^^^^^^^^^^^^
  File "/home/cintradu/miniconda3/envs/resilience_env/lib/python3.13/site-packages/wntr/epanet/toolkit.py", line 196, in ENopen
    self._error()
    ~~~~~~~~~~~^^
  File "/home/cintradu/miniconda3/envs/resilience_env/lib/python3.13/site-packages/wntr/epanet/toolkit.py", line 159, in _error
    raise EpanetException(self.errcode)
wntr.epanet.exceptions.EpanetException: (Error 200) one or more errors in input file %s
2026-05-17 18:40:16,110 [ERROR] (core.simulation) Fatal error in hydraulic simulation
Traceback (most recent call last):
  File "/home/cintradu/IC/ENAU/ENAU-Modelling/src/core/simulation.py", line 25, in run_hydraulic_simulation
    results = sim.run_sim(convergence_error=True)
  File "/home/cintradu/miniconda3/envs/resilience_env/lib/python3.13/site-packages/wntr/sim/epanet.py", line 115, in run_sim
    enData.ENopen(inpfile, rptfile, outfile)
    ~~~~~~~~~~~~~^^^^^^^^^^^^^^^^^^^^^^^^^^^
  File "/home/cintradu/miniconda3/envs/resilience_env/lib/python3.13/site-packages/wntr/epanet/toolkit.py", line 196, in ENopen
    self._error()
    ~~~~~~~~~~~^^
  File "/home/cintradu/miniconda3/envs/resilience_env/lib/python3.13/site-packages/wntr/epanet/toolkit.py", line 159, in _error
    raise EpanetException(self.errcode)
wntr.epanet.exceptions.EpanetException: (Error 200) one or more errors in input file %s
2026-05-17 18:40:16,110 [ERROR] (core.simulation) Fatal error in hydraulic simulation
Traceback (most recent call last):
  File "/home/cintradu/IC/ENAU/ENAU-Modelling/src/core/simulation.py", line 25, in run_hydraulic_simulation
    results = sim.run_sim(convergence_error=True)
  File "/home/cintradu/miniconda3/envs/resilience_env/lib/python3.13/site-packages/wntr/sim/epanet.py", line 115, in run_sim
    enData.ENopen(inpfile, rptfile, outfile)
    ~~~~~~~~~~~~~^^^^^^^^^^^^^^^^^^^^^^^^^^^
  File "/home/cintradu/miniconda3/envs/resilience_env/lib/python3.13/site-packages/wntr/epanet/toolkit.py", line 196, in ENopen
    self._error()
    ~~~~~~~~~~~^^
  File "/home/cintradu/miniconda3/envs/resilience_env/lib/python3.13/site-packages/wntr/epanet/toolkit.py", line 159, in _error
    raise EpanetException(self.errcode)
wntr.epanet.exceptions.EpanetException: (Error 200) one or more errors in input file %s
2026-05-17 18:40:16,110 [ERROR] (core.simulation) Fatal error in hydraulic simulation
Traceback (most recent call last):
  File "/home/cintradu/IC/ENAU/ENAU-Modelling/src/core/simulation.py", line 25, in run_hydraulic_simulation
    results = sim.run_sim(convergence_error=True)
  File "/home/cintradu/miniconda3/envs/resilience_env/lib/python3.13/site-packages/wntr/sim/epanet.py", line 115, in run_sim
    enData.ENopen(inpfile, rptfile, outfile)
    ~~~~~~~~~~~~~^^^^^^^^^^^^^^^^^^^^^^^^^^^
  File "/home/cintradu/miniconda3/envs/resilience_env/lib/python3.13/site-packages/wntr/epanet/toolkit.py", line 196, in ENopen
    self._error()
    ~~~~~~~~~~~^^
  File "/home/cintradu/miniconda3/envs/resilience_env/lib/python3.13/site-packages/wntr/epanet/toolkit.py", line 159, in _error
    raise EpanetException(self.errcode)
wntr.epanet.exceptions.EpanetException: (Error 200) one or more errors in input file %s
2026-05-17 18:40:16,113 [ERROR] (wntr.epanet.toolkit) EPANET error 224 - no tanks or reservoirs in network
2026-05-17 18:40:16,113 [ERROR] (core.simulation) Fatal error in hydraulic simulation
Traceback (most recent call last):
  File "/home/cintradu/IC/ENAU/ENAU-Modelling/src/core/simulation.py", line 25, in run_hydraulic_simulation
    results = sim.run_sim(convergence_error=True)
  File "/home/cintradu/miniconda3/envs/resilience_env/lib/python3.13/site-packages/wntr/sim/epanet.py", line 115, in run_sim
    enData.ENopen(inpfile, rptfile, outfile)
    ~~~~~~~~~~~~~^^^^^^^^^^^^^^^^^^^^^^^^^^^
  File "/home/cintradu/miniconda3/envs/resilience_env/lib/python3.13/site-packages/wntr/epanet/toolkit.py", line 196, in ENopen
    self._error()
    ~~~~~~~~~~~^^
  File "/home/cintradu/miniconda3/envs/resilience_env/lib/python3.13/site-packages/wntr/epanet/toolkit.py", line 159, in _error
    raise EpanetException(self.errcode)
wntr.epanet.exceptions.EpanetException: (Error 224) no tanks or reservoirs in network
2026-05-17 18:40:16,117 [ERROR] (wntr.epanet.toolkit) EPANET error 200 - one or more errors in input file %s
2026-05-17 18:40:16,117 [ERROR] (core.simulation) Fatal error in hydraulic simulation
Traceback (most recent call last):
  File "/home/cintradu/IC/ENAU/ENAU-Modelling/src/core/simulation.py", line 25, in run_hydraulic_simulation
    results = sim.run_sim(convergence_error=True)
  File "/home/cintradu/miniconda3/envs/resilience_env/lib/python3.13/site-packages/wntr/sim/epanet.py", line 115, in run_sim
    enData.ENopen(inpfile, rptfile, outfile)
    ~~~~~~~~~~~~~^^^^^^^^^^^^^^^^^^^^^^^^^^^
  File "/home/cintradu/miniconda3/envs/resilience_env/lib/python3.13/site-packages/wntr/epanet/toolkit.py", line 196, in ENopen
    self._error()
    ~~~~~~~~~~~^^
  File "/home/cintradu/miniconda3/envs/resilience_env/lib/python3.13/site-packages/wntr/epanet/toolkit.py", line 159, in _error
    raise EpanetException(self.errcode)
wntr.epanet.exceptions.EpanetException: (Error 200) one or more errors in input file %s
2026-05-17 18:40:16,119 [ERROR] (wntr.epanet.toolkit) EPANET error 223 - not enough nodes in network
2026-05-17 18:40:16,119 [ERROR] (core.simulation) Fatal error in hydraulic simulation
Traceback (most recent call last):
  File "/home/cintradu/IC/ENAU/ENAU-Modelling/src/core/simulation.py", line 25, in run_hydraulic_simulation
    results = sim.run_sim(convergence_error=True)
  File "/home/cintradu/miniconda3/envs/resilience_env/lib/python3.13/site-packages/wntr/sim/epanet.py", line 115, in run_sim
    enData.ENopen(inpfile, rptfile, outfile)
    ~~~~~~~~~~~~~^^^^^^^^^^^^^^^^^^^^^^^^^^^
  File "/home/cintradu/miniconda3/envs/resilience_env/lib/python3.13/site-packages/wntr/epanet/toolkit.py", line 196, in ENopen
    self._error()
    ~~~~~~~~~~~^^
  File "/home/cintradu/miniconda3/envs/resilience_env/lib/python3.13/site-packages/wntr/epanet/toolkit.py", line 159, in _error
    raise EpanetException(self.errcode)
wntr.epanet.exceptions.EpanetException: (Error 223) not enough nodes in network
2026-05-17 18:40:16,129 [ERROR] (wntr.epanet.toolkit) EPANET error 200 - one or more errors in input file %s
2026-05-17 18:40:16,129 [ERROR] (core.simulation) Fatal error in hydraulic simulation
Traceback (most recent call last):
  File "/home/cintradu/IC/ENAU/ENAU-Modelling/src/core/simulation.py", line 25, in run_hydraulic_simulation
    results = sim.run_sim(convergence_error=True)
  File "/home/cintradu/miniconda3/envs/resilience_env/lib/python3.13/site-packages/wntr/sim/epanet.py", line 115, in run_sim
    enData.ENopen(inpfile, rptfile, outfile)
    ~~~~~~~~~~~~~^^^^^^^^^^^^^^^^^^^^^^^^^^^
  File "/home/cintradu/miniconda3/envs/resilience_env/lib/python3.13/site-packages/wntr/epanet/toolkit.py", line 196, in ENopen
    self._error()
    ~~~~~~~~~~~^^
  File "/home/cintradu/miniconda3/envs/resilience_env/lib/python3.13/site-packages/wntr/epanet/toolkit.py", line 159, in _error
    raise EpanetException(self.errcode)
wntr.epanet.exceptions.EpanetException: (Error 200) one or more errors in input file %s
2026-05-17 18:40:16,130 [ERROR] (wntr.epanet.toolkit) EPANET error 200 - one or more errors in input file %s
2026-05-17 18:40:16,130 [ERROR] (wntr.epanet.toolkit) EPANET error 200 - one or more errors in input file %s
2026-05-17 18:40:16,131 [ERROR] (wntr.epanet.toolkit) EPANET error 200 - one or more errors in input file %s
2026-05-17 18:40:16,130 [ERROR] (core.simulation) Fatal error in hydraulic simulation
Traceback (most recent call last):
  File "/home/cintradu/IC/ENAU/ENAU-Modelling/src/core/simulation.py", line 25, in run_hydraulic_simulation
    results = sim.run_sim(convergence_error=True)
  File "/home/cintradu/miniconda3/envs/resilience_env/lib/python3.13/site-packages/wntr/sim/epanet.py", line 115, in run_sim
    enData.ENopen(inpfile, rptfile, outfile)
    ~~~~~~~~~~~~~^^^^^^^^^^^^^^^^^^^^^^^^^^^
  File "/home/cintradu/miniconda3/envs/resilience_env/lib/python3.13/site-packages/wntr/epanet/toolkit.py", line 196, in ENopen
    self._error()
    ~~~~~~~~~~~^^
  File "/home/cintradu/miniconda3/envs/resilience_env/lib/python3.13/site-packages/wntr/epanet/toolkit.py", line 159, in _error
    raise EpanetException(self.errcode)
wntr.epanet.exceptions.EpanetException: (Error 200) one or more errors in input file %s
2026-05-17 18:40:16,130 [ERROR] (core.simulation) Fatal error in hydraulic simulation
Traceback (most recent call last):
  File "/home/cintradu/IC/ENAU/ENAU-Modelling/src/core/simulation.py", line 25, in run_hydraulic_simulation
    results = sim.run_sim(convergence_error=True)
  File "/home/cintradu/miniconda3/envs/resilience_env/lib/python3.13/site-packages/wntr/sim/epanet.py", line 115, in run_sim
    enData.ENopen(inpfile, rptfile, outfile)
    ~~~~~~~~~~~~~^^^^^^^^^^^^^^^^^^^^^^^^^^^
  File "/home/cintradu/miniconda3/envs/resilience_env/lib/python3.13/site-packages/wntr/epanet/toolkit.py", line 196, in ENopen
    self._error()
    ~~~~~~~~~~~^^
  File "/home/cintradu/miniconda3/envs/resilience_env/lib/python3.13/site-packages/wntr/epanet/toolkit.py", line 159, in _error
    raise EpanetException(self.errcode)
wntr.epanet.exceptions.EpanetException: (Error 200) one or more errors in input file %s
2026-05-17 18:40:16,131 [ERROR] (core.simulation) Fatal error in hydraulic simulation
Traceback (most recent call last):
  File "/home/cintradu/IC/ENAU/ENAU-Modelling/src/core/simulation.py", line 25, in run_hydraulic_simulation
    results = sim.run_sim(convergence_error=True)
  File "/home/cintradu/miniconda3/envs/resilience_env/lib/python3.13/site-packages/wntr/sim/epanet.py", line 115, in run_sim
    enData.ENopen(inpfile, rptfile, outfile)
    ~~~~~~~~~~~~~^^^^^^^^^^^^^^^^^^^^^^^^^^^
  File "/home/cintradu/miniconda3/envs/resilience_env/lib/python3.13/site-packages/wntr/epanet/toolkit.py", line 196, in ENopen
    self._error()
    ~~~~~~~~~~~^^
  File "/home/cintradu/miniconda3/envs/resilience_env/lib/python3.13/site-packages/wntr/epanet/toolkit.py", line 159, in _error
    raise EpanetException(self.errcode)
wntr.epanet.exceptions.EpanetException: (Error 200) one or more errors in input file %s
2026-05-17 18:40:16,134 [ERROR] (wntr.epanet.toolkit) EPANET error 224 - no tanks or reservoirs in network
2026-05-17 18:40:16,134 [ERROR] (wntr.epanet.toolkit) EPANET error 224 - no tanks or reservoirs in network
2026-05-17 18:40:16,134 [ERROR] (wntr.epanet.toolkit) EPANET error 224 - no tanks or reservoirs in network
2026-05-17 18:40:16,134 [ERROR] (core.simulation) Fatal error in hydraulic simulation
Traceback (most recent call last):
  File "/home/cintradu/IC/ENAU/ENAU-Modelling/src/core/simulation.py", line 25, in run_hydraulic_simulation
    results = sim.run_sim(convergence_error=True)
  File "/home/cintradu/miniconda3/envs/resilience_env/lib/python3.13/site-packages/wntr/sim/epanet.py", line 115, in run_sim
    enData.ENopen(inpfile, rptfile, outfile)
    ~~~~~~~~~~~~~^^^^^^^^^^^^^^^^^^^^^^^^^^^
  File "/home/cintradu/miniconda3/envs/resilience_env/lib/python3.13/site-packages/wntr/epanet/toolkit.py", line 196, in ENopen
    self._error()
    ~~~~~~~~~~~^^
  File "/home/cintradu/miniconda3/envs/resilience_env/lib/python3.13/site-packages/wntr/epanet/toolkit.py", line 159, in _error
    raise EpanetException(self.errcode)
wntr.epanet.exceptions.EpanetException: (Error 224) no tanks or reservoirs in network
2026-05-17 18:40:16,134 [ERROR] (core.simulation) Fatal error in hydraulic simulation
Traceback (most recent call last):
  File "/home/cintradu/IC/ENAU/ENAU-Modelling/src/core/simulation.py", line 25, in run_hydraulic_simulation
    results = sim.run_sim(convergence_error=True)
  File "/home/cintradu/miniconda3/envs/resilience_env/lib/python3.13/site-packages/wntr/sim/epanet.py", line 115, in run_sim
    enData.ENopen(inpfile, rptfile, outfile)
    ~~~~~~~~~~~~~^^^^^^^^^^^^^^^^^^^^^^^^^^^
  File "/home/cintradu/miniconda3/envs/resilience_env/lib/python3.13/site-packages/wntr/epanet/toolkit.py", line 196, in ENopen
    self._error()
    ~~~~~~~~~~~^^
  File "/home/cintradu/miniconda3/envs/resilience_env/lib/python3.13/site-packages/wntr/epanet/toolkit.py", line 159, in _error
    raise EpanetException(self.errcode)
wntr.epanet.exceptions.EpanetException: (Error 224) no tanks or reservoirs in network
2026-05-17 18:40:16,134 [ERROR] (core.simulation) Fatal error in hydraulic simulation
Traceback (most recent call last):
  File "/home/cintradu/IC/ENAU/ENAU-Modelling/src/core/simulation.py", line 25, in run_hydraulic_simulation
    results = sim.run_sim(convergence_error=True)
  File "/home/cintradu/miniconda3/envs/resilience_env/lib/python3.13/site-packages/wntr/sim/epanet.py", line 115, in run_sim
    enData.ENopen(inpfile, rptfile, outfile)
    ~~~~~~~~~~~~~^^^^^^^^^^^^^^^^^^^^^^^^^^^
  File "/home/cintradu/miniconda3/envs/resilience_env/lib/python3.13/site-packages/wntr/epanet/toolkit.py", line 196, in ENopen
    self._error()
    ~~~~~~~~~~~^^
  File "/home/cintradu/miniconda3/envs/resilience_env/lib/python3.13/site-packages/wntr/epanet/toolkit.py", line 159, in _error
    raise EpanetException(self.errcode)
wntr.epanet.exceptions.EpanetException: (Error 224) no tanks or reservoirs in network
2026-05-17 18:40:16,169 [ERROR] (core.simulation) Fatal error in hydraulic simulation
Traceback (most recent call last):
  File "/home/cintradu/IC/ENAU/ENAU-Modelling/src/core/simulation.py", line 25, in run_hydraulic_simulation
    results = sim.run_sim(convergence_error=True)
  File "/home/cintradu/miniconda3/envs/resilience_env/lib/python3.13/site-packages/wntr/sim/epanet.py", line 133, in run_sim
    results = self.reader.read(outfile, convergence_error, self._wn.options.hydraulic.headloss=='D-W')
  File "/home/cintradu/miniconda3/envs/resilience_env/lib/python3.13/site-packages/wntr/epanet/io.py", line 2695, in read
    self.save_energy_line(pidx, linknames[pidx-1], energy)
                                ~~~~~~~~~^^^^^^^^
IndexError: list index out of range
2026-05-17 18:40:16,196 [ERROR] (core.simulation) Fatal error in hydraulic simulation
Traceback (most recent call last):
  File "/home/cintradu/IC/ENAU/ENAU-Modelling/src/core/simulation.py", line 25, in run_hydraulic_simulation
    results = sim.run_sim(convergence_error=True)
  File "/home/cintradu/miniconda3/envs/resilience_env/lib/python3.13/site-packages/wntr/sim/epanet.py", line 133, in run_sim
    results = self.reader.read(outfile, convergence_error, self._wn.options.hydraulic.headloss=='D-W')
  File "/home/cintradu/miniconda3/envs/resilience_env/lib/python3.13/site-packages/wntr/epanet/io.py", line 2695, in read
    self.save_energy_line(pidx, linknames[pidx-1], energy)
                                ~~~~~~~~~^^^^^^^^
IndexError: list index out of range
2026-05-17 18:40:16,197 [ERROR] (core.simulation) Fatal error in hydraulic simulation
Traceback (most recent call last):
  File "/home/cintradu/IC/ENAU/ENAU-Modelling/src/core/simulation.py", line 25, in run_hydraulic_simulation
    results = sim.run_sim(convergence_error=True)
  File "/home/cintradu/miniconda3/envs/resilience_env/lib/python3.13/site-packages/wntr/sim/epanet.py", line 133, in run_sim
    results = self.reader.read(outfile, convergence_error, self._wn.options.hydraulic.headloss=='D-W')
  File "/home/cintradu/miniconda3/envs/resilience_env/lib/python3.13/site-packages/wntr/epanet/io.py", line 2695, in read
    self.save_energy_line(pidx, linknames[pidx-1], energy)
                                ~~~~~~~~~^^^^^^^^
IndexError: list index out of range
2026-05-17 18:40:16,200 [ERROR] (core.simulation) Fatal error in hydraulic simulation
Traceback (most recent call last):
  File "/home/cintradu/IC/ENAU/ENAU-Modelling/src/core/simulation.py", line 25, in run_hydraulic_simulation
    results = sim.run_sim(convergence_error=True)
  File "/home/cintradu/miniconda3/envs/resilience_env/lib/python3.13/site-packages/wntr/sim/epanet.py", line 133, in run_sim
    results = self.reader.read(outfile, convergence_error, self._wn.options.hydraulic.headloss=='D-W')
  File "/home/cintradu/miniconda3/envs/resilience_env/lib/python3.13/site-packages/wntr/epanet/io.py", line 2695, in read
    self.save_energy_line(pidx, linknames[pidx-1], energy)
                                ~~~~~~~~~^^^^^^^^
IndexError: list index out of range
2026-05-17 18:40:16,203 [ERROR] (core.simulation) Fatal error in hydraulic simulation
Traceback (most recent call last):
  File "/home/cintradu/IC/ENAU/ENAU-Modelling/src/core/simulation.py", line 25, in run_hydraulic_simulation
    results = sim.run_sim(convergence_error=True)
  File "/home/cintradu/miniconda3/envs/resilience_env/lib/python3.13/site-packages/wntr/sim/epanet.py", line 133, in run_sim
    results = self.reader.read(outfile, convergence_error, self._wn.options.hydraulic.headloss=='D-W')
  File "/home/cintradu/miniconda3/envs/resilience_env/lib/python3.13/site-packages/wntr/epanet/io.py", line 2695, in read
    self.save_energy_line(pidx, linknames[pidx-1], energy)
                                ~~~~~~~~~^^^^^^^^
IndexError: list index out of range
2026-05-17 18:40:16,204 [ERROR] (core.simulation) Fatal error in hydraulic simulation
Traceback (most recent call last):
  File "/home/cintradu/IC/ENAU/ENAU-Modelling/src/core/simulation.py", line 25, in run_hydraulic_simulation
    results = sim.run_sim(convergence_error=True)
  File "/home/cintradu/miniconda3/envs/resilience_env/lib/python3.13/site-packages/wntr/sim/epanet.py", line 133, in run_sim
    results = self.reader.read(outfile, convergence_error, self._wn.options.hydraulic.headloss=='D-W')
  File "/home/cintradu/miniconda3/envs/resilience_env/lib/python3.13/site-packages/wntr/epanet/io.py", line 2695, in read
    self.save_energy_line(pidx, linknames[pidx-1], energy)
                                ~~~~~~~~~^^^^^^^^
IndexError: list index out of range
2026-05-17 18:40:16,216 [ERROR] (core.simulation) Fatal error in hydraulic simulation
Traceback (most recent call last):
  File "/home/cintradu/IC/ENAU/ENAU-Modelling/src/core/simulation.py", line 25, in run_hydraulic_simulation
    results = sim.run_sim(convergence_error=True)
  File "/home/cintradu/miniconda3/envs/resilience_env/lib/python3.13/site-packages/wntr/sim/epanet.py", line 133, in run_sim
    results = self.reader.read(outfile, convergence_error, self._wn.options.hydraulic.headloss=='D-W')
  File "/home/cintradu/miniconda3/envs/resilience_env/lib/python3.13/site-packages/wntr/epanet/io.py", line 2695, in read
    self.save_energy_line(pidx, linknames[pidx-1], energy)
                                ~~~~~~~~~^^^^^^^^
IndexError: list index out of range
2026-05-17 18:40:16,222 [ERROR] (wntr.epanet.toolkit) EPANET error 223 - not enough nodes in network
2026-05-17 18:40:16,223 [ERROR] (core.simulation) Fatal error in hydraulic simulation
Traceback (most recent call last):
  File "/home/cintradu/IC/ENAU/ENAU-Modelling/src/core/simulation.py", line 25, in run_hydraulic_simulation
    results = sim.run_sim(convergence_error=True)
  File "/home/cintradu/miniconda3/envs/resilience_env/lib/python3.13/site-packages/wntr/sim/epanet.py", line 120, in run_sim
    enData.ENsolveH()
    ~~~~~~~~~~~~~~~^^
  File "/home/cintradu/miniconda3/envs/resilience_env/lib/python3.13/site-packages/wntr/epanet/toolkit.py", line 240, in ENsolveH
    self._error()
    ~~~~~~~~~~~^^
  File "/home/cintradu/miniconda3/envs/resilience_env/lib/python3.13/site-packages/wntr/epanet/toolkit.py", line 159, in _error
    raise EpanetException(self.errcode)
wntr.epanet.exceptions.EpanetException: (Error 223) not enough nodes in network
2026-05-17 18:40:16,226 [ERROR] (wntr.epanet.toolkit) EPANET error 224 - no tanks or reservoirs in network
2026-05-17 18:40:16,226 [ERROR] (core.simulation) Fatal error in hydraulic simulation
Traceback (most recent call last):
  File "/home/cintradu/IC/ENAU/ENAU-Modelling/src/core/simulation.py", line 25, in run_hydraulic_simulation
    results = sim.run_sim(convergence_error=True)
  File "/home/cintradu/miniconda3/envs/resilience_env/lib/python3.13/site-packages/wntr/sim/epanet.py", line 115, in run_sim
    enData.ENopen(inpfile, rptfile, outfile)
    ~~~~~~~~~~~~~^^^^^^^^^^^^^^^^^^^^^^^^^^^
  File "/home/cintradu/miniconda3/envs/resilience_env/lib/python3.13/site-packages/wntr/epanet/toolkit.py", line 196, in ENopen
    self._error()
    ~~~~~~~~~~~^^
  File "/home/cintradu/miniconda3/envs/resilience_env/lib/python3.13/site-packages/wntr/epanet/toolkit.py", line 159, in _error
    raise EpanetException(self.errcode)
wntr.epanet.exceptions.EpanetException: (Error 224) no tanks or reservoirs in network
2026-05-17 18:40:16,235 [ERROR] (wntr.epanet.io) Simulation did not converge at time 15:00:00.
2026-05-17 18:40:16,235 [ERROR] (core.simulation) Fatal error in hydraulic simulation
Traceback (most recent call last):
  File "/home/cintradu/IC/ENAU/ENAU-Modelling/src/core/simulation.py", line 25, in run_hydraulic_simulation
    results = sim.run_sim(convergence_error=True)
  File "/home/cintradu/miniconda3/envs/resilience_env/lib/python3.13/site-packages/wntr/sim/epanet.py", line 133, in run_sim
    results = self.reader.read(outfile, convergence_error, self._wn.options.hydraulic.headloss=='D-W')
  File "/home/cintradu/miniconda3/envs/resilience_env/lib/python3.13/site-packages/wntr/epanet/io.py", line 2771, in read
    raise RuntimeError('Simulation did not converge at time ' + self._get_time(t) + '.')
RuntimeError: Simulation did not converge at time 15:00:00.
2026-05-17 18:40:16,248 [ERROR] (wntr.epanet.toolkit) EPANET error 200 - one or more errors in input file %s
2026-05-17 18:40:16,248 [ERROR] (core.simulation) Fatal error in hydraulic simulation
Traceback (most recent call last):
  File "/home/cintradu/IC/ENAU/ENAU-Modelling/src/core/simulation.py", line 25, in run_hydraulic_simulation
    results = sim.run_sim(convergence_error=True)
  File "/home/cintradu/miniconda3/envs/resilience_env/lib/python3.13/site-packages/wntr/sim/epanet.py", line 115, in run_sim
    enData.ENopen(inpfile, rptfile, outfile)
    ~~~~~~~~~~~~~^^^^^^^^^^^^^^^^^^^^^^^^^^^
  File "/home/cintradu/miniconda3/envs/resilience_env/lib/python3.13/site-packages/wntr/epanet/toolkit.py", line 196, in ENopen
    self._error()
    ~~~~~~~~~~~^^
  File "/home/cintradu/miniconda3/envs/resilience_env/lib/python3.13/site-packages/wntr/epanet/toolkit.py", line 159, in _error
    raise EpanetException(self.errcode)
wntr.epanet.exceptions.EpanetException: (Error 200) one or more errors in input file %s
2026-05-17 18:40:16,249 [ERROR] (wntr.epanet.toolkit) EPANET error 200 - one or more errors in input file %s
2026-05-17 18:40:16,249 [ERROR] (core.simulation) Fatal error in hydraulic simulation
Traceback (most recent call last):
  File "/home/cintradu/IC/ENAU/ENAU-Modelling/src/core/simulation.py", line 25, in run_hydraulic_simulation
    results = sim.run_sim(convergence_error=True)
  File "/home/cintradu/miniconda3/envs/resilience_env/lib/python3.13/site-packages/wntr/sim/epanet.py", line 115, in run_sim
    enData.ENopen(inpfile, rptfile, outfile)
    ~~~~~~~~~~~~~^^^^^^^^^^^^^^^^^^^^^^^^^^^
  File "/home/cintradu/miniconda3/envs/resilience_env/lib/python3.13/site-packages/wntr/epanet/toolkit.py", line 196, in ENopen
    self._error()
    ~~~~~~~~~~~^^
  File "/home/cintradu/miniconda3/envs/resilience_env/lib/python3.13/site-packages/wntr/epanet/toolkit.py", line 159, in _error
    raise EpanetException(self.errcode)
wntr.epanet.exceptions.EpanetException: (Error 200) one or more errors in input file %s
2026-05-17 18:40:16,252 [ERROR] (wntr.epanet.toolkit) EPANET error 224 - no tanks or reservoirs in network
2026-05-17 18:40:16,252 [ERROR] (core.simulation) Fatal error in hydraulic simulation
Traceback (most recent call last):
  File "/home/cintradu/IC/ENAU/ENAU-Modelling/src/core/simulation.py", line 25, in run_hydraulic_simulation
    results = sim.run_sim(convergence_error=True)
  File "/home/cintradu/miniconda3/envs/resilience_env/lib/python3.13/site-packages/wntr/sim/epanet.py", line 115, in run_sim
    enData.ENopen(inpfile, rptfile, outfile)
    ~~~~~~~~~~~~~^^^^^^^^^^^^^^^^^^^^^^^^^^^
  File "/home/cintradu/miniconda3/envs/resilience_env/lib/python3.13/site-packages/wntr/epanet/toolkit.py", line 196, in ENopen
    self._error()
    ~~~~~~~~~~~^^
  File "/home/cintradu/miniconda3/envs/resilience_env/lib/python3.13/site-packages/wntr/epanet/toolkit.py", line 159, in _error
    raise EpanetException(self.errcode)
wntr.epanet.exceptions.EpanetException: (Error 224) no tanks or reservoirs in network
2026-05-17 18:40:16,255 [ERROR] (wntr.epanet.toolkit) EPANET error 223 - not enough nodes in network
2026-05-17 18:40:16,255 [ERROR] (core.simulation) Fatal error in hydraulic simulation
Traceback (most recent call last):
  File "/home/cintradu/IC/ENAU/ENAU-Modelling/src/core/simulation.py", line 25, in run_hydraulic_simulation
    results = sim.run_sim(convergence_error=True)
  File "/home/cintradu/miniconda3/envs/resilience_env/lib/python3.13/site-packages/wntr/sim/epanet.py", line 115, in run_sim
    enData.ENopen(inpfile, rptfile, outfile)
    ~~~~~~~~~~~~~^^^^^^^^^^^^^^^^^^^^^^^^^^^
  File "/home/cintradu/miniconda3/envs/resilience_env/lib/python3.13/site-packages/wntr/epanet/toolkit.py", line 196, in ENopen
    self._error()
    ~~~~~~~~~~~^^
  File "/home/cintradu/miniconda3/envs/resilience_env/lib/python3.13/site-packages/wntr/epanet/toolkit.py", line 159, in _error
    raise EpanetException(self.errcode)
wntr.epanet.exceptions.EpanetException: (Error 223) not enough nodes in network
2026-05-17 18:40:16,259 [ERROR] (core.simulation) Fatal error in hydraulic simulation
Traceback (most recent call last):
  File "/home/cintradu/IC/ENAU/ENAU-Modelling/src/core/simulation.py", line 25, in run_hydraulic_simulation
    results = sim.run_sim(convergence_error=True)
  File "/home/cintradu/miniconda3/envs/resilience_env/lib/python3.13/site-packages/wntr/sim/epanet.py", line 133, in run_sim
    results = self.reader.read(outfile, convergence_error, self._wn.options.hydraulic.headloss=='D-W')
  File "/home/cintradu/miniconda3/envs/resilience_env/lib/python3.13/site-packages/wntr/epanet/io.py", line 2695, in read
    self.save_energy_line(pidx, linknames[pidx-1], energy)
                                ~~~~~~~~~^^^^^^^^
IndexError: list index out of range
2026-05-17 18:40:16,264 [ERROR] (wntr.epanet.toolkit) EPANET error 224 - no tanks or reservoirs in network
2026-05-17 18:40:16,264 [ERROR] (core.simulation) Fatal error in hydraulic simulation
Traceback (most recent call last):
  File "/home/cintradu/IC/ENAU/ENAU-Modelling/src/core/simulation.py", line 25, in run_hydraulic_simulation
    results = sim.run_sim(convergence_error=True)
  File "/home/cintradu/miniconda3/envs/resilience_env/lib/python3.13/site-packages/wntr/sim/epanet.py", line 115, in run_sim
    enData.ENopen(inpfile, rptfile, outfile)
    ~~~~~~~~~~~~~^^^^^^^^^^^^^^^^^^^^^^^^^^^
  File "/home/cintradu/miniconda3/envs/resilience_env/lib/python3.13/site-packages/wntr/epanet/toolkit.py", line 196, in ENopen
    self._error()
    ~~~~~~~~~~~^^
  File "/home/cintradu/miniconda3/envs/resilience_env/lib/python3.13/site-packages/wntr/epanet/toolkit.py", line 159, in _error
    raise EpanetException(self.errcode)
wntr.epanet.exceptions.EpanetException: (Error 224) no tanks or reservoirs in network
2026-05-17 18:40:16,271 [ERROR] (wntr.epanet.toolkit) EPANET error 200 - one or more errors in input file %s
2026-05-17 18:40:16,271 [ERROR] (core.simulation) Fatal error in hydraulic simulation
Traceback (most recent call last):
  File "/home/cintradu/IC/ENAU/ENAU-Modelling/src/core/simulation.py", line 25, in run_hydraulic_simulation
    results = sim.run_sim(convergence_error=True)
  File "/home/cintradu/miniconda3/envs/resilience_env/lib/python3.13/site-packages/wntr/sim/epanet.py", line 115, in run_sim
    enData.ENopen(inpfile, rptfile, outfile)
    ~~~~~~~~~~~~~^^^^^^^^^^^^^^^^^^^^^^^^^^^
  File "/home/cintradu/miniconda3/envs/resilience_env/lib/python3.13/site-packages/wntr/epanet/toolkit.py", line 196, in ENopen
    self._error()
    ~~~~~~~~~~~^^
  File "/home/cintradu/miniconda3/envs/resilience_env/lib/python3.13/site-packages/wntr/epanet/toolkit.py", line 159, in _error
    raise EpanetException(self.errcode)
wntr.epanet.exceptions.EpanetException: (Error 200) one or more errors in input file %s
2026-05-17 18:40:16,272 [ERROR] (wntr.epanet.toolkit) EPANET error 200 - one or more errors in input file %s
2026-05-17 18:40:16,273 [ERROR] (core.simulation) Fatal error in hydraulic simulation
Traceback (most recent call last):
  File "/home/cintradu/IC/ENAU/ENAU-Modelling/src/core/simulation.py", line 25, in run_hydraulic_simulation
    results = sim.run_sim(convergence_error=True)
  File "/home/cintradu/miniconda3/envs/resilience_env/lib/python3.13/site-packages/wntr/sim/epanet.py", line 115, in run_sim
    enData.ENopen(inpfile, rptfile, outfile)
    ~~~~~~~~~~~~~^^^^^^^^^^^^^^^^^^^^^^^^^^^
  File "/home/cintradu/miniconda3/envs/resilience_env/lib/python3.13/site-packages/wntr/epanet/toolkit.py", line 196, in ENopen
    self._error()
    ~~~~~~~~~~~^^
  File "/home/cintradu/miniconda3/envs/resilience_env/lib/python3.13/site-packages/wntr/epanet/toolkit.py", line 159, in _error
    raise EpanetException(self.errcode)
wntr.epanet.exceptions.EpanetException: (Error 200) one or more errors in input file %s
2026-05-17 18:40:16,280 [ERROR] (wntr.epanet.toolkit) EPANET error 200 - one or more errors in input file %s
2026-05-17 18:40:16,280 [ERROR] (core.simulation) Fatal error in hydraulic simulation
Traceback (most recent call last):
  File "/home/cintradu/IC/ENAU/ENAU-Modelling/src/core/simulation.py", line 25, in run_hydraulic_simulation
    results = sim.run_sim(convergence_error=True)
  File "/home/cintradu/miniconda3/envs/resilience_env/lib/python3.13/site-packages/wntr/sim/epanet.py", line 115, in run_sim
    enData.ENopen(inpfile, rptfile, outfile)
    ~~~~~~~~~~~~~^^^^^^^^^^^^^^^^^^^^^^^^^^^
  File "/home/cintradu/miniconda3/envs/resilience_env/lib/python3.13/site-packages/wntr/epanet/toolkit.py", line 196, in ENopen
    self._error()
    ~~~~~~~~~~~^^
  File "/home/cintradu/miniconda3/envs/resilience_env/lib/python3.13/site-packages/wntr/epanet/toolkit.py", line 159, in _error
    raise EpanetException(self.errcode)
wntr.epanet.exceptions.EpanetException: (Error 200) one or more errors in input file %s
2026-05-17 18:40:16,281 [ERROR] (wntr.epanet.toolkit) EPANET error 200 - one or more errors in input file %s
2026-05-17 18:40:16,281 [ERROR] (core.simulation) Fatal error in hydraulic simulation
Traceback (most recent call last):
  File "/home/cintradu/IC/ENAU/ENAU-Modelling/src/core/simulation.py", line 25, in run_hydraulic_simulation
    results = sim.run_sim(convergence_error=True)
  File "/home/cintradu/miniconda3/envs/resilience_env/lib/python3.13/site-packages/wntr/sim/epanet.py", line 115, in run_sim
    enData.ENopen(inpfile, rptfile, outfile)
    ~~~~~~~~~~~~~^^^^^^^^^^^^^^^^^^^^^^^^^^^
  File "/home/cintradu/miniconda3/envs/resilience_env/lib/python3.13/site-packages/wntr/epanet/toolkit.py", line 196, in ENopen
    self._error()
    ~~~~~~~~~~~^^
  File "/home/cintradu/miniconda3/envs/resilience_env/lib/python3.13/site-packages/wntr/epanet/toolkit.py", line 159, in _error
    raise EpanetException(self.errcode)
wntr.epanet.exceptions.EpanetException: (Error 200) one or more errors in input file %s
2026-05-17 18:40:16,284 [ERROR] (wntr.epanet.toolkit) EPANET error 223 - not enough nodes in network
2026-05-17 18:40:16,284 [ERROR] (core.simulation) Fatal error in hydraulic simulation
Traceback (most recent call last):
  File "/home/cintradu/IC/ENAU/ENAU-Modelling/src/core/simulation.py", line 25, in run_hydraulic_simulation
    results = sim.run_sim(convergence_error=True)
  File "/home/cintradu/miniconda3/envs/resilience_env/lib/python3.13/site-packages/wntr/sim/epanet.py", line 115, in run_sim
    enData.ENopen(inpfile, rptfile, outfile)
    ~~~~~~~~~~~~~^^^^^^^^^^^^^^^^^^^^^^^^^^^
  File "/home/cintradu/miniconda3/envs/resilience_env/lib/python3.13/site-packages/wntr/epanet/toolkit.py", line 196, in ENopen
    self._error()
    ~~~~~~~~~~~^^
  File "/home/cintradu/miniconda3/envs/resilience_env/lib/python3.13/site-packages/wntr/epanet/toolkit.py", line 159, in _error
    raise EpanetException(self.errcode)
wntr.epanet.exceptions.EpanetException: (Error 223) not enough nodes in network
2026-05-17 18:40:16,285 [ERROR] (wntr.epanet.toolkit) EPANET error 223 - not enough nodes in network
2026-05-17 18:40:16,285 [ERROR] (core.simulation) Fatal error in hydraulic simulation
Traceback (most recent call last):
  File "/home/cintradu/IC/ENAU/ENAU-Modelling/src/core/simulation.py", line 25, in run_hydraulic_simulation
    results = sim.run_sim(convergence_error=True)
  File "/home/cintradu/miniconda3/envs/resilience_env/lib/python3.13/site-packages/wntr/sim/epanet.py", line 115, in run_sim
    enData.ENopen(inpfile, rptfile, outfile)
    ~~~~~~~~~~~~~^^^^^^^^^^^^^^^^^^^^^^^^^^^
  File "/home/cintradu/miniconda3/envs/resilience_env/lib/python3.13/site-packages/wntr/epanet/toolkit.py", line 196, in ENopen
    self._error()
    ~~~~~~~~~~~^^
  File "/home/cintradu/miniconda3/envs/resilience_env/lib/python3.13/site-packages/wntr/epanet/toolkit.py", line 159, in _error
    raise EpanetException(self.errcode)
wntr.epanet.exceptions.EpanetException: (Error 223) not enough nodes in network
2026-05-17 18:40:16,289 [ERROR] (wntr.epanet.toolkit) EPANET error 223 - not enough nodes in network
2026-05-17 18:40:16,289 [ERROR] (core.simulation) Fatal error in hydraulic simulation
Traceback (most recent call last):
  File "/home/cintradu/IC/ENAU/ENAU-Modelling/src/core/simulation.py", line 25, in run_hydraulic_simulation
    results = sim.run_sim(convergence_error=True)
  File "/home/cintradu/miniconda3/envs/resilience_env/lib/python3.13/site-packages/wntr/sim/epanet.py", line 115, in run_sim
    enData.ENopen(inpfile, rptfile, outfile)
    ~~~~~~~~~~~~~^^^^^^^^^^^^^^^^^^^^^^^^^^^
  File "/home/cintradu/miniconda3/envs/resilience_env/lib/python3.13/site-packages/wntr/epanet/toolkit.py", line 196, in ENopen
    self._error()
    ~~~~~~~~~~~^^
  File "/home/cintradu/miniconda3/envs/resilience_env/lib/python3.13/site-packages/wntr/epanet/toolkit.py", line 159, in _error
    raise EpanetException(self.errcode)
wntr.epanet.exceptions.EpanetException: (Error 223) not enough nodes in network
2026-05-17 18:40:16,294 [ERROR] (wntr.epanet.toolkit) EPANET error 200 - one or more errors in input file %s
2026-05-17 18:40:16,294 [ERROR] (core.simulation) Fatal error in hydraulic simulation
Traceback (most recent call last):
  File "/home/cintradu/IC/ENAU/ENAU-Modelling/src/core/simulation.py", line 25, in run_hydraulic_simulation
    results = sim.run_sim(convergence_error=True)
  File "/home/cintradu/miniconda3/envs/resilience_env/lib/python3.13/site-packages/wntr/sim/epanet.py", line 115, in run_sim
    enData.ENopen(inpfile, rptfile, outfile)
    ~~~~~~~~~~~~~^^^^^^^^^^^^^^^^^^^^^^^^^^^
  File "/home/cintradu/miniconda3/envs/resilience_env/lib/python3.13/site-packages/wntr/epanet/toolkit.py", line 196, in ENopen
    self._error()
    ~~~~~~~~~~~^^
  File "/home/cintradu/miniconda3/envs/resilience_env/lib/python3.13/site-packages/wntr/epanet/toolkit.py", line 159, in _error
    raise EpanetException(self.errcode)
wntr.epanet.exceptions.EpanetException: (Error 200) one or more errors in input file %s
2026-05-17 18:40:16,349 [ERROR] (core.simulation) Fatal error in hydraulic simulation
Traceback (most recent call last):
  File "/home/cintradu/IC/ENAU/ENAU-Modelling/src/core/simulation.py", line 25, in run_hydraulic_simulation
    results = sim.run_sim(convergence_error=True)
  File "/home/cintradu/miniconda3/envs/resilience_env/lib/python3.13/site-packages/wntr/sim/epanet.py", line 133, in run_sim
    results = self.reader.read(outfile, convergence_error, self._wn.options.hydraulic.headloss=='D-W')
  File "/home/cintradu/miniconda3/envs/resilience_env/lib/python3.13/site-packages/wntr/epanet/io.py", line 2695, in read
    self.save_energy_line(pidx, linknames[pidx-1], energy)
                                ~~~~~~~~~^^^^^^^^
IndexError: list index out of range
2026-05-17 18:40:16,352 [ERROR] (core.simulation) Fatal error in hydraulic simulation
Traceback (most recent call last):
  File "/home/cintradu/IC/ENAU/ENAU-Modelling/src/core/simulation.py", line 25, in run_hydraulic_simulation
    results = sim.run_sim(convergence_error=True)
  File "/home/cintradu/miniconda3/envs/resilience_env/lib/python3.13/site-packages/wntr/sim/epanet.py", line 133, in run_sim
    results = self.reader.read(outfile, convergence_error, self._wn.options.hydraulic.headloss=='D-W')
  File "/home/cintradu/miniconda3/envs/resilience_env/lib/python3.13/site-packages/wntr/epanet/io.py", line 2695, in read
    self.save_energy_line(pidx, linknames[pidx-1], energy)
                                ~~~~~~~~~^^^^^^^^
IndexError: list index out of range
2026-05-17 18:40:16,353 [ERROR] (core.simulation) Fatal error in hydraulic simulation
Traceback (most recent call last):
  File "/home/cintradu/IC/ENAU/ENAU-Modelling/src/core/simulation.py", line 25, in run_hydraulic_simulation
    results = sim.run_sim(convergence_error=True)
  File "/home/cintradu/miniconda3/envs/resilience_env/lib/python3.13/site-packages/wntr/sim/epanet.py", line 133, in run_sim
    results = self.reader.read(outfile, convergence_error, self._wn.options.hydraulic.headloss=='D-W')
  File "/home/cintradu/miniconda3/envs/resilience_env/lib/python3.13/site-packages/wntr/epanet/io.py", line 2695, in read
    self.save_energy_line(pidx, linknames[pidx-1], energy)
                                ~~~~~~~~~^^^^^^^^
IndexError: list index out of range
2026-05-17 18:40:16,356 [ERROR] (core.simulation) Fatal error in hydraulic simulation
Traceback (most recent call last):
  File "/home/cintradu/IC/ENAU/ENAU-Modelling/src/core/simulation.py", line 25, in run_hydraulic_simulation
    results = sim.run_sim(convergence_error=True)
  File "/home/cintradu/miniconda3/envs/resilience_env/lib/python3.13/site-packages/wntr/sim/epanet.py", line 133, in run_sim
    results = self.reader.read(outfile, convergence_error, self._wn.options.hydraulic.headloss=='D-W')
  File "/home/cintradu/miniconda3/envs/resilience_env/lib/python3.13/site-packages/wntr/epanet/io.py", line 2695, in read
    self.save_energy_line(pidx, linknames[pidx-1], energy)
                                ~~~~~~~~~^^^^^^^^
IndexError: list index out of range
2026-05-17 18:40:16,359 [ERROR] (core.simulation) Fatal error in hydraulic simulation
Traceback (most recent call last):
  File "/home/cintradu/IC/ENAU/ENAU-Modelling/src/core/simulation.py", line 25, in run_hydraulic_simulation
    results = sim.run_sim(convergence_error=True)
  File "/home/cintradu/miniconda3/envs/resilience_env/lib/python3.13/site-packages/wntr/sim/epanet.py", line 133, in run_sim
    results = self.reader.read(outfile, convergence_error, self._wn.options.hydraulic.headloss=='D-W')
  File "/home/cintradu/miniconda3/envs/resilience_env/lib/python3.13/site-packages/wntr/epanet/io.py", line 2695, in read
    self.save_energy_line(pidx, linknames[pidx-1], energy)
                                ~~~~~~~~~^^^^^^^^
IndexError: list index out of range
2026-05-17 18:40:16,362 [ERROR] (core.simulation) Fatal error in hydraulic simulation
Traceback (most recent call last):
  File "/home/cintradu/IC/ENAU/ENAU-Modelling/src/core/simulation.py", line 25, in run_hydraulic_simulation
    results = sim.run_sim(convergence_error=True)
  File "/home/cintradu/miniconda3/envs/resilience_env/lib/python3.13/site-packages/wntr/sim/epanet.py", line 133, in run_sim
    results = self.reader.read(outfile, convergence_error, self._wn.options.hydraulic.headloss=='D-W')
  File "/home/cintradu/miniconda3/envs/resilience_env/lib/python3.13/site-packages/wntr/epanet/io.py", line 2695, in read
    self.save_energy_line(pidx, linknames[pidx-1], energy)
                                ~~~~~~~~~^^^^^^^^
IndexError: list index out of range
2026-05-17 18:40:16,379 [ERROR] (core.simulation) Fatal error in hydraulic simulation
Traceback (most recent call last):
  File "/home/cintradu/IC/ENAU/ENAU-Modelling/src/core/simulation.py", line 25, in run_hydraulic_simulation
    results = sim.run_sim(convergence_error=True)
  File "/home/cintradu/miniconda3/envs/resilience_env/lib/python3.13/site-packages/wntr/sim/epanet.py", line 133, in run_sim
    results = self.reader.read(outfile, convergence_error, self._wn.options.hydraulic.headloss=='D-W')
  File "/home/cintradu/miniconda3/envs/resilience_env/lib/python3.13/site-packages/wntr/epanet/io.py", line 2695, in read
    self.save_energy_line(pidx, linknames[pidx-1], energy)
                                ~~~~~~~~~^^^^^^^^
IndexError: list index out of range
2026-05-17 18:40:16,382 [ERROR] (wntr.epanet.toolkit) EPANET error 200 - one or more errors in input file %s
2026-05-17 18:40:16,382 [ERROR] (core.simulation) Fatal error in hydraulic simulation
Traceback (most recent call last):
  File "/home/cintradu/IC/ENAU/ENAU-Modelling/src/core/simulation.py", line 25, in run_hydraulic_simulation
    results = sim.run_sim(convergence_error=True)
  File "/home/cintradu/miniconda3/envs/resilience_env/lib/python3.13/site-packages/wntr/sim/epanet.py", line 115, in run_sim
    enData.ENopen(inpfile, rptfile, outfile)
    ~~~~~~~~~~~~~^^^^^^^^^^^^^^^^^^^^^^^^^^^
  File "/home/cintradu/miniconda3/envs/resilience_env/lib/python3.13/site-packages/wntr/epanet/toolkit.py", line 196, in ENopen
    self._error()
    ~~~~~~~~~~~^^
  File "/home/cintradu/miniconda3/envs/resilience_env/lib/python3.13/site-packages/wntr/epanet/toolkit.py", line 159, in _error
    raise EpanetException(self.errcode)
wntr.epanet.exceptions.EpanetException: (Error 200) one or more errors in input file %s
2026-05-17 18:40:16,399 [ERROR] (core.simulation) Fatal error in hydraulic simulation
Traceback (most recent call last):
  File "/home/cintradu/IC/ENAU/ENAU-Modelling/src/core/simulation.py", line 25, in run_hydraulic_simulation
    results = sim.run_sim(convergence_error=True)
  File "/home/cintradu/miniconda3/envs/resilience_env/lib/python3.13/site-packages/wntr/sim/epanet.py", line 133, in run_sim
    results = self.reader.read(outfile, convergence_error, self._wn.options.hydraulic.headloss=='D-W')
  File "/home/cintradu/miniconda3/envs/resilience_env/lib/python3.13/site-packages/wntr/epanet/io.py", line 2857, in read
    if magic1 != magic2:
       ^^^^^^^^^^^^^^^^
ValueError: The truth value of an empty array is ambiguous. Use `array.size > 0` to check that an array is not empty.
2026-05-17 18:40:16,406 [ERROR] (wntr.epanet.toolkit) EPANET error 224 - no tanks or reservoirs in network
2026-05-17 18:40:16,406 [ERROR] (core.simulation) Fatal error in hydraulic simulation
Traceback (most recent call last):
  File "/home/cintradu/IC/ENAU/ENAU-Modelling/src/core/simulation.py", line 25, in run_hydraulic_simulation
    results = sim.run_sim(convergence_error=True)
  File "/home/cintradu/miniconda3/envs/resilience_env/lib/python3.13/site-packages/wntr/sim/epanet.py", line 115, in run_sim
    enData.ENopen(inpfile, rptfile, outfile)
    ~~~~~~~~~~~~~^^^^^^^^^^^^^^^^^^^^^^^^^^^
  File "/home/cintradu/miniconda3/envs/resilience_env/lib/python3.13/site-packages/wntr/epanet/toolkit.py", line 196, in ENopen
    self._error()
    ~~~~~~~~~~~^^
  File "/home/cintradu/miniconda3/envs/resilience_env/lib/python3.13/site-packages/wntr/epanet/toolkit.py", line 159, in _error
    raise EpanetException(self.errcode)
wntr.epanet.exceptions.EpanetException: (Error 224) no tanks or reservoirs in network
2026-05-17 18:40:16,412 [ERROR] (wntr.epanet.toolkit) EPANET error 200 - one or more errors in input file %s
2026-05-17 18:40:16,413 [ERROR] (core.simulation) Fatal error in hydraulic simulation
Traceback (most recent call last):
  File "/home/cintradu/IC/ENAU/ENAU-Modelling/src/core/simulation.py", line 25, in run_hydraulic_simulation
    results = sim.run_sim(convergence_error=True)
  File "/home/cintradu/miniconda3/envs/resilience_env/lib/python3.13/site-packages/wntr/sim/epanet.py", line 115, in run_sim
    enData.ENopen(inpfile, rptfile, outfile)
    ~~~~~~~~~~~~~^^^^^^^^^^^^^^^^^^^^^^^^^^^
  File "/home/cintradu/miniconda3/envs/resilience_env/lib/python3.13/site-packages/wntr/epanet/toolkit.py", line 196, in ENopen
    self._error()
    ~~~~~~~~~~~^^
  File "/home/cintradu/miniconda3/envs/resilience_env/lib/python3.13/site-packages/wntr/epanet/toolkit.py", line 159, in _error
    raise EpanetException(self.errcode)
wntr.epanet.exceptions.EpanetException: (Error 200) one or more errors in input file %s
2026-05-17 18:40:16,413 [ERROR] (core.simulation) Fatal error in hydraulic simulation
Traceback (most recent call last):
  File "/home/cintradu/IC/ENAU/ENAU-Modelling/src/core/simulation.py", line 25, in run_hydraulic_simulation
    results = sim.run_sim(convergence_error=True)
  File "/home/cintradu/miniconda3/envs/resilience_env/lib/python3.13/site-packages/wntr/sim/epanet.py", line 133, in run_sim
    results = self.reader.read(outfile, convergence_error, self._wn.options.hydraulic.headloss=='D-W')
  File "/home/cintradu/miniconda3/envs/resilience_env/lib/python3.13/site-packages/wntr/epanet/io.py", line 2695, in read
    self.save_energy_line(pidx, linknames[pidx-1], energy)
                                ~~~~~~~~~^^^^^^^^
IndexError: list index out of range
2026-05-17 18:40:16,415 [ERROR] (core.simulation) Fatal error in hydraulic simulation
Traceback (most recent call last):
  File "/home/cintradu/IC/ENAU/ENAU-Modelling/src/core/simulation.py", line 25, in run_hydraulic_simulation
    results = sim.run_sim(convergence_error=True)
  File "/home/cintradu/miniconda3/envs/resilience_env/lib/python3.13/site-packages/wntr/sim/epanet.py", line 133, in run_sim
    results = self.reader.read(outfile, convergence_error, self._wn.options.hydraulic.headloss=='D-W')
  File "/home/cintradu/miniconda3/envs/resilience_env/lib/python3.13/site-packages/wntr/epanet/io.py", line 2695, in read
    self.save_energy_line(pidx, linknames[pidx-1], energy)
                                ~~~~~~~~~^^^^^^^^
IndexError: list index out of range
2026-05-17 18:40:16,426 [ERROR] (wntr.epanet.toolkit) EPANET error 200 - one or more errors in input file %s
2026-05-17 18:40:16,428 [ERROR] (wntr.epanet.toolkit) EPANET error 200 - one or more errors in input file %s
2026-05-17 18:40:16,427 [ERROR] (core.simulation) Fatal error in hydraulic simulation
Traceback (most recent call last):
  File "/home/cintradu/IC/ENAU/ENAU-Modelling/src/core/simulation.py", line 25, in run_hydraulic_simulation
    results = sim.run_sim(convergence_error=True)
  File "/home/cintradu/miniconda3/envs/resilience_env/lib/python3.13/site-packages/wntr/sim/epanet.py", line 115, in run_sim
    enData.ENopen(inpfile, rptfile, outfile)
    ~~~~~~~~~~~~~^^^^^^^^^^^^^^^^^^^^^^^^^^^
  File "/home/cintradu/miniconda3/envs/resilience_env/lib/python3.13/site-packages/wntr/epanet/toolkit.py", line 196, in ENopen
    self._error()
    ~~~~~~~~~~~^^
  File "/home/cintradu/miniconda3/envs/resilience_env/lib/python3.13/site-packages/wntr/epanet/toolkit.py", line 159, in _error
    raise EpanetException(self.errcode)
wntr.epanet.exceptions.EpanetException: (Error 200) one or more errors in input file %s
2026-05-17 18:40:16,428 [ERROR] (core.simulation) Fatal error in hydraulic simulation
Traceback (most recent call last):
  File "/home/cintradu/IC/ENAU/ENAU-Modelling/src/core/simulation.py", line 25, in run_hydraulic_simulation
    results = sim.run_sim(convergence_error=True)
  File "/home/cintradu/miniconda3/envs/resilience_env/lib/python3.13/site-packages/wntr/sim/epanet.py", line 115, in run_sim
    enData.ENopen(inpfile, rptfile, outfile)
    ~~~~~~~~~~~~~^^^^^^^^^^^^^^^^^^^^^^^^^^^
  File "/home/cintradu/miniconda3/envs/resilience_env/lib/python3.13/site-packages/wntr/epanet/toolkit.py", line 196, in ENopen
    self._error()
    ~~~~~~~~~~~^^
  File "/home/cintradu/miniconda3/envs/resilience_env/lib/python3.13/site-packages/wntr/epanet/toolkit.py", line 159, in _error
    raise EpanetException(self.errcode)
wntr.epanet.exceptions.EpanetException: (Error 200) one or more errors in input file %s
2026-05-17 18:40:16,433 [ERROR] (wntr.epanet.toolkit) EPANET error 224 - no tanks or reservoirs in network
2026-05-17 18:40:16,433 [ERROR] (core.simulation) Fatal error in hydraulic simulation
Traceback (most recent call last):
  File "/home/cintradu/IC/ENAU/ENAU-Modelling/src/core/simulation.py", line 25, in run_hydraulic_simulation
    results = sim.run_sim(convergence_error=True)
  File "/home/cintradu/miniconda3/envs/resilience_env/lib/python3.13/site-packages/wntr/sim/epanet.py", line 115, in run_sim
    enData.ENopen(inpfile, rptfile, outfile)
    ~~~~~~~~~~~~~^^^^^^^^^^^^^^^^^^^^^^^^^^^
  File "/home/cintradu/miniconda3/envs/resilience_env/lib/python3.13/site-packages/wntr/epanet/toolkit.py", line 196, in ENopen
    self._error()
    ~~~~~~~~~~~^^
  File "/home/cintradu/miniconda3/envs/resilience_env/lib/python3.13/site-packages/wntr/epanet/toolkit.py", line 159, in _error
    raise EpanetException(self.errcode)
wntr.epanet.exceptions.EpanetException: (Error 224) no tanks or reservoirs in network
2026-05-17 18:40:16,434 [ERROR] (wntr.epanet.toolkit) EPANET error 223 - not enough nodes in network
2026-05-17 18:40:16,434 [ERROR] (core.simulation) Fatal error in hydraulic simulation
Traceback (most recent call last):
  File "/home/cintradu/IC/ENAU/ENAU-Modelling/src/core/simulation.py", line 25, in run_hydraulic_simulation
    results = sim.run_sim(convergence_error=True)
  File "/home/cintradu/miniconda3/envs/resilience_env/lib/python3.13/site-packages/wntr/sim/epanet.py", line 115, in run_sim
    enData.ENopen(inpfile, rptfile, outfile)
    ~~~~~~~~~~~~~^^^^^^^^^^^^^^^^^^^^^^^^^^^
  File "/home/cintradu/miniconda3/envs/resilience_env/lib/python3.13/site-packages/wntr/epanet/toolkit.py", line 196, in ENopen
    self._error()
    ~~~~~~~~~~~^^
  File "/home/cintradu/miniconda3/envs/resilience_env/lib/python3.13/site-packages/wntr/epanet/toolkit.py", line 159, in _error
    raise EpanetException(self.errcode)
wntr.epanet.exceptions.EpanetException: (Error 223) not enough nodes in network
2026-05-17 18:40:16,434 [ERROR] (core.simulation) Fatal error in hydraulic simulation
Traceback (most recent call last):
  File "/home/cintradu/IC/ENAU/ENAU-Modelling/src/core/simulation.py", line 25, in run_hydraulic_simulation
    results = sim.run_sim(convergence_error=True)
  File "/home/cintradu/miniconda3/envs/resilience_env/lib/python3.13/site-packages/wntr/sim/epanet.py", line 133, in run_sim
    results = self.reader.read(outfile, convergence_error, self._wn.options.hydraulic.headloss=='D-W')
  File "/home/cintradu/miniconda3/envs/resilience_env/lib/python3.13/site-packages/wntr/epanet/io.py", line 2695, in read
    self.save_energy_line(pidx, linknames[pidx-1], energy)
                                ~~~~~~~~~^^^^^^^^
IndexError: list index out of range
2026-05-17 18:40:16,445 [ERROR] (wntr.epanet.toolkit) EPANET error 200 - one or more errors in input file %s
2026-05-17 18:40:16,445 [ERROR] (core.simulation) Fatal error in hydraulic simulation
Traceback (most recent call last):
  File "/home/cintradu/IC/ENAU/ENAU-Modelling/src/core/simulation.py", line 25, in run_hydraulic_simulation
    results = sim.run_sim(convergence_error=True)
  File "/home/cintradu/miniconda3/envs/resilience_env/lib/python3.13/site-packages/wntr/sim/epanet.py", line 115, in run_sim
    enData.ENopen(inpfile, rptfile, outfile)
    ~~~~~~~~~~~~~^^^^^^^^^^^^^^^^^^^^^^^^^^^
  File "/home/cintradu/miniconda3/envs/resilience_env/lib/python3.13/site-packages/wntr/epanet/toolkit.py", line 196, in ENopen
    self._error()
    ~~~~~~~~~~~^^
  File "/home/cintradu/miniconda3/envs/resilience_env/lib/python3.13/site-packages/wntr/epanet/toolkit.py", line 159, in _error
    raise EpanetException(self.errcode)
wntr.epanet.exceptions.EpanetException: (Error 200) one or more errors in input file %s
2026-05-17 18:40:16,449 [ERROR] (wntr.epanet.toolkit) EPANET error 224 - no tanks or reservoirs in network
2026-05-17 18:40:16,449 [ERROR] (wntr.epanet.toolkit) EPANET error 200 - one or more errors in input file %s
2026-05-17 18:40:16,450 [ERROR] (wntr.epanet.toolkit) EPANET error 224 - no tanks or reservoirs in network
2026-05-17 18:40:16,450 [ERROR] (wntr.epanet.toolkit) EPANET error 224 - no tanks or reservoirs in network
2026-05-17 18:40:16,449 [ERROR] (core.simulation) Fatal error in hydraulic simulation
Traceback (most recent call last):
  File "/home/cintradu/IC/ENAU/ENAU-Modelling/src/core/simulation.py", line 25, in run_hydraulic_simulation
    results = sim.run_sim(convergence_error=True)
  File "/home/cintradu/miniconda3/envs/resilience_env/lib/python3.13/site-packages/wntr/sim/epanet.py", line 115, in run_sim
    enData.ENopen(inpfile, rptfile, outfile)
    ~~~~~~~~~~~~~^^^^^^^^^^^^^^^^^^^^^^^^^^^
  File "/home/cintradu/miniconda3/envs/resilience_env/lib/python3.13/site-packages/wntr/epanet/toolkit.py", line 196, in ENopen
    self._error()
    ~~~~~~~~~~~^^
  File "/home/cintradu/miniconda3/envs/resilience_env/lib/python3.13/site-packages/wntr/epanet/toolkit.py", line 159, in _error
    raise EpanetException(self.errcode)
wntr.epanet.exceptions.EpanetException: (Error 224) no tanks or reservoirs in network
2026-05-17 18:40:16,449 [ERROR] (core.simulation) Fatal error in hydraulic simulation
Traceback (most recent call last):
  File "/home/cintradu/IC/ENAU/ENAU-Modelling/src/core/simulation.py", line 25, in run_hydraulic_simulation
    results = sim.run_sim(convergence_error=True)
  File "/home/cintradu/miniconda3/envs/resilience_env/lib/python3.13/site-packages/wntr/sim/epanet.py", line 115, in run_sim
    enData.ENopen(inpfile, rptfile, outfile)
    ~~~~~~~~~~~~~^^^^^^^^^^^^^^^^^^^^^^^^^^^
  File "/home/cintradu/miniconda3/envs/resilience_env/lib/python3.13/site-packages/wntr/epanet/toolkit.py", line 196, in ENopen
    self._error()
    ~~~~~~~~~~~^^
  File "/home/cintradu/miniconda3/envs/resilience_env/lib/python3.13/site-packages/wntr/epanet/toolkit.py", line 159, in _error
    raise EpanetException(self.errcode)
wntr.epanet.exceptions.EpanetException: (Error 200) one or more errors in input file %s
2026-05-17 18:40:16,450 [ERROR] (wntr.epanet.toolkit) EPANET error 224 - no tanks or reservoirs in network
2026-05-17 18:40:16,450 [ERROR] (core.simulation) Fatal error in hydraulic simulation
Traceback (most recent call last):
  File "/home/cintradu/IC/ENAU/ENAU-Modelling/src/core/simulation.py", line 25, in run_hydraulic_simulation
    results = sim.run_sim(convergence_error=True)
  File "/home/cintradu/miniconda3/envs/resilience_env/lib/python3.13/site-packages/wntr/sim/epanet.py", line 115, in run_sim
    enData.ENopen(inpfile, rptfile, outfile)
    ~~~~~~~~~~~~~^^^^^^^^^^^^^^^^^^^^^^^^^^^
  File "/home/cintradu/miniconda3/envs/resilience_env/lib/python3.13/site-packages/wntr/epanet/toolkit.py", line 196, in ENopen
    self._error()
    ~~~~~~~~~~~^^
  File "/home/cintradu/miniconda3/envs/resilience_env/lib/python3.13/site-packages/wntr/epanet/toolkit.py", line 159, in _error
    raise EpanetException(self.errcode)
wntr.epanet.exceptions.EpanetException: (Error 224) no tanks or reservoirs in network
2026-05-17 18:40:16,450 [ERROR] (core.simulation) Fatal error in hydraulic simulation
Traceback (most recent call last):
  File "/home/cintradu/IC/ENAU/ENAU-Modelling/src/core/simulation.py", line 25, in run_hydraulic_simulation
    results = sim.run_sim(convergence_error=True)
  File "/home/cintradu/miniconda3/envs/resilience_env/lib/python3.13/site-packages/wntr/sim/epanet.py", line 115, in run_sim
    enData.ENopen(inpfile, rptfile, outfile)
    ~~~~~~~~~~~~~^^^^^^^^^^^^^^^^^^^^^^^^^^^
  File "/home/cintradu/miniconda3/envs/resilience_env/lib/python3.13/site-packages/wntr/epanet/toolkit.py", line 196, in ENopen
    self._error()
    ~~~~~~~~~~~^^
  File "/home/cintradu/miniconda3/envs/resilience_env/lib/python3.13/site-packages/wntr/epanet/toolkit.py", line 159, in _error
    raise EpanetException(self.errcode)
wntr.epanet.exceptions.EpanetException: (Error 224) no tanks or reservoirs in network
2026-05-17 18:40:16,451 [ERROR] (core.simulation) Fatal error in hydraulic simulation
Traceback (most recent call last):
  File "/home/cintradu/IC/ENAU/ENAU-Modelling/src/core/simulation.py", line 25, in run_hydraulic_simulation
    results = sim.run_sim(convergence_error=True)
  File "/home/cintradu/miniconda3/envs/resilience_env/lib/python3.13/site-packages/wntr/sim/epanet.py", line 115, in run_sim
    enData.ENopen(inpfile, rptfile, outfile)
    ~~~~~~~~~~~~~^^^^^^^^^^^^^^^^^^^^^^^^^^^
  File "/home/cintradu/miniconda3/envs/resilience_env/lib/python3.13/site-packages/wntr/epanet/toolkit.py", line 196, in ENopen
    self._error()
    ~~~~~~~~~~~^^
  File "/home/cintradu/miniconda3/envs/resilience_env/lib/python3.13/site-packages/wntr/epanet/toolkit.py", line 159, in _error
    raise EpanetException(self.errcode)
wntr.epanet.exceptions.EpanetException: (Error 224) no tanks or reservoirs in network
2026-05-17 18:40:16,453 [ERROR] (wntr.epanet.toolkit) EPANET error 223 - not enough nodes in network
2026-05-17 18:40:16,453 [ERROR] (core.simulation) Fatal error in hydraulic simulation
Traceback (most recent call last):
  File "/home/cintradu/IC/ENAU/ENAU-Modelling/src/core/simulation.py", line 25, in run_hydraulic_simulation
    results = sim.run_sim(convergence_error=True)
  File "/home/cintradu/miniconda3/envs/resilience_env/lib/python3.13/site-packages/wntr/sim/epanet.py", line 115, in run_sim
    enData.ENopen(inpfile, rptfile, outfile)
    ~~~~~~~~~~~~~^^^^^^^^^^^^^^^^^^^^^^^^^^^
  File "/home/cintradu/miniconda3/envs/resilience_env/lib/python3.13/site-packages/wntr/epanet/toolkit.py", line 196, in ENopen
    self._error()
    ~~~~~~~~~~~^^
  File "/home/cintradu/miniconda3/envs/resilience_env/lib/python3.13/site-packages/wntr/epanet/toolkit.py", line 159, in _error
    raise EpanetException(self.errcode)
wntr.epanet.exceptions.EpanetException: (Error 223) not enough nodes in network
2026-05-17 18:40:16,456 [ERROR] (wntr.epanet.toolkit) EPANET error 200 - one or more errors in input file %s
2026-05-17 18:40:16,456 [ERROR] (core.simulation) Fatal error in hydraulic simulation
Traceback (most recent call last):
  File "/home/cintradu/IC/ENAU/ENAU-Modelling/src/core/simulation.py", line 25, in run_hydraulic_simulation
    results = sim.run_sim(convergence_error=True)
  File "/home/cintradu/miniconda3/envs/resilience_env/lib/python3.13/site-packages/wntr/sim/epanet.py", line 115, in run_sim
    enData.ENopen(inpfile, rptfile, outfile)
    ~~~~~~~~~~~~~^^^^^^^^^^^^^^^^^^^^^^^^^^^
  File "/home/cintradu/miniconda3/envs/resilience_env/lib/python3.13/site-packages/wntr/epanet/toolkit.py", line 196, in ENopen
    self._error()
    ~~~~~~~~~~~^^
  File "/home/cintradu/miniconda3/envs/resilience_env/lib/python3.13/site-packages/wntr/epanet/toolkit.py", line 159, in _error
    raise EpanetException(self.errcode)
wntr.epanet.exceptions.EpanetException: (Error 200) one or more errors in input file %s
2026-05-17 18:40:16,519 [ERROR] (wntr.epanet.io) Simulation did not converge at time 08:00:00.
2026-05-17 18:40:16,518 [ERROR] (core.simulation) Fatal error in hydraulic simulation
Traceback (most recent call last):
  File "/home/cintradu/IC/ENAU/ENAU-Modelling/src/core/simulation.py", line 25, in run_hydraulic_simulation
    results = sim.run_sim(convergence_error=True)
  File "/home/cintradu/miniconda3/envs/resilience_env/lib/python3.13/site-packages/wntr/sim/epanet.py", line 133, in run_sim
    results = self.reader.read(outfile, convergence_error, self._wn.options.hydraulic.headloss=='D-W')
  File "/home/cintradu/miniconda3/envs/resilience_env/lib/python3.13/site-packages/wntr/epanet/io.py", line 2695, in read
    self.save_energy_line(pidx, linknames[pidx-1], energy)
                                ~~~~~~~~~^^^^^^^^
IndexError: list index out of range
2026-05-17 18:40:16,519 [ERROR] (core.simulation) Fatal error in hydraulic simulation
Traceback (most recent call last):
  File "/home/cintradu/IC/ENAU/ENAU-Modelling/src/core/simulation.py", line 25, in run_hydraulic_simulation
    results = sim.run_sim(convergence_error=True)
  File "/home/cintradu/miniconda3/envs/resilience_env/lib/python3.13/site-packages/wntr/sim/epanet.py", line 133, in run_sim
    results = self.reader.read(outfile, convergence_error, self._wn.options.hydraulic.headloss=='D-W')
  File "/home/cintradu/miniconda3/envs/resilience_env/lib/python3.13/site-packages/wntr/epanet/io.py", line 2771, in read
    raise RuntimeError('Simulation did not converge at time ' + self._get_time(t) + '.')
RuntimeError: Simulation did not converge at time 08:00:00.
2026-05-17 18:40:16,521 [ERROR] (core.simulation) Fatal error in hydraulic simulation
Traceback (most recent call last):
  File "/home/cintradu/IC/ENAU/ENAU-Modelling/src/core/simulation.py", line 25, in run_hydraulic_simulation
    results = sim.run_sim(convergence_error=True)
  File "/home/cintradu/miniconda3/envs/resilience_env/lib/python3.13/site-packages/wntr/sim/epanet.py", line 133, in run_sim
    results = self.reader.read(outfile, convergence_error, self._wn.options.hydraulic.headloss=='D-W')
  File "/home/cintradu/miniconda3/envs/resilience_env/lib/python3.13/site-packages/wntr/epanet/io.py", line 2695, in read
    self.save_energy_line(pidx, linknames[pidx-1], energy)
                                ~~~~~~~~~^^^^^^^^
IndexError: list index out of range
2026-05-17 18:40:16,524 [ERROR] (wntr.epanet.io) Simulation did not converge at time 24:00:00.
2026-05-17 18:40:16,523 [ERROR] (core.simulation) Fatal error in hydraulic simulation
Traceback (most recent call last):
  File "/home/cintradu/IC/ENAU/ENAU-Modelling/src/core/simulation.py", line 25, in run_hydraulic_simulation
    results = sim.run_sim(convergence_error=True)
  File "/home/cintradu/miniconda3/envs/resilience_env/lib/python3.13/site-packages/wntr/sim/epanet.py", line 133, in run_sim
    results = self.reader.read(outfile, convergence_error, self._wn.options.hydraulic.headloss=='D-W')
  File "/home/cintradu/miniconda3/envs/resilience_env/lib/python3.13/site-packages/wntr/epanet/io.py", line 2695, in read
    self.save_energy_line(pidx, linknames[pidx-1], energy)
                                ~~~~~~~~~^^^^^^^^
IndexError: list index out of range
2026-05-17 18:40:16,526 [ERROR] (core.simulation) Fatal error in hydraulic simulation
Traceback (most recent call last):
  File "/home/cintradu/IC/ENAU/ENAU-Modelling/src/core/simulation.py", line 25, in run_hydraulic_simulation
    results = sim.run_sim(convergence_error=True)
  File "/home/cintradu/miniconda3/envs/resilience_env/lib/python3.13/site-packages/wntr/sim/epanet.py", line 133, in run_sim
    results = self.reader.read(outfile, convergence_error, self._wn.options.hydraulic.headloss=='D-W')
  File "/home/cintradu/miniconda3/envs/resilience_env/lib/python3.13/site-packages/wntr/epanet/io.py", line 2771, in read
    raise RuntimeError('Simulation did not converge at time ' + self._get_time(t) + '.')
RuntimeError: Simulation did not converge at time 24:00:00.
2026-05-17 18:40:16,536 [ERROR] (wntr.epanet.toolkit) EPANET error 200 - one or more errors in input file %s
2026-05-17 18:40:16,536 [ERROR] (wntr.epanet.toolkit) EPANET error 200 - one or more errors in input file %s
2026-05-17 18:40:16,536 [ERROR] (core.simulation) Fatal error in hydraulic simulation
Traceback (most recent call last):
  File "/home/cintradu/IC/ENAU/ENAU-Modelling/src/core/simulation.py", line 25, in run_hydraulic_simulation
    results = sim.run_sim(convergence_error=True)
  File "/home/cintradu/miniconda3/envs/resilience_env/lib/python3.13/site-packages/wntr/sim/epanet.py", line 115, in run_sim
    enData.ENopen(inpfile, rptfile, outfile)
    ~~~~~~~~~~~~~^^^^^^^^^^^^^^^^^^^^^^^^^^^
  File "/home/cintradu/miniconda3/envs/resilience_env/lib/python3.13/site-packages/wntr/epanet/toolkit.py", line 196, in ENopen
    self._error()
    ~~~~~~~~~~~^^
  File "/home/cintradu/miniconda3/envs/resilience_env/lib/python3.13/site-packages/wntr/epanet/toolkit.py", line 159, in _error
    raise EpanetException(self.errcode)
wntr.epanet.exceptions.EpanetException: (Error 200) one or more errors in input file %s
2026-05-17 18:40:16,536 [ERROR] (core.simulation) Fatal error in hydraulic simulation
Traceback (most recent call last):
  File "/home/cintradu/IC/ENAU/ENAU-Modelling/src/core/simulation.py", line 25, in run_hydraulic_simulation
    results = sim.run_sim(convergence_error=True)
  File "/home/cintradu/miniconda3/envs/resilience_env/lib/python3.13/site-packages/wntr/sim/epanet.py", line 115, in run_sim
    enData.ENopen(inpfile, rptfile, outfile)
    ~~~~~~~~~~~~~^^^^^^^^^^^^^^^^^^^^^^^^^^^
  File "/home/cintradu/miniconda3/envs/resilience_env/lib/python3.13/site-packages/wntr/epanet/toolkit.py", line 196, in ENopen
    self._error()
    ~~~~~~~~~~~^^
  File "/home/cintradu/miniconda3/envs/resilience_env/lib/python3.13/site-packages/wntr/epanet/toolkit.py", line 159, in _error
    raise EpanetException(self.errcode)
wntr.epanet.exceptions.EpanetException: (Error 200) one or more errors in input file %s
2026-05-17 18:40:16,539 [ERROR] (wntr.epanet.toolkit) EPANET error 224 - no tanks or reservoirs in network
2026-05-17 18:40:16,539 [ERROR] (core.simulation) Fatal error in hydraulic simulation
Traceback (most recent call last):
  File "/home/cintradu/IC/ENAU/ENAU-Modelling/src/core/simulation.py", line 25, in run_hydraulic_simulation
    results = sim.run_sim(convergence_error=True)
  File "/home/cintradu/miniconda3/envs/resilience_env/lib/python3.13/site-packages/wntr/sim/epanet.py", line 115, in run_sim
    enData.ENopen(inpfile, rptfile, outfile)
    ~~~~~~~~~~~~~^^^^^^^^^^^^^^^^^^^^^^^^^^^
  File "/home/cintradu/miniconda3/envs/resilience_env/lib/python3.13/site-packages/wntr/epanet/toolkit.py", line 196, in ENopen
    self._error()
    ~~~~~~~~~~~^^
  File "/home/cintradu/miniconda3/envs/resilience_env/lib/python3.13/site-packages/wntr/epanet/toolkit.py", line 159, in _error
    raise EpanetException(self.errcode)
wntr.epanet.exceptions.EpanetException: (Error 224) no tanks or reservoirs in network
2026-05-17 18:40:16,547 [ERROR] (wntr.epanet.toolkit) EPANET error 200 - one or more errors in input file %s
2026-05-17 18:40:16,547 [ERROR] (core.simulation) Fatal error in hydraulic simulation
Traceback (most recent call last):
  File "/home/cintradu/IC/ENAU/ENAU-Modelling/src/core/simulation.py", line 25, in run_hydraulic_simulation
    results = sim.run_sim(convergence_error=True)
  File "/home/cintradu/miniconda3/envs/resilience_env/lib/python3.13/site-packages/wntr/sim/epanet.py", line 115, in run_sim
    enData.ENopen(inpfile, rptfile, outfile)
    ~~~~~~~~~~~~~^^^^^^^^^^^^^^^^^^^^^^^^^^^
  File "/home/cintradu/miniconda3/envs/resilience_env/lib/python3.13/site-packages/wntr/epanet/toolkit.py", line 196, in ENopen
    self._error()
    ~~~~~~~~~~~^^
  File "/home/cintradu/miniconda3/envs/resilience_env/lib/python3.13/site-packages/wntr/epanet/toolkit.py", line 159, in _error
    raise EpanetException(self.errcode)
wntr.epanet.exceptions.EpanetException: (Error 200) one or more errors in input file %s
2026-05-17 18:40:16,549 [ERROR] (wntr.epanet.toolkit) EPANET error 200 - one or more errors in input file %s
2026-05-17 18:40:16,549 [ERROR] (core.simulation) Fatal error in hydraulic simulation
Traceback (most recent call last):
  File "/home/cintradu/IC/ENAU/ENAU-Modelling/src/core/simulation.py", line 25, in run_hydraulic_simulation
    results = sim.run_sim(convergence_error=True)
  File "/home/cintradu/miniconda3/envs/resilience_env/lib/python3.13/site-packages/wntr/sim/epanet.py", line 115, in run_sim
    enData.ENopen(inpfile, rptfile, outfile)
    ~~~~~~~~~~~~~^^^^^^^^^^^^^^^^^^^^^^^^^^^
  File "/home/cintradu/miniconda3/envs/resilience_env/lib/python3.13/site-packages/wntr/epanet/toolkit.py", line 196, in ENopen
    self._error()
    ~~~~~~~~~~~^^
  File "/home/cintradu/miniconda3/envs/resilience_env/lib/python3.13/site-packages/wntr/epanet/toolkit.py", line 159, in _error
    raise EpanetException(self.errcode)
wntr.epanet.exceptions.EpanetException: (Error 200) one or more errors in input file %s
2026-05-17 18:40:16,552 [ERROR] (wntr.epanet.toolkit) EPANET error 224 - no tanks or reservoirs in network
2026-05-17 18:40:16,552 [ERROR] (wntr.epanet.toolkit) EPANET error 224 - no tanks or reservoirs in network
2026-05-17 18:40:16,552 [ERROR] (core.simulation) Fatal error in hydraulic simulation
Traceback (most recent call last):
  File "/home/cintradu/IC/ENAU/ENAU-Modelling/src/core/simulation.py", line 25, in run_hydraulic_simulation
    results = sim.run_sim(convergence_error=True)
  File "/home/cintradu/miniconda3/envs/resilience_env/lib/python3.13/site-packages/wntr/sim/epanet.py", line 115, in run_sim
    enData.ENopen(inpfile, rptfile, outfile)
    ~~~~~~~~~~~~~^^^^^^^^^^^^^^^^^^^^^^^^^^^
  File "/home/cintradu/miniconda3/envs/resilience_env/lib/python3.13/site-packages/wntr/epanet/toolkit.py", line 196, in ENopen
    self._error()
    ~~~~~~~~~~~^^
  File "/home/cintradu/miniconda3/envs/resilience_env/lib/python3.13/site-packages/wntr/epanet/toolkit.py", line 159, in _error
    raise EpanetException(self.errcode)
wntr.epanet.exceptions.EpanetException: (Error 224) no tanks or reservoirs in network
2026-05-17 18:40:16,552 [ERROR] (core.simulation) Fatal error in hydraulic simulation
Traceback (most recent call last):
  File "/home/cintradu/IC/ENAU/ENAU-Modelling/src/core/simulation.py", line 25, in run_hydraulic_simulation
    results = sim.run_sim(convergence_error=True)
  File "/home/cintradu/miniconda3/envs/resilience_env/lib/python3.13/site-packages/wntr/sim/epanet.py", line 115, in run_sim
    enData.ENopen(inpfile, rptfile, outfile)
    ~~~~~~~~~~~~~^^^^^^^^^^^^^^^^^^^^^^^^^^^
  File "/home/cintradu/miniconda3/envs/resilience_env/lib/python3.13/site-packages/wntr/epanet/toolkit.py", line 196, in ENopen
    self._error()
    ~~~~~~~~~~~^^
  File "/home/cintradu/miniconda3/envs/resilience_env/lib/python3.13/site-packages/wntr/epanet/toolkit.py", line 159, in _error
    raise EpanetException(self.errcode)
wntr.epanet.exceptions.EpanetException: (Error 224) no tanks or reservoirs in network
2026-05-17 18:40:16,554 [ERROR] (wntr.epanet.toolkit) EPANET error 223 - not enough nodes in network
2026-05-17 18:40:16,555 [ERROR] (core.simulation) Fatal error in hydraulic simulation
Traceback (most recent call last):
  File "/home/cintradu/IC/ENAU/ENAU-Modelling/src/core/simulation.py", line 25, in run_hydraulic_simulation
    results = sim.run_sim(convergence_error=True)
  File "/home/cintradu/miniconda3/envs/resilience_env/lib/python3.13/site-packages/wntr/sim/epanet.py", line 115, in run_sim
    enData.ENopen(inpfile, rptfile, outfile)
    ~~~~~~~~~~~~~^^^^^^^^^^^^^^^^^^^^^^^^^^^
  File "/home/cintradu/miniconda3/envs/resilience_env/lib/python3.13/site-packages/wntr/epanet/toolkit.py", line 196, in ENopen
    self._error()
    ~~~~~~~~~~~^^
  File "/home/cintradu/miniconda3/envs/resilience_env/lib/python3.13/site-packages/wntr/epanet/toolkit.py", line 159, in _error
    raise EpanetException(self.errcode)
wntr.epanet.exceptions.EpanetException: (Error 223) not enough nodes in network
2026-05-17 18:40:16,562 [ERROR] (wntr.epanet.toolkit) EPANET error 200 - one or more errors in input file %s
2026-05-17 18:40:16,562 [ERROR] (core.simulation) Fatal error in hydraulic simulation
Traceback (most recent call last):
  File "/home/cintradu/IC/ENAU/ENAU-Modelling/src/core/simulation.py", line 25, in run_hydraulic_simulation
    results = sim.run_sim(convergence_error=True)
  File "/home/cintradu/miniconda3/envs/resilience_env/lib/python3.13/site-packages/wntr/sim/epanet.py", line 115, in run_sim
    enData.ENopen(inpfile, rptfile, outfile)
    ~~~~~~~~~~~~~^^^^^^^^^^^^^^^^^^^^^^^^^^^
  File "/home/cintradu/miniconda3/envs/resilience_env/lib/python3.13/site-packages/wntr/epanet/toolkit.py", line 196, in ENopen
    self._error()
    ~~~~~~~~~~~^^
  File "/home/cintradu/miniconda3/envs/resilience_env/lib/python3.13/site-packages/wntr/epanet/toolkit.py", line 159, in _error
    raise EpanetException(self.errcode)
wntr.epanet.exceptions.EpanetException: (Error 200) one or more errors in input file %s
2026-05-17 18:40:16,565 [ERROR] (wntr.epanet.toolkit) EPANET error 200 - one or more errors in input file %s
2026-05-17 18:40:16,565 [ERROR] (wntr.epanet.toolkit) EPANET error 223 - not enough nodes in network
2026-05-17 18:40:16,565 [ERROR] (core.simulation) Fatal error in hydraulic simulation
Traceback (most recent call last):
  File "/home/cintradu/IC/ENAU/ENAU-Modelling/src/core/simulation.py", line 25, in run_hydraulic_simulation
    results = sim.run_sim(convergence_error=True)
  File "/home/cintradu/miniconda3/envs/resilience_env/lib/python3.13/site-packages/wntr/sim/epanet.py", line 115, in run_sim
    enData.ENopen(inpfile, rptfile, outfile)
    ~~~~~~~~~~~~~^^^^^^^^^^^^^^^^^^^^^^^^^^^
  File "/home/cintradu/miniconda3/envs/resilience_env/lib/python3.13/site-packages/wntr/epanet/toolkit.py", line 196, in ENopen
    self._error()
    ~~~~~~~~~~~^^
  File "/home/cintradu/miniconda3/envs/resilience_env/lib/python3.13/site-packages/wntr/epanet/toolkit.py", line 159, in _error
    raise EpanetException(self.errcode)
wntr.epanet.exceptions.EpanetException: (Error 200) one or more errors in input file %s
2026-05-17 18:40:16,565 [ERROR] (core.simulation) Fatal error in hydraulic simulation
Traceback (most recent call last):
  File "/home/cintradu/IC/ENAU/ENAU-Modelling/src/core/simulation.py", line 25, in run_hydraulic_simulation
    results = sim.run_sim(convergence_error=True)
  File "/home/cintradu/miniconda3/envs/resilience_env/lib/python3.13/site-packages/wntr/sim/epanet.py", line 115, in run_sim
    enData.ENopen(inpfile, rptfile, outfile)
    ~~~~~~~~~~~~~^^^^^^^^^^^^^^^^^^^^^^^^^^^
  File "/home/cintradu/miniconda3/envs/resilience_env/lib/python3.13/site-packages/wntr/epanet/toolkit.py", line 196, in ENopen
    self._error()
    ~~~~~~~~~~~^^
  File "/home/cintradu/miniconda3/envs/resilience_env/lib/python3.13/site-packages/wntr/epanet/toolkit.py", line 159, in _error
    raise EpanetException(self.errcode)
wntr.epanet.exceptions.EpanetException: (Error 223) not enough nodes in network
2026-05-17 18:40:16,567 [ERROR] (wntr.epanet.toolkit) EPANET error 224 - no tanks or reservoirs in network
2026-05-17 18:40:16,567 [ERROR] (wntr.epanet.toolkit) EPANET error 224 - no tanks or reservoirs in network
2026-05-17 18:40:16,568 [ERROR] (core.simulation) Fatal error in hydraulic simulation
Traceback (most recent call last):
  File "/home/cintradu/IC/ENAU/ENAU-Modelling/src/core/simulation.py", line 25, in run_hydraulic_simulation
    results = sim.run_sim(convergence_error=True)
  File "/home/cintradu/miniconda3/envs/resilience_env/lib/python3.13/site-packages/wntr/sim/epanet.py", line 115, in run_sim
    enData.ENopen(inpfile, rptfile, outfile)
    ~~~~~~~~~~~~~^^^^^^^^^^^^^^^^^^^^^^^^^^^
  File "/home/cintradu/miniconda3/envs/resilience_env/lib/python3.13/site-packages/wntr/epanet/toolkit.py", line 196, in ENopen
    self._error()
    ~~~~~~~~~~~^^
  File "/home/cintradu/miniconda3/envs/resilience_env/lib/python3.13/site-packages/wntr/epanet/toolkit.py", line 159, in _error
    raise EpanetException(self.errcode)
wntr.epanet.exceptions.EpanetException: (Error 224) no tanks or reservoirs in network
2026-05-17 18:40:16,568 [ERROR] (core.simulation) Fatal error in hydraulic simulation
Traceback (most recent call last):
  File "/home/cintradu/IC/ENAU/ENAU-Modelling/src/core/simulation.py", line 25, in run_hydraulic_simulation
    results = sim.run_sim(convergence_error=True)
  File "/home/cintradu/miniconda3/envs/resilience_env/lib/python3.13/site-packages/wntr/sim/epanet.py", line 115, in run_sim
    enData.ENopen(inpfile, rptfile, outfile)
    ~~~~~~~~~~~~~^^^^^^^^^^^^^^^^^^^^^^^^^^^
  File "/home/cintradu/miniconda3/envs/resilience_env/lib/python3.13/site-packages/wntr/epanet/toolkit.py", line 196, in ENopen
    self._error()
    ~~~~~~~~~~~^^
  File "/home/cintradu/miniconda3/envs/resilience_env/lib/python3.13/site-packages/wntr/epanet/toolkit.py", line 159, in _error
    raise EpanetException(self.errcode)
wntr.epanet.exceptions.EpanetException: (Error 224) no tanks or reservoirs in network
2026-05-17 18:40:16,575 [ERROR] (wntr.epanet.toolkit) EPANET error 200 - one or more errors in input file %s
2026-05-17 18:40:16,575 [ERROR] (core.simulation) Fatal error in hydraulic simulation
Traceback (most recent call last):
  File "/home/cintradu/IC/ENAU/ENAU-Modelling/src/core/simulation.py", line 25, in run_hydraulic_simulation
    results = sim.run_sim(convergence_error=True)
  File "/home/cintradu/miniconda3/envs/resilience_env/lib/python3.13/site-packages/wntr/sim/epanet.py", line 115, in run_sim
    enData.ENopen(inpfile, rptfile, outfile)
    ~~~~~~~~~~~~~^^^^^^^^^^^^^^^^^^^^^^^^^^^
  File "/home/cintradu/miniconda3/envs/resilience_env/lib/python3.13/site-packages/wntr/epanet/toolkit.py", line 196, in ENopen
    self._error()
    ~~~~~~~~~~~^^
  File "/home/cintradu/miniconda3/envs/resilience_env/lib/python3.13/site-packages/wntr/epanet/toolkit.py", line 159, in _error
    raise EpanetException(self.errcode)
wntr.epanet.exceptions.EpanetException: (Error 200) one or more errors in input file %s
2026-05-17 18:40:16,579 [ERROR] (wntr.epanet.toolkit) EPANET error 200 - one or more errors in input file %s
2026-05-17 18:40:16,580 [ERROR] (wntr.epanet.toolkit) EPANET error 200 - one or more errors in input file %s
2026-05-17 18:40:16,579 [ERROR] (core.simulation) Fatal error in hydraulic simulation
Traceback (most recent call last):
  File "/home/cintradu/IC/ENAU/ENAU-Modelling/src/core/simulation.py", line 25, in run_hydraulic_simulation
    results = sim.run_sim(convergence_error=True)
  File "/home/cintradu/miniconda3/envs/resilience_env/lib/python3.13/site-packages/wntr/sim/epanet.py", line 115, in run_sim
    enData.ENopen(inpfile, rptfile, outfile)
    ~~~~~~~~~~~~~^^^^^^^^^^^^^^^^^^^^^^^^^^^
  File "/home/cintradu/miniconda3/envs/resilience_env/lib/python3.13/site-packages/wntr/epanet/toolkit.py", line 196, in ENopen
    self._error()
    ~~~~~~~~~~~^^
  File "/home/cintradu/miniconda3/envs/resilience_env/lib/python3.13/site-packages/wntr/epanet/toolkit.py", line 159, in _error
    raise EpanetException(self.errcode)
wntr.epanet.exceptions.EpanetException: (Error 200) one or more errors in input file %s
2026-05-17 18:40:16,581 [ERROR] (wntr.epanet.toolkit) EPANET error 224 - no tanks or reservoirs in network
2026-05-17 18:40:16,581 [ERROR] (core.simulation) Fatal error in hydraulic simulation
Traceback (most recent call last):
  File "/home/cintradu/IC/ENAU/ENAU-Modelling/src/core/simulation.py", line 25, in run_hydraulic_simulation
    results = sim.run_sim(convergence_error=True)
  File "/home/cintradu/miniconda3/envs/resilience_env/lib/python3.13/site-packages/wntr/sim/epanet.py", line 115, in run_sim
    enData.ENopen(inpfile, rptfile, outfile)
    ~~~~~~~~~~~~~^^^^^^^^^^^^^^^^^^^^^^^^^^^
  File "/home/cintradu/miniconda3/envs/resilience_env/lib/python3.13/site-packages/wntr/epanet/toolkit.py", line 196, in ENopen
    self._error()
    ~~~~~~~~~~~^^
  File "/home/cintradu/miniconda3/envs/resilience_env/lib/python3.13/site-packages/wntr/epanet/toolkit.py", line 159, in _error
    raise EpanetException(self.errcode)
wntr.epanet.exceptions.EpanetException: (Error 224) no tanks or reservoirs in network
2026-05-17 18:40:16,580 [ERROR] (core.simulation) Fatal error in hydraulic simulation
Traceback (most recent call last):
  File "/home/cintradu/IC/ENAU/ENAU-Modelling/src/core/simulation.py", line 25, in run_hydraulic_simulation
    results = sim.run_sim(convergence_error=True)
  File "/home/cintradu/miniconda3/envs/resilience_env/lib/python3.13/site-packages/wntr/sim/epanet.py", line 115, in run_sim
    enData.ENopen(inpfile, rptfile, outfile)
    ~~~~~~~~~~~~~^^^^^^^^^^^^^^^^^^^^^^^^^^^
  File "/home/cintradu/miniconda3/envs/resilience_env/lib/python3.13/site-packages/wntr/epanet/toolkit.py", line 196, in ENopen
    self._error()
    ~~~~~~~~~~~^^
  File "/home/cintradu/miniconda3/envs/resilience_env/lib/python3.13/site-packages/wntr/epanet/toolkit.py", line 159, in _error
    raise EpanetException(self.errcode)
wntr.epanet.exceptions.EpanetException: (Error 200) one or more errors in input file %s
2026-05-17 18:40:16,583 [ERROR] (wntr.epanet.toolkit) EPANET error 224 - no tanks or reservoirs in network
2026-05-17 18:40:16,583 [ERROR] (wntr.epanet.toolkit) EPANET error 224 - no tanks or reservoirs in network
2026-05-17 18:40:16,583 [ERROR] (core.simulation) Fatal error in hydraulic simulation
Traceback (most recent call last):
  File "/home/cintradu/IC/ENAU/ENAU-Modelling/src/core/simulation.py", line 25, in run_hydraulic_simulation
    results = sim.run_sim(convergence_error=True)
  File "/home/cintradu/miniconda3/envs/resilience_env/lib/python3.13/site-packages/wntr/sim/epanet.py", line 115, in run_sim
    enData.ENopen(inpfile, rptfile, outfile)
    ~~~~~~~~~~~~~^^^^^^^^^^^^^^^^^^^^^^^^^^^
  File "/home/cintradu/miniconda3/envs/resilience_env/lib/python3.13/site-packages/wntr/epanet/toolkit.py", line 196, in ENopen
    self._error()
    ~~~~~~~~~~~^^
  File "/home/cintradu/miniconda3/envs/resilience_env/lib/python3.13/site-packages/wntr/epanet/toolkit.py", line 159, in _error
    raise EpanetException(self.errcode)
wntr.epanet.exceptions.EpanetException: (Error 224) no tanks or reservoirs in network
2026-05-17 18:40:16,583 [ERROR] (core.simulation) Fatal error in hydraulic simulation
Traceback (most recent call last):
  File "/home/cintradu/IC/ENAU/ENAU-Modelling/src/core/simulation.py", line 25, in run_hydraulic_simulation
    results = sim.run_sim(convergence_error=True)
  File "/home/cintradu/miniconda3/envs/resilience_env/lib/python3.13/site-packages/wntr/sim/epanet.py", line 115, in run_sim
    enData.ENopen(inpfile, rptfile, outfile)
    ~~~~~~~~~~~~~^^^^^^^^^^^^^^^^^^^^^^^^^^^
  File "/home/cintradu/miniconda3/envs/resilience_env/lib/python3.13/site-packages/wntr/epanet/toolkit.py", line 196, in ENopen
    self._error()
    ~~~~~~~~~~~^^
  File "/home/cintradu/miniconda3/envs/resilience_env/lib/python3.13/site-packages/wntr/epanet/toolkit.py", line 159, in _error
    raise EpanetException(self.errcode)
wntr.epanet.exceptions.EpanetException: (Error 224) no tanks or reservoirs in network
2026-05-17 18:40:16,594 [ERROR] (wntr.epanet.toolkit) EPANET error 200 - one or more errors in input file %s
2026-05-17 18:40:16,595 [ERROR] (core.simulation) Fatal error in hydraulic simulation
Traceback (most recent call last):
  File "/home/cintradu/IC/ENAU/ENAU-Modelling/src/core/simulation.py", line 25, in run_hydraulic_simulation
    results = sim.run_sim(convergence_error=True)
  File "/home/cintradu/miniconda3/envs/resilience_env/lib/python3.13/site-packages/wntr/sim/epanet.py", line 115, in run_sim
    enData.ENopen(inpfile, rptfile, outfile)
    ~~~~~~~~~~~~~^^^^^^^^^^^^^^^^^^^^^^^^^^^
  File "/home/cintradu/miniconda3/envs/resilience_env/lib/python3.13/site-packages/wntr/epanet/toolkit.py", line 196, in ENopen
    self._error()
    ~~~~~~~~~~~^^
  File "/home/cintradu/miniconda3/envs/resilience_env/lib/python3.13/site-packages/wntr/epanet/toolkit.py", line 159, in _error
    raise EpanetException(self.errcode)
wntr.epanet.exceptions.EpanetException: (Error 200) one or more errors in input file %s
2026-05-17 18:40:16,596 [ERROR] (wntr.epanet.toolkit) EPANET error 200 - one or more errors in input file %s
2026-05-17 18:40:16,596 [ERROR] (core.simulation) Fatal error in hydraulic simulation
Traceback (most recent call last):
  File "/home/cintradu/IC/ENAU/ENAU-Modelling/src/core/simulation.py", line 25, in run_hydraulic_simulation
    results = sim.run_sim(convergence_error=True)
  File "/home/cintradu/miniconda3/envs/resilience_env/lib/python3.13/site-packages/wntr/sim/epanet.py", line 115, in run_sim
    enData.ENopen(inpfile, rptfile, outfile)
    ~~~~~~~~~~~~~^^^^^^^^^^^^^^^^^^^^^^^^^^^
  File "/home/cintradu/miniconda3/envs/resilience_env/lib/python3.13/site-packages/wntr/epanet/toolkit.py", line 196, in ENopen
    self._error()
    ~~~~~~~~~~~^^
  File "/home/cintradu/miniconda3/envs/resilience_env/lib/python3.13/site-packages/wntr/epanet/toolkit.py", line 159, in _error
    raise EpanetException(self.errcode)
wntr.epanet.exceptions.EpanetException: (Error 200) one or more errors in input file %s
2026-05-17 18:40:16,597 [ERROR] (wntr.epanet.toolkit) EPANET error 200 - one or more errors in input file %s
2026-05-17 18:40:16,598 [ERROR] (wntr.epanet.toolkit) EPANET error 200 - one or more errors in input file %s
2026-05-17 18:40:16,597 [ERROR] (core.simulation) Fatal error in hydraulic simulation
Traceback (most recent call last):
  File "/home/cintradu/IC/ENAU/ENAU-Modelling/src/core/simulation.py", line 25, in run_hydraulic_simulation
    results = sim.run_sim(convergence_error=True)
  File "/home/cintradu/miniconda3/envs/resilience_env/lib/python3.13/site-packages/wntr/sim/epanet.py", line 115, in run_sim
    enData.ENopen(inpfile, rptfile, outfile)
    ~~~~~~~~~~~~~^^^^^^^^^^^^^^^^^^^^^^^^^^^
  File "/home/cintradu/miniconda3/envs/resilience_env/lib/python3.13/site-packages/wntr/epanet/toolkit.py", line 196, in ENopen
    self._error()
    ~~~~~~~~~~~^^
  File "/home/cintradu/miniconda3/envs/resilience_env/lib/python3.13/site-packages/wntr/epanet/toolkit.py", line 159, in _error
    raise EpanetException(self.errcode)
wntr.epanet.exceptions.EpanetException: (Error 200) one or more errors in input file %s
2026-05-17 18:40:16,599 [ERROR] (wntr.epanet.toolkit) EPANET error 223 - not enough nodes in network
2026-05-17 18:40:16,599 [ERROR] (wntr.epanet.toolkit) EPANET error 223 - not enough nodes in network
2026-05-17 18:40:16,598 [ERROR] (core.simulation) Fatal error in hydraulic simulation
Traceback (most recent call last):
  File "/home/cintradu/IC/ENAU/ENAU-Modelling/src/core/simulation.py", line 25, in run_hydraulic_simulation
    results = sim.run_sim(convergence_error=True)
  File "/home/cintradu/miniconda3/envs/resilience_env/lib/python3.13/site-packages/wntr/sim/epanet.py", line 115, in run_sim
    enData.ENopen(inpfile, rptfile, outfile)
    ~~~~~~~~~~~~~^^^^^^^^^^^^^^^^^^^^^^^^^^^
  File "/home/cintradu/miniconda3/envs/resilience_env/lib/python3.13/site-packages/wntr/epanet/toolkit.py", line 196, in ENopen
    self._error()
    ~~~~~~~~~~~^^
  File "/home/cintradu/miniconda3/envs/resilience_env/lib/python3.13/site-packages/wntr/epanet/toolkit.py", line 159, in _error
    raise EpanetException(self.errcode)
wntr.epanet.exceptions.EpanetException: (Error 200) one or more errors in input file %s
2026-05-17 18:40:16,599 [ERROR] (core.simulation) Fatal error in hydraulic simulation
Traceback (most recent call last):
  File "/home/cintradu/IC/ENAU/ENAU-Modelling/src/core/simulation.py", line 25, in run_hydraulic_simulation
    results = sim.run_sim(convergence_error=True)
  File "/home/cintradu/miniconda3/envs/resilience_env/lib/python3.13/site-packages/wntr/sim/epanet.py", line 115, in run_sim
    enData.ENopen(inpfile, rptfile, outfile)
    ~~~~~~~~~~~~~^^^^^^^^^^^^^^^^^^^^^^^^^^^
  File "/home/cintradu/miniconda3/envs/resilience_env/lib/python3.13/site-packages/wntr/epanet/toolkit.py", line 196, in ENopen
    self._error()
    ~~~~~~~~~~~^^
  File "/home/cintradu/miniconda3/envs/resilience_env/lib/python3.13/site-packages/wntr/epanet/toolkit.py", line 159, in _error
    raise EpanetException(self.errcode)
wntr.epanet.exceptions.EpanetException: (Error 223) not enough nodes in network
2026-05-17 18:40:16,600 [ERROR] (wntr.epanet.toolkit) EPANET error 223 - not enough nodes in network
2026-05-17 18:40:16,599 [ERROR] (core.simulation) Fatal error in hydraulic simulation
Traceback (most recent call last):
  File "/home/cintradu/IC/ENAU/ENAU-Modelling/src/core/simulation.py", line 25, in run_hydraulic_simulation
    results = sim.run_sim(convergence_error=True)
  File "/home/cintradu/miniconda3/envs/resilience_env/lib/python3.13/site-packages/wntr/sim/epanet.py", line 115, in run_sim
    enData.ENopen(inpfile, rptfile, outfile)
    ~~~~~~~~~~~~~^^^^^^^^^^^^^^^^^^^^^^^^^^^
  File "/home/cintradu/miniconda3/envs/resilience_env/lib/python3.13/site-packages/wntr/epanet/toolkit.py", line 196, in ENopen
    self._error()
    ~~~~~~~~~~~^^
  File "/home/cintradu/miniconda3/envs/resilience_env/lib/python3.13/site-packages/wntr/epanet/toolkit.py", line 159, in _error
    raise EpanetException(self.errcode)
wntr.epanet.exceptions.EpanetException: (Error 223) not enough nodes in network
2026-05-17 18:40:16,600 [ERROR] (core.simulation) Fatal error in hydraulic simulation
Traceback (most recent call last):
  File "/home/cintradu/IC/ENAU/ENAU-Modelling/src/core/simulation.py", line 25, in run_hydraulic_simulation
    results = sim.run_sim(convergence_error=True)
  File "/home/cintradu/miniconda3/envs/resilience_env/lib/python3.13/site-packages/wntr/sim/epanet.py", line 115, in run_sim
    enData.ENopen(inpfile, rptfile, outfile)
    ~~~~~~~~~~~~~^^^^^^^^^^^^^^^^^^^^^^^^^^^
  File "/home/cintradu/miniconda3/envs/resilience_env/lib/python3.13/site-packages/wntr/epanet/toolkit.py", line 196, in ENopen
    self._error()
    ~~~~~~~~~~~^^
  File "/home/cintradu/miniconda3/envs/resilience_env/lib/python3.13/site-packages/wntr/epanet/toolkit.py", line 159, in _error
    raise EpanetException(self.errcode)
wntr.epanet.exceptions.EpanetException: (Error 223) not enough nodes in network
2026-05-17 18:40:16,643 [ERROR] (core.simulation) Fatal error in hydraulic simulation
Traceback (most recent call last):
  File "/home/cintradu/IC/ENAU/ENAU-Modelling/src/core/simulation.py", line 25, in run_hydraulic_simulation
    results = sim.run_sim(convergence_error=True)
  File "/home/cintradu/miniconda3/envs/resilience_env/lib/python3.13/site-packages/wntr/sim/epanet.py", line 133, in run_sim
    results = self.reader.read(outfile, convergence_error, self._wn.options.hydraulic.headloss=='D-W')
  File "/home/cintradu/miniconda3/envs/resilience_env/lib/python3.13/site-packages/wntr/epanet/io.py", line 2616, in read
    magic1 = prolog[0]
             ~~~~~~^^^
IndexError: index 0 is out of bounds for axis 0 with size 0
2026-05-17 18:40:16,659 [ERROR] (core.simulation) Fatal error in hydraulic simulation
Traceback (most recent call last):
  File "/home/cintradu/IC/ENAU/ENAU-Modelling/src/core/simulation.py", line 25, in run_hydraulic_simulation
    results = sim.run_sim(convergence_error=True)
  File "/home/cintradu/miniconda3/envs/resilience_env/lib/python3.13/site-packages/wntr/sim/epanet.py", line 133, in run_sim
    results = self.reader.read(outfile, convergence_error, self._wn.options.hydraulic.headloss=='D-W')
  File "/home/cintradu/miniconda3/envs/resilience_env/lib/python3.13/site-packages/wntr/epanet/io.py", line 2695, in read
    self.save_energy_line(pidx, linknames[pidx-1], energy)
                                ~~~~~~~~~^^^^^^^^
IndexError: list index out of range
2026-05-17 18:40:16,661 [ERROR] (core.simulation) Fatal error in hydraulic simulation
Traceback (most recent call last):
  File "/home/cintradu/IC/ENAU/ENAU-Modelling/src/core/simulation.py", line 25, in run_hydraulic_simulation
    results = sim.run_sim(convergence_error=True)
  File "/home/cintradu/miniconda3/envs/resilience_env/lib/python3.13/site-packages/wntr/sim/epanet.py", line 133, in run_sim
    results = self.reader.read(outfile, convergence_error, self._wn.options.hydraulic.headloss=='D-W')
  File "/home/cintradu/miniconda3/envs/resilience_env/lib/python3.13/site-packages/wntr/epanet/io.py", line 2695, in read
    self.save_energy_line(pidx, linknames[pidx-1], energy)
                                ~~~~~~~~~^^^^^^^^
IndexError: list index out of range
2026-05-17 18:40:16,662 [ERROR] (core.simulation) Fatal error in hydraulic simulation
Traceback (most recent call last):
  File "/home/cintradu/IC/ENAU/ENAU-Modelling/src/core/simulation.py", line 25, in run_hydraulic_simulation
    results = sim.run_sim(convergence_error=True)
  File "/home/cintradu/miniconda3/envs/resilience_env/lib/python3.13/site-packages/wntr/sim/epanet.py", line 133, in run_sim
    results = self.reader.read(outfile, convergence_error, self._wn.options.hydraulic.headloss=='D-W')
  File "/home/cintradu/miniconda3/envs/resilience_env/lib/python3.13/site-packages/wntr/epanet/io.py", line 2695, in read
    self.save_energy_line(pidx, linknames[pidx-1], energy)
                                ~~~~~~~~~^^^^^^^^
IndexError: list index out of range
2026-05-17 18:40:16,664 [ERROR] (wntr.epanet.toolkit) EPANET error 224 - no tanks or reservoirs in network
2026-05-17 18:40:16,664 [ERROR] (core.simulation) Fatal error in hydraulic simulation
Traceback (most recent call last):
  File "/home/cintradu/IC/ENAU/ENAU-Modelling/src/core/simulation.py", line 25, in run_hydraulic_simulation
    results = sim.run_sim(convergence_error=True)
  File "/home/cintradu/miniconda3/envs/resilience_env/lib/python3.13/site-packages/wntr/sim/epanet.py", line 115, in run_sim
    enData.ENopen(inpfile, rptfile, outfile)
    ~~~~~~~~~~~~~^^^^^^^^^^^^^^^^^^^^^^^^^^^
  File "/home/cintradu/miniconda3/envs/resilience_env/lib/python3.13/site-packages/wntr/epanet/toolkit.py", line 196, in ENopen
    self._error()
    ~~~~~~~~~~~^^
  File "/home/cintradu/miniconda3/envs/resilience_env/lib/python3.13/site-packages/wntr/epanet/toolkit.py", line 159, in _error
    raise EpanetException(self.errcode)
wntr.epanet.exceptions.EpanetException: (Error 224) no tanks or reservoirs in network
2026-05-17 18:40:16,685 [ERROR] (wntr.epanet.toolkit) EPANET error 200 - one or more errors in input file %s
2026-05-17 18:40:16,685 [ERROR] (core.simulation) Fatal error in hydraulic simulation
Traceback (most recent call last):
  File "/home/cintradu/IC/ENAU/ENAU-Modelling/src/core/simulation.py", line 25, in run_hydraulic_simulation
    results = sim.run_sim(convergence_error=True)
  File "/home/cintradu/miniconda3/envs/resilience_env/lib/python3.13/site-packages/wntr/sim/epanet.py", line 115, in run_sim
    enData.ENopen(inpfile, rptfile, outfile)
    ~~~~~~~~~~~~~^^^^^^^^^^^^^^^^^^^^^^^^^^^
  File "/home/cintradu/miniconda3/envs/resilience_env/lib/python3.13/site-packages/wntr/epanet/toolkit.py", line 196, in ENopen
    self._error()
    ~~~~~~~~~~~^^
  File "/home/cintradu/miniconda3/envs/resilience_env/lib/python3.13/site-packages/wntr/epanet/toolkit.py", line 159, in _error
    raise EpanetException(self.errcode)
wntr.epanet.exceptions.EpanetException: (Error 200) one or more errors in input file %s
2026-05-17 18:40:16,692 [ERROR] (wntr.epanet.toolkit) EPANET error 224 - no tanks or reservoirs in network
2026-05-17 18:40:16,693 [ERROR] (core.simulation) Fatal error in hydraulic simulation
Traceback (most recent call last):
  File "/home/cintradu/IC/ENAU/ENAU-Modelling/src/core/simulation.py", line 25, in run_hydraulic_simulation
    results = sim.run_sim(convergence_error=True)
  File "/home/cintradu/miniconda3/envs/resilience_env/lib/python3.13/site-packages/wntr/sim/epanet.py", line 115, in run_sim
    enData.ENopen(inpfile, rptfile, outfile)
    ~~~~~~~~~~~~~^^^^^^^^^^^^^^^^^^^^^^^^^^^
  File "/home/cintradu/miniconda3/envs/resilience_env/lib/python3.13/site-packages/wntr/epanet/toolkit.py", line 196, in ENopen
    self._error()
    ~~~~~~~~~~~^^
  File "/home/cintradu/miniconda3/envs/resilience_env/lib/python3.13/site-packages/wntr/epanet/toolkit.py", line 159, in _error
    raise EpanetException(self.errcode)
wntr.epanet.exceptions.EpanetException: (Error 224) no tanks or reservoirs in network
2026-05-17 18:40:16,719 [ERROR] (wntr.epanet.toolkit) EPANET error 200 - one or more errors in input file %s
2026-05-17 18:40:16,719 [ERROR] (core.simulation) Fatal error in hydraulic simulation
Traceback (most recent call last):
  File "/home/cintradu/IC/ENAU/ENAU-Modelling/src/core/simulation.py", line 25, in run_hydraulic_simulation
    results = sim.run_sim(convergence_error=True)
  File "/home/cintradu/miniconda3/envs/resilience_env/lib/python3.13/site-packages/wntr/sim/epanet.py", line 115, in run_sim
    enData.ENopen(inpfile, rptfile, outfile)
    ~~~~~~~~~~~~~^^^^^^^^^^^^^^^^^^^^^^^^^^^
  File "/home/cintradu/miniconda3/envs/resilience_env/lib/python3.13/site-packages/wntr/epanet/toolkit.py", line 196, in ENopen
    self._error()
    ~~~~~~~~~~~^^
  File "/home/cintradu/miniconda3/envs/resilience_env/lib/python3.13/site-packages/wntr/epanet/toolkit.py", line 159, in _error
    raise EpanetException(self.errcode)
wntr.epanet.exceptions.EpanetException: (Error 200) one or more errors in input file %s
2026-05-17 18:40:16,724 [ERROR] (core.simulation) Fatal error in hydraulic simulation
Traceback (most recent call last):
  File "/home/cintradu/IC/ENAU/ENAU-Modelling/src/core/simulation.py", line 25, in run_hydraulic_simulation
    results = sim.run_sim(convergence_error=True)
  File "/home/cintradu/miniconda3/envs/resilience_env/lib/python3.13/site-packages/wntr/sim/epanet.py", line 133, in run_sim
    results = self.reader.read(outfile, convergence_error, self._wn.options.hydraulic.headloss=='D-W')
  File "/home/cintradu/miniconda3/envs/resilience_env/lib/python3.13/site-packages/wntr/epanet/io.py", line 2695, in read
    self.save_energy_line(pidx, linknames[pidx-1], energy)
                                ~~~~~~~~~^^^^^^^^
IndexError: list index out of range
2026-05-17 18:40:16,727 [ERROR] (core.simulation) Fatal error in hydraulic simulation
Traceback (most recent call last):
  File "/home/cintradu/IC/ENAU/ENAU-Modelling/src/core/simulation.py", line 25, in run_hydraulic_simulation
    results = sim.run_sim(convergence_error=True)
  File "/home/cintradu/miniconda3/envs/resilience_env/lib/python3.13/site-packages/wntr/sim/epanet.py", line 133, in run_sim
    results = self.reader.read(outfile, convergence_error, self._wn.options.hydraulic.headloss=='D-W')
  File "/home/cintradu/miniconda3/envs/resilience_env/lib/python3.13/site-packages/wntr/epanet/io.py", line 2616, in read
    magic1 = prolog[0]
             ~~~~~~^^^
IndexError: index 0 is out of bounds for axis 0 with size 0
2026-05-17 18:40:16,745 [ERROR] (core.simulation) Fatal error in hydraulic simulation
Traceback (most recent call last):
  File "/home/cintradu/IC/ENAU/ENAU-Modelling/src/core/simulation.py", line 25, in run_hydraulic_simulation
    results = sim.run_sim(convergence_error=True)
  File "/home/cintradu/miniconda3/envs/resilience_env/lib/python3.13/site-packages/wntr/sim/epanet.py", line 133, in run_sim
    results = self.reader.read(outfile, convergence_error, self._wn.options.hydraulic.headloss=='D-W')
  File "/home/cintradu/miniconda3/envs/resilience_env/lib/python3.13/site-packages/wntr/epanet/io.py", line 2695, in read
    self.save_energy_line(pidx, linknames[pidx-1], energy)
                                ~~~~~~~~~^^^^^^^^
IndexError: list index out of range
2026-05-17 18:40:16,748 [ERROR] (wntr.epanet.toolkit) EPANET error 224 - no tanks or reservoirs in network
2026-05-17 18:40:16,748 [ERROR] (core.simulation) Fatal error in hydraulic simulation
Traceback (most recent call last):
  File "/home/cintradu/IC/ENAU/ENAU-Modelling/src/core/simulation.py", line 25, in run_hydraulic_simulation
    results = sim.run_sim(convergence_error=True)
  File "/home/cintradu/miniconda3/envs/resilience_env/lib/python3.13/site-packages/wntr/sim/epanet.py", line 115, in run_sim
    enData.ENopen(inpfile, rptfile, outfile)
    ~~~~~~~~~~~~~^^^^^^^^^^^^^^^^^^^^^^^^^^^
  File "/home/cintradu/miniconda3/envs/resilience_env/lib/python3.13/site-packages/wntr/epanet/toolkit.py", line 196, in ENopen
    self._error()
    ~~~~~~~~~~~^^
  File "/home/cintradu/miniconda3/envs/resilience_env/lib/python3.13/site-packages/wntr/epanet/toolkit.py", line 159, in _error
    raise EpanetException(self.errcode)
wntr.epanet.exceptions.EpanetException: (Error 224) no tanks or reservoirs in network
2026-05-17 18:40:16,752 [ERROR] (wntr.epanet.toolkit) EPANET error 224 - no tanks or reservoirs in network
2026-05-17 18:40:16,752 [ERROR] (core.simulation) Fatal error in hydraulic simulation
Traceback (most recent call last):
  File "/home/cintradu/IC/ENAU/ENAU-Modelling/src/core/simulation.py", line 25, in run_hydraulic_simulation
    results = sim.run_sim(convergence_error=True)
  File "/home/cintradu/miniconda3/envs/resilience_env/lib/python3.13/site-packages/wntr/sim/epanet.py", line 115, in run_sim
    enData.ENopen(inpfile, rptfile, outfile)
    ~~~~~~~~~~~~~^^^^^^^^^^^^^^^^^^^^^^^^^^^
  File "/home/cintradu/miniconda3/envs/resilience_env/lib/python3.13/site-packages/wntr/epanet/toolkit.py", line 196, in ENopen
    self._error()
    ~~~~~~~~~~~^^
  File "/home/cintradu/miniconda3/envs/resilience_env/lib/python3.13/site-packages/wntr/epanet/toolkit.py", line 159, in _error
    raise EpanetException(self.errcode)
wntr.epanet.exceptions.EpanetException: (Error 224) no tanks or reservoirs in network
2026-05-17 18:40:16,763 [ERROR] (wntr.epanet.io) Simulation did not converge at time 00:00:00.
2026-05-17 18:40:16,763 [ERROR] (wntr.epanet.io) Simulation did not converge at time 00:00:00.
2026-05-17 18:40:16,764 [ERROR] (wntr.epanet.toolkit) EPANET error 224 - no tanks or reservoirs in network
2026-05-17 18:40:16,763 [ERROR] (core.simulation) Fatal error in hydraulic simulation
Traceback (most recent call last):
  File "/home/cintradu/IC/ENAU/ENAU-Modelling/src/core/simulation.py", line 25, in run_hydraulic_simulation
    results = sim.run_sim(convergence_error=True)
  File "/home/cintradu/miniconda3/envs/resilience_env/lib/python3.13/site-packages/wntr/sim/epanet.py", line 133, in run_sim
    results = self.reader.read(outfile, convergence_error, self._wn.options.hydraulic.headloss=='D-W')
  File "/home/cintradu/miniconda3/envs/resilience_env/lib/python3.13/site-packages/wntr/epanet/io.py", line 2771, in read
    raise RuntimeError('Simulation did not converge at time ' + self._get_time(t) + '.')
RuntimeError: Simulation did not converge at time 00:00:00.
2026-05-17 18:40:16,763 [ERROR] (core.simulation) Fatal error in hydraulic simulation
Traceback (most recent call last):
  File "/home/cintradu/IC/ENAU/ENAU-Modelling/src/core/simulation.py", line 25, in run_hydraulic_simulation
    results = sim.run_sim(convergence_error=True)
  File "/home/cintradu/miniconda3/envs/resilience_env/lib/python3.13/site-packages/wntr/sim/epanet.py", line 133, in run_sim
    results = self.reader.read(outfile, convergence_error, self._wn.options.hydraulic.headloss=='D-W')
  File "/home/cintradu/miniconda3/envs/resilience_env/lib/python3.13/site-packages/wntr/epanet/io.py", line 2771, in read
    raise RuntimeError('Simulation did not converge at time ' + self._get_time(t) + '.')
RuntimeError: Simulation did not converge at time 00:00:00.
2026-05-17 18:40:16,764 [ERROR] (core.simulation) Fatal error in hydraulic simulation
Traceback (most recent call last):
  File "/home/cintradu/IC/ENAU/ENAU-Modelling/src/core/simulation.py", line 25, in run_hydraulic_simulation
    results = sim.run_sim(convergence_error=True)
  File "/home/cintradu/miniconda3/envs/resilience_env/lib/python3.13/site-packages/wntr/sim/epanet.py", line 115, in run_sim
    enData.ENopen(inpfile, rptfile, outfile)
    ~~~~~~~~~~~~~^^^^^^^^^^^^^^^^^^^^^^^^^^^
  File "/home/cintradu/miniconda3/envs/resilience_env/lib/python3.13/site-packages/wntr/epanet/toolkit.py", line 196, in ENopen
    self._error()
    ~~~~~~~~~~~^^
  File "/home/cintradu/miniconda3/envs/resilience_env/lib/python3.13/site-packages/wntr/epanet/toolkit.py", line 159, in _error
    raise EpanetException(self.errcode)
wntr.epanet.exceptions.EpanetException: (Error 224) no tanks or reservoirs in network
2026-05-17 18:40:16,766 [ERROR] (wntr.epanet.toolkit) EPANET error 224 - no tanks or reservoirs in network
2026-05-17 18:40:16,766 [ERROR] (core.simulation) Fatal error in hydraulic simulation
Traceback (most recent call last):
  File "/home/cintradu/IC/ENAU/ENAU-Modelling/src/core/simulation.py", line 25, in run_hydraulic_simulation
    results = sim.run_sim(convergence_error=True)
  File "/home/cintradu/miniconda3/envs/resilience_env/lib/python3.13/site-packages/wntr/sim/epanet.py", line 115, in run_sim
    enData.ENopen(inpfile, rptfile, outfile)
    ~~~~~~~~~~~~~^^^^^^^^^^^^^^^^^^^^^^^^^^^
  File "/home/cintradu/miniconda3/envs/resilience_env/lib/python3.13/site-packages/wntr/epanet/toolkit.py", line 196, in ENopen
    self._error()
    ~~~~~~~~~~~^^
  File "/home/cintradu/miniconda3/envs/resilience_env/lib/python3.13/site-packages/wntr/epanet/toolkit.py", line 159, in _error
    raise EpanetException(self.errcode)
wntr.epanet.exceptions.EpanetException: (Error 224) no tanks or reservoirs in network
2026-05-17 18:40:16,768 [ERROR] (wntr.epanet.toolkit) EPANET error 223 - not enough nodes in network
2026-05-17 18:40:16,768 [ERROR] (core.simulation) Fatal error in hydraulic simulation
Traceback (most recent call last):
  File "/home/cintradu/IC/ENAU/ENAU-Modelling/src/core/simulation.py", line 25, in run_hydraulic_simulation
    results = sim.run_sim(convergence_error=True)
  File "/home/cintradu/miniconda3/envs/resilience_env/lib/python3.13/site-packages/wntr/sim/epanet.py", line 115, in run_sim
    enData.ENopen(inpfile, rptfile, outfile)
    ~~~~~~~~~~~~~^^^^^^^^^^^^^^^^^^^^^^^^^^^
  File "/home/cintradu/miniconda3/envs/resilience_env/lib/python3.13/site-packages/wntr/epanet/toolkit.py", line 196, in ENopen
    self._error()
    ~~~~~~~~~~~^^
  File "/home/cintradu/miniconda3/envs/resilience_env/lib/python3.13/site-packages/wntr/epanet/toolkit.py", line 159, in _error
    raise EpanetException(self.errcode)
wntr.epanet.exceptions.EpanetException: (Error 223) not enough nodes in network
2026-05-17 18:40:16,805 [ERROR] (core.simulation) Fatal error in hydraulic simulation
Traceback (most recent call last):
  File "/home/cintradu/IC/ENAU/ENAU-Modelling/src/core/simulation.py", line 25, in run_hydraulic_simulation
    results = sim.run_sim(convergence_error=True)
  File "/home/cintradu/miniconda3/envs/resilience_env/lib/python3.13/site-packages/wntr/sim/epanet.py", line 133, in run_sim
    results = self.reader.read(outfile, convergence_error, self._wn.options.hydraulic.headloss=='D-W')
  File "/home/cintradu/miniconda3/envs/resilience_env/lib/python3.13/site-packages/wntr/epanet/io.py", line 2857, in read
    if magic1 != magic2:
       ^^^^^^^^^^^^^^^^
ValueError: The truth value of an empty array is ambiguous. Use `array.size > 0` to check that an array is not empty.
2026-05-17 18:40:16,808 [ERROR] (wntr.epanet.toolkit) EPANET error 200 - one or more errors in input file %s
2026-05-17 18:40:16,809 [ERROR] (core.simulation) Fatal error in hydraulic simulation
Traceback (most recent call last):
  File "/home/cintradu/IC/ENAU/ENAU-Modelling/src/core/simulation.py", line 25, in run_hydraulic_simulation
    results = sim.run_sim(convergence_error=True)
  File "/home/cintradu/miniconda3/envs/resilience_env/lib/python3.13/site-packages/wntr/sim/epanet.py", line 115, in run_sim
    enData.ENopen(inpfile, rptfile, outfile)
    ~~~~~~~~~~~~~^^^^^^^^^^^^^^^^^^^^^^^^^^^
  File "/home/cintradu/miniconda3/envs/resilience_env/lib/python3.13/site-packages/wntr/epanet/toolkit.py", line 196, in ENopen
    self._error()
    ~~~~~~~~~~~^^
  File "/home/cintradu/miniconda3/envs/resilience_env/lib/python3.13/site-packages/wntr/epanet/toolkit.py", line 159, in _error
    raise EpanetException(self.errcode)
wntr.epanet.exceptions.EpanetException: (Error 200) one or more errors in input file %s
2026-05-17 18:40:16,825 [ERROR] (core.simulation) Fatal error in hydraulic simulation
Traceback (most recent call last):
  File "/home/cintradu/IC/ENAU/ENAU-Modelling/src/core/simulation.py", line 25, in run_hydraulic_simulation
    results = sim.run_sim(convergence_error=True)
  File "/home/cintradu/miniconda3/envs/resilience_env/lib/python3.13/site-packages/wntr/sim/epanet.py", line 133, in run_sim
    results = self.reader.read(outfile, convergence_error, self._wn.options.hydraulic.headloss=='D-W')
  File "/home/cintradu/miniconda3/envs/resilience_env/lib/python3.13/site-packages/wntr/epanet/io.py", line 2695, in read
    self.save_energy_line(pidx, linknames[pidx-1], energy)
                                ~~~~~~~~~^^^^^^^^
IndexError: list index out of range
2026-05-17 18:40:16,827 [ERROR] (wntr.epanet.toolkit) EPANET error 200 - one or more errors in input file %s
2026-05-17 18:40:16,826 [ERROR] (core.simulation) Fatal error in hydraulic simulation
Traceback (most recent call last):
  File "/home/cintradu/IC/ENAU/ENAU-Modelling/src/core/simulation.py", line 25, in run_hydraulic_simulation
    results = sim.run_sim(convergence_error=True)
  File "/home/cintradu/miniconda3/envs/resilience_env/lib/python3.13/site-packages/wntr/sim/epanet.py", line 133, in run_sim
    results = self.reader.read(outfile, convergence_error, self._wn.options.hydraulic.headloss=='D-W')
  File "/home/cintradu/miniconda3/envs/resilience_env/lib/python3.13/site-packages/wntr/epanet/io.py", line 2695, in read
    self.save_energy_line(pidx, linknames[pidx-1], energy)
                                ~~~~~~~~~^^^^^^^^
IndexError: list index out of range
2026-05-17 18:40:16,823 [ERROR] (core.simulation) Fatal error in hydraulic simulation
Traceback (most recent call last):
  File "/home/cintradu/IC/ENAU/ENAU-Modelling/src/core/simulation.py", line 25, in run_hydraulic_simulation
    results = sim.run_sim(convergence_error=True)
  File "/home/cintradu/miniconda3/envs/resilience_env/lib/python3.13/site-packages/wntr/sim/epanet.py", line 133, in run_sim
    results = self.reader.read(outfile, convergence_error, self._wn.options.hydraulic.headloss=='D-W')
  File "/home/cintradu/miniconda3/envs/resilience_env/lib/python3.13/site-packages/wntr/epanet/io.py", line 2616, in read
    magic1 = prolog[0]
             ~~~~~~^^^
IndexError: index 0 is out of bounds for axis 0 with size 0
2026-05-17 18:40:16,829 [ERROR] (wntr.epanet.toolkit) EPANET error 224 - no tanks or reservoirs in network
2026-05-17 18:40:16,829 [ERROR] (core.simulation) Fatal error in hydraulic simulation
Traceback (most recent call last):
  File "/home/cintradu/IC/ENAU/ENAU-Modelling/src/core/simulation.py", line 25, in run_hydraulic_simulation
    results = sim.run_sim(convergence_error=True)
  File "/home/cintradu/miniconda3/envs/resilience_env/lib/python3.13/site-packages/wntr/sim/epanet.py", line 115, in run_sim
    enData.ENopen(inpfile, rptfile, outfile)
    ~~~~~~~~~~~~~^^^^^^^^^^^^^^^^^^^^^^^^^^^
  File "/home/cintradu/miniconda3/envs/resilience_env/lib/python3.13/site-packages/wntr/epanet/toolkit.py", line 196, in ENopen
    self._error()
    ~~~~~~~~~~~^^
  File "/home/cintradu/miniconda3/envs/resilience_env/lib/python3.13/site-packages/wntr/epanet/toolkit.py", line 159, in _error
    raise EpanetException(self.errcode)
wntr.epanet.exceptions.EpanetException: (Error 224) no tanks or reservoirs in network
2026-05-17 18:40:16,827 [ERROR] (core.simulation) Fatal error in hydraulic simulation
Traceback (most recent call last):
  File "/home/cintradu/IC/ENAU/ENAU-Modelling/src/core/simulation.py", line 25, in run_hydraulic_simulation
    results = sim.run_sim(convergence_error=True)
  File "/home/cintradu/miniconda3/envs/resilience_env/lib/python3.13/site-packages/wntr/sim/epanet.py", line 115, in run_sim
    enData.ENopen(inpfile, rptfile, outfile)
    ~~~~~~~~~~~~~^^^^^^^^^^^^^^^^^^^^^^^^^^^
  File "/home/cintradu/miniconda3/envs/resilience_env/lib/python3.13/site-packages/wntr/epanet/toolkit.py", line 196, in ENopen
    self._error()
    ~~~~~~~~~~~^^
  File "/home/cintradu/miniconda3/envs/resilience_env/lib/python3.13/site-packages/wntr/epanet/toolkit.py", line 159, in _error
    raise EpanetException(self.errcode)
wntr.epanet.exceptions.EpanetException: (Error 200) one or more errors in input file %s
2026-05-17 18:40:16,833 [ERROR] (core.simulation) Fatal error in hydraulic simulation
Traceback (most recent call last):
  File "/home/cintradu/IC/ENAU/ENAU-Modelling/src/core/simulation.py", line 25, in run_hydraulic_simulation
    results = sim.run_sim(convergence_error=True)
  File "/home/cintradu/miniconda3/envs/resilience_env/lib/python3.13/site-packages/wntr/sim/epanet.py", line 133, in run_sim
    results = self.reader.read(outfile, convergence_error, self._wn.options.hydraulic.headloss=='D-W')
  File "/home/cintradu/miniconda3/envs/resilience_env/lib/python3.13/site-packages/wntr/epanet/io.py", line 2695, in read
    self.save_energy_line(pidx, linknames[pidx-1], energy)
                                ~~~~~~~~~^^^^^^^^
IndexError: list index out of range
2026-05-17 18:40:16,839 [ERROR] (core.simulation) Fatal error in hydraulic simulation
Traceback (most recent call last):
  File "/home/cintradu/IC/ENAU/ENAU-Modelling/src/core/simulation.py", line 25, in run_hydraulic_simulation
    results = sim.run_sim(convergence_error=True)
  File "/home/cintradu/miniconda3/envs/resilience_env/lib/python3.13/site-packages/wntr/sim/epanet.py", line 133, in run_sim
    results = self.reader.read(outfile, convergence_error, self._wn.options.hydraulic.headloss=='D-W')
  File "/home/cintradu/miniconda3/envs/resilience_env/lib/python3.13/site-packages/wntr/epanet/io.py", line 2695, in read
    self.save_energy_line(pidx, linknames[pidx-1], energy)
                                ~~~~~~~~~^^^^^^^^
IndexError: list index out of range
2026-05-17 18:40:16,843 [ERROR] (wntr.epanet.toolkit) EPANET error 224 - no tanks or reservoirs in network
2026-05-17 18:40:16,843 [ERROR] (core.simulation) Fatal error in hydraulic simulation
Traceback (most recent call last):
  File "/home/cintradu/IC/ENAU/ENAU-Modelling/src/core/simulation.py", line 25, in run_hydraulic_simulation
    results = sim.run_sim(convergence_error=True)
  File "/home/cintradu/miniconda3/envs/resilience_env/lib/python3.13/site-packages/wntr/sim/epanet.py", line 115, in run_sim
    enData.ENopen(inpfile, rptfile, outfile)
    ~~~~~~~~~~~~~^^^^^^^^^^^^^^^^^^^^^^^^^^^
  File "/home/cintradu/miniconda3/envs/resilience_env/lib/python3.13/site-packages/wntr/epanet/toolkit.py", line 196, in ENopen
    self._error()
    ~~~~~~~~~~~^^
  File "/home/cintradu/miniconda3/envs/resilience_env/lib/python3.13/site-packages/wntr/epanet/toolkit.py", line 159, in _error
    raise EpanetException(self.errcode)
wntr.epanet.exceptions.EpanetException: (Error 224) no tanks or reservoirs in network
2026-05-17 18:40:16,844 [ERROR] (wntr.epanet.toolkit) EPANET error 200 - one or more errors in input file %s
2026-05-17 18:40:16,844 [ERROR] (core.simulation) Fatal error in hydraulic simulation
Traceback (most recent call last):
  File "/home/cintradu/IC/ENAU/ENAU-Modelling/src/core/simulation.py", line 25, in run_hydraulic_simulation
    results = sim.run_sim(convergence_error=True)
  File "/home/cintradu/miniconda3/envs/resilience_env/lib/python3.13/site-packages/wntr/sim/epanet.py", line 115, in run_sim
    enData.ENopen(inpfile, rptfile, outfile)
    ~~~~~~~~~~~~~^^^^^^^^^^^^^^^^^^^^^^^^^^^
  File "/home/cintradu/miniconda3/envs/resilience_env/lib/python3.13/site-packages/wntr/epanet/toolkit.py", line 196, in ENopen
    self._error()
    ~~~~~~~~~~~^^
  File "/home/cintradu/miniconda3/envs/resilience_env/lib/python3.13/site-packages/wntr/epanet/toolkit.py", line 159, in _error
    raise EpanetException(self.errcode)
wntr.epanet.exceptions.EpanetException: (Error 200) one or more errors in input file %s
2026-05-17 18:40:16,848 [ERROR] (wntr.epanet.toolkit) EPANET error 224 - no tanks or reservoirs in network
2026-05-17 18:40:16,848 [ERROR] (core.simulation) Fatal error in hydraulic simulation
Traceback (most recent call last):
  File "/home/cintradu/IC/ENAU/ENAU-Modelling/src/core/simulation.py", line 25, in run_hydraulic_simulation
    results = sim.run_sim(convergence_error=True)
  File "/home/cintradu/miniconda3/envs/resilience_env/lib/python3.13/site-packages/wntr/sim/epanet.py", line 115, in run_sim
    enData.ENopen(inpfile, rptfile, outfile)
    ~~~~~~~~~~~~~^^^^^^^^^^^^^^^^^^^^^^^^^^^
  File "/home/cintradu/miniconda3/envs/resilience_env/lib/python3.13/site-packages/wntr/epanet/toolkit.py", line 196, in ENopen
    self._error()
    ~~~~~~~~~~~^^
  File "/home/cintradu/miniconda3/envs/resilience_env/lib/python3.13/site-packages/wntr/epanet/toolkit.py", line 159, in _error
    raise EpanetException(self.errcode)
wntr.epanet.exceptions.EpanetException: (Error 224) no tanks or reservoirs in network
2026-05-17 18:40:16,850 [ERROR] (wntr.epanet.toolkit) EPANET error 224 - no tanks or reservoirs in network
2026-05-17 18:40:16,850 [ERROR] (core.simulation) Fatal error in hydraulic simulation
Traceback (most recent call last):
  File "/home/cintradu/IC/ENAU/ENAU-Modelling/src/core/simulation.py", line 25, in run_hydraulic_simulation
    results = sim.run_sim(convergence_error=True)
  File "/home/cintradu/miniconda3/envs/resilience_env/lib/python3.13/site-packages/wntr/sim/epanet.py", line 115, in run_sim
    enData.ENopen(inpfile, rptfile, outfile)
    ~~~~~~~~~~~~~^^^^^^^^^^^^^^^^^^^^^^^^^^^
  File "/home/cintradu/miniconda3/envs/resilience_env/lib/python3.13/site-packages/wntr/epanet/toolkit.py", line 196, in ENopen
    self._error()
    ~~~~~~~~~~~^^
  File "/home/cintradu/miniconda3/envs/resilience_env/lib/python3.13/site-packages/wntr/epanet/toolkit.py", line 159, in _error
    raise EpanetException(self.errcode)
wntr.epanet.exceptions.EpanetException: (Error 224) no tanks or reservoirs in network
2026-05-17 18:40:16,857 [ERROR] (wntr.epanet.toolkit) EPANET error 200 - one or more errors in input file %s
2026-05-17 18:40:16,857 [ERROR] (core.simulation) Fatal error in hydraulic simulation
Traceback (most recent call last):
  File "/home/cintradu/IC/ENAU/ENAU-Modelling/src/core/simulation.py", line 25, in run_hydraulic_simulation
    results = sim.run_sim(convergence_error=True)
  File "/home/cintradu/miniconda3/envs/resilience_env/lib/python3.13/site-packages/wntr/sim/epanet.py", line 115, in run_sim
    enData.ENopen(inpfile, rptfile, outfile)
    ~~~~~~~~~~~~~^^^^^^^^^^^^^^^^^^^^^^^^^^^
  File "/home/cintradu/miniconda3/envs/resilience_env/lib/python3.13/site-packages/wntr/epanet/toolkit.py", line 196, in ENopen
    self._error()
    ~~~~~~~~~~~^^
  File "/home/cintradu/miniconda3/envs/resilience_env/lib/python3.13/site-packages/wntr/epanet/toolkit.py", line 159, in _error
    raise EpanetException(self.errcode)
wntr.epanet.exceptions.EpanetException: (Error 200) one or more errors in input file %s
2026-05-17 18:40:16,858 [ERROR] (wntr.epanet.toolkit) EPANET error 200 - one or more errors in input file %s
2026-05-17 18:40:16,859 [ERROR] (wntr.epanet.toolkit) EPANET error 224 - no tanks or reservoirs in network
2026-05-17 18:40:16,858 [ERROR] (core.simulation) Fatal error in hydraulic simulation
Traceback (most recent call last):
  File "/home/cintradu/IC/ENAU/ENAU-Modelling/src/core/simulation.py", line 25, in run_hydraulic_simulation
    results = sim.run_sim(convergence_error=True)
  File "/home/cintradu/miniconda3/envs/resilience_env/lib/python3.13/site-packages/wntr/sim/epanet.py", line 115, in run_sim
    enData.ENopen(inpfile, rptfile, outfile)
    ~~~~~~~~~~~~~^^^^^^^^^^^^^^^^^^^^^^^^^^^
  File "/home/cintradu/miniconda3/envs/resilience_env/lib/python3.13/site-packages/wntr/epanet/toolkit.py", line 196, in ENopen
    self._error()
    ~~~~~~~~~~~^^
  File "/home/cintradu/miniconda3/envs/resilience_env/lib/python3.13/site-packages/wntr/epanet/toolkit.py", line 159, in _error
    raise EpanetException(self.errcode)
wntr.epanet.exceptions.EpanetException: (Error 200) one or more errors in input file %s
2026-05-17 18:40:16,860 [ERROR] (wntr.epanet.toolkit) EPANET error 223 - not enough nodes in network
2026-05-17 18:40:16,859 [ERROR] (core.simulation) Fatal error in hydraulic simulation
Traceback (most recent call last):
  File "/home/cintradu/IC/ENAU/ENAU-Modelling/src/core/simulation.py", line 25, in run_hydraulic_simulation
    results = sim.run_sim(convergence_error=True)
  File "/home/cintradu/miniconda3/envs/resilience_env/lib/python3.13/site-packages/wntr/sim/epanet.py", line 115, in run_sim
    enData.ENopen(inpfile, rptfile, outfile)
    ~~~~~~~~~~~~~^^^^^^^^^^^^^^^^^^^^^^^^^^^
  File "/home/cintradu/miniconda3/envs/resilience_env/lib/python3.13/site-packages/wntr/epanet/toolkit.py", line 196, in ENopen
    self._error()
    ~~~~~~~~~~~^^
  File "/home/cintradu/miniconda3/envs/resilience_env/lib/python3.13/site-packages/wntr/epanet/toolkit.py", line 159, in _error
    raise EpanetException(self.errcode)
wntr.epanet.exceptions.EpanetException: (Error 224) no tanks or reservoirs in network
2026-05-17 18:40:16,860 [ERROR] (core.simulation) Fatal error in hydraulic simulation
Traceback (most recent call last):
  File "/home/cintradu/IC/ENAU/ENAU-Modelling/src/core/simulation.py", line 25, in run_hydraulic_simulation
    results = sim.run_sim(convergence_error=True)
  File "/home/cintradu/miniconda3/envs/resilience_env/lib/python3.13/site-packages/wntr/sim/epanet.py", line 120, in run_sim
    enData.ENsolveH()
    ~~~~~~~~~~~~~~~^^
  File "/home/cintradu/miniconda3/envs/resilience_env/lib/python3.13/site-packages/wntr/epanet/toolkit.py", line 240, in ENsolveH
    self._error()
    ~~~~~~~~~~~^^
  File "/home/cintradu/miniconda3/envs/resilience_env/lib/python3.13/site-packages/wntr/epanet/toolkit.py", line 159, in _error
    raise EpanetException(self.errcode)
wntr.epanet.exceptions.EpanetException: (Error 223) not enough nodes in network
2026-05-17 18:40:16,867 [ERROR] (wntr.epanet.toolkit) EPANET error 200 - one or more errors in input file %s
2026-05-17 18:40:16,867 [ERROR] (core.simulation) Fatal error in hydraulic simulation
Traceback (most recent call last):
  File "/home/cintradu/IC/ENAU/ENAU-Modelling/src/core/simulation.py", line 25, in run_hydraulic_simulation
    results = sim.run_sim(convergence_error=True)
  File "/home/cintradu/miniconda3/envs/resilience_env/lib/python3.13/site-packages/wntr/sim/epanet.py", line 115, in run_sim
    enData.ENopen(inpfile, rptfile, outfile)
    ~~~~~~~~~~~~~^^^^^^^^^^^^^^^^^^^^^^^^^^^
  File "/home/cintradu/miniconda3/envs/resilience_env/lib/python3.13/site-packages/wntr/epanet/toolkit.py", line 196, in ENopen
    self._error()
    ~~~~~~~~~~~^^
  File "/home/cintradu/miniconda3/envs/resilience_env/lib/python3.13/site-packages/wntr/epanet/toolkit.py", line 159, in _error
    raise EpanetException(self.errcode)
wntr.epanet.exceptions.EpanetException: (Error 200) one or more errors in input file %s
2026-05-17 18:40:16,868 [ERROR] (wntr.epanet.toolkit) EPANET error 200 - one or more errors in input file %s
2026-05-17 18:40:16,869 [ERROR] (wntr.epanet.toolkit) EPANET error 200 - one or more errors in input file %s
2026-05-17 18:40:16,868 [ERROR] (core.simulation) Fatal error in hydraulic simulation
Traceback (most recent call last):
  File "/home/cintradu/IC/ENAU/ENAU-Modelling/src/core/simulation.py", line 25, in run_hydraulic_simulation
    results = sim.run_sim(convergence_error=True)
  File "/home/cintradu/miniconda3/envs/resilience_env/lib/python3.13/site-packages/wntr/sim/epanet.py", line 115, in run_sim
    enData.ENopen(inpfile, rptfile, outfile)
    ~~~~~~~~~~~~~^^^^^^^^^^^^^^^^^^^^^^^^^^^
  File "/home/cintradu/miniconda3/envs/resilience_env/lib/python3.13/site-packages/wntr/epanet/toolkit.py", line 196, in ENopen
    self._error()
    ~~~~~~~~~~~^^
  File "/home/cintradu/miniconda3/envs/resilience_env/lib/python3.13/site-packages/wntr/epanet/toolkit.py", line 159, in _error
    raise EpanetException(self.errcode)
wntr.epanet.exceptions.EpanetException: (Error 200) one or more errors in input file %s
2026-05-17 18:40:16,869 [ERROR] (core.simulation) Fatal error in hydraulic simulation
Traceback (most recent call last):
  File "/home/cintradu/IC/ENAU/ENAU-Modelling/src/core/simulation.py", line 25, in run_hydraulic_simulation
    results = sim.run_sim(convergence_error=True)
  File "/home/cintradu/miniconda3/envs/resilience_env/lib/python3.13/site-packages/wntr/sim/epanet.py", line 115, in run_sim
    enData.ENopen(inpfile, rptfile, outfile)
    ~~~~~~~~~~~~~^^^^^^^^^^^^^^^^^^^^^^^^^^^
  File "/home/cintradu/miniconda3/envs/resilience_env/lib/python3.13/site-packages/wntr/epanet/toolkit.py", line 196, in ENopen
    self._error()
    ~~~~~~~~~~~^^
  File "/home/cintradu/miniconda3/envs/resilience_env/lib/python3.13/site-packages/wntr/epanet/toolkit.py", line 159, in _error
    raise EpanetException(self.errcode)
wntr.epanet.exceptions.EpanetException: (Error 200) one or more errors in input file %s
2026-05-17 18:40:16,875 [ERROR] (wntr.epanet.toolkit) EPANET error 200 - one or more errors in input file %s
2026-05-17 18:40:16,875 [ERROR] (core.simulation) Fatal error in hydraulic simulation
Traceback (most recent call last):
  File "/home/cintradu/IC/ENAU/ENAU-Modelling/src/core/simulation.py", line 25, in run_hydraulic_simulation
    results = sim.run_sim(convergence_error=True)
  File "/home/cintradu/miniconda3/envs/resilience_env/lib/python3.13/site-packages/wntr/sim/epanet.py", line 115, in run_sim
    enData.ENopen(inpfile, rptfile, outfile)
    ~~~~~~~~~~~~~^^^^^^^^^^^^^^^^^^^^^^^^^^^
  File "/home/cintradu/miniconda3/envs/resilience_env/lib/python3.13/site-packages/wntr/epanet/toolkit.py", line 196, in ENopen
    self._error()
    ~~~~~~~~~~~^^
  File "/home/cintradu/miniconda3/envs/resilience_env/lib/python3.13/site-packages/wntr/epanet/toolkit.py", line 159, in _error
    raise EpanetException(self.errcode)
wntr.epanet.exceptions.EpanetException: (Error 200) one or more errors in input file %s
2026-05-17 18:40:16,877 [ERROR] (wntr.epanet.toolkit) EPANET error 200 - one or more errors in input file %s
2026-05-17 18:40:16,877 [ERROR] (core.simulation) Fatal error in hydraulic simulation
Traceback (most recent call last):
  File "/home/cintradu/IC/ENAU/ENAU-Modelling/src/core/simulation.py", line 25, in run_hydraulic_simulation
    results = sim.run_sim(convergence_error=True)
  File "/home/cintradu/miniconda3/envs/resilience_env/lib/python3.13/site-packages/wntr/sim/epanet.py", line 115, in run_sim
    enData.ENopen(inpfile, rptfile, outfile)
    ~~~~~~~~~~~~~^^^^^^^^^^^^^^^^^^^^^^^^^^^
  File "/home/cintradu/miniconda3/envs/resilience_env/lib/python3.13/site-packages/wntr/epanet/toolkit.py", line 196, in ENopen
    self._error()
    ~~~~~~~~~~~^^
  File "/home/cintradu/miniconda3/envs/resilience_env/lib/python3.13/site-packages/wntr/epanet/toolkit.py", line 159, in _error
    raise EpanetException(self.errcode)
wntr.epanet.exceptions.EpanetException: (Error 200) one or more errors in input file %s
2026-05-17 18:40:16,878 [ERROR] (wntr.epanet.toolkit) EPANET error 200 - one or more errors in input file %s
2026-05-17 18:40:16,878 [ERROR] (core.simulation) Fatal error in hydraulic simulation
Traceback (most recent call last):
  File "/home/cintradu/IC/ENAU/ENAU-Modelling/src/core/simulation.py", line 25, in run_hydraulic_simulation
    results = sim.run_sim(convergence_error=True)
  File "/home/cintradu/miniconda3/envs/resilience_env/lib/python3.13/site-packages/wntr/sim/epanet.py", line 115, in run_sim
    enData.ENopen(inpfile, rptfile, outfile)
    ~~~~~~~~~~~~~^^^^^^^^^^^^^^^^^^^^^^^^^^^
  File "/home/cintradu/miniconda3/envs/resilience_env/lib/python3.13/site-packages/wntr/epanet/toolkit.py", line 196, in ENopen
    self._error()
    ~~~~~~~~~~~^^
  File "/home/cintradu/miniconda3/envs/resilience_env/lib/python3.13/site-packages/wntr/epanet/toolkit.py", line 159, in _error
    raise EpanetException(self.errcode)
wntr.epanet.exceptions.EpanetException: (Error 200) one or more errors in input file %s
2026-05-17 18:40:16,881 [ERROR] (wntr.epanet.toolkit) EPANET error 224 - no tanks or reservoirs in network
2026-05-17 18:40:16,881 [ERROR] (core.simulation) Fatal error in hydraulic simulation
Traceback (most recent call last):
  File "/home/cintradu/IC/ENAU/ENAU-Modelling/src/core/simulation.py", line 25, in run_hydraulic_simulation
    results = sim.run_sim(convergence_error=True)
  File "/home/cintradu/miniconda3/envs/resilience_env/lib/python3.13/site-packages/wntr/sim/epanet.py", line 115, in run_sim
    enData.ENopen(inpfile, rptfile, outfile)
    ~~~~~~~~~~~~~^^^^^^^^^^^^^^^^^^^^^^^^^^^
  File "/home/cintradu/miniconda3/envs/resilience_env/lib/python3.13/site-packages/wntr/epanet/toolkit.py", line 196, in ENopen
    self._error()
    ~~~~~~~~~~~^^
  File "/home/cintradu/miniconda3/envs/resilience_env/lib/python3.13/site-packages/wntr/epanet/toolkit.py", line 159, in _error
    raise EpanetException(self.errcode)
wntr.epanet.exceptions.EpanetException: (Error 224) no tanks or reservoirs in network
2026-05-17 18:40:16,884 [ERROR] (wntr.epanet.toolkit) EPANET error 200 - one or more errors in input file %s
2026-05-17 18:40:16,885 [ERROR] (core.simulation) Fatal error in hydraulic simulation
Traceback (most recent call last):
  File "/home/cintradu/IC/ENAU/ENAU-Modelling/src/core/simulation.py", line 25, in run_hydraulic_simulation
    results = sim.run_sim(convergence_error=True)
  File "/home/cintradu/miniconda3/envs/resilience_env/lib/python3.13/site-packages/wntr/sim/epanet.py", line 115, in run_sim
    enData.ENopen(inpfile, rptfile, outfile)
    ~~~~~~~~~~~~~^^^^^^^^^^^^^^^^^^^^^^^^^^^
  File "/home/cintradu/miniconda3/envs/resilience_env/lib/python3.13/site-packages/wntr/epanet/toolkit.py", line 196, in ENopen
    self._error()
    ~~~~~~~~~~~^^
  File "/home/cintradu/miniconda3/envs/resilience_env/lib/python3.13/site-packages/wntr/epanet/toolkit.py", line 159, in _error
    raise EpanetException(self.errcode)
wntr.epanet.exceptions.EpanetException: (Error 200) one or more errors in input file %s
2026-05-17 18:40:16,888 [ERROR] (wntr.epanet.toolkit) EPANET error 224 - no tanks or reservoirs in network
2026-05-17 18:40:16,889 [ERROR] (core.simulation) Fatal error in hydraulic simulation
Traceback (most recent call last):
  File "/home/cintradu/IC/ENAU/ENAU-Modelling/src/core/simulation.py", line 25, in run_hydraulic_simulation
    results = sim.run_sim(convergence_error=True)
  File "/home/cintradu/miniconda3/envs/resilience_env/lib/python3.13/site-packages/wntr/sim/epanet.py", line 115, in run_sim
    enData.ENopen(inpfile, rptfile, outfile)
    ~~~~~~~~~~~~~^^^^^^^^^^^^^^^^^^^^^^^^^^^
  File "/home/cintradu/miniconda3/envs/resilience_env/lib/python3.13/site-packages/wntr/epanet/toolkit.py", line 196, in ENopen
    self._error()
    ~~~~~~~~~~~^^
  File "/home/cintradu/miniconda3/envs/resilience_env/lib/python3.13/site-packages/wntr/epanet/toolkit.py", line 159, in _error
    raise EpanetException(self.errcode)
wntr.epanet.exceptions.EpanetException: (Error 224) no tanks or reservoirs in network
2026-05-17 18:40:16,891 [ERROR] (wntr.epanet.toolkit) EPANET error 223 - not enough nodes in network
2026-05-17 18:40:16,891 [ERROR] (core.simulation) Fatal error in hydraulic simulation
Traceback (most recent call last):
  File "/home/cintradu/IC/ENAU/ENAU-Modelling/src/core/simulation.py", line 25, in run_hydraulic_simulation
    results = sim.run_sim(convergence_error=True)
  File "/home/cintradu/miniconda3/envs/resilience_env/lib/python3.13/site-packages/wntr/sim/epanet.py", line 115, in run_sim
    enData.ENopen(inpfile, rptfile, outfile)
    ~~~~~~~~~~~~~^^^^^^^^^^^^^^^^^^^^^^^^^^^
  File "/home/cintradu/miniconda3/envs/resilience_env/lib/python3.13/site-packages/wntr/epanet/toolkit.py", line 196, in ENopen
    self._error()
    ~~~~~~~~~~~^^
  File "/home/cintradu/miniconda3/envs/resilience_env/lib/python3.13/site-packages/wntr/epanet/toolkit.py", line 159, in _error
    raise EpanetException(self.errcode)
wntr.epanet.exceptions.EpanetException: (Error 223) not enough nodes in network
2026-05-17 18:40:16,893 [ERROR] (wntr.epanet.toolkit) EPANET error 200 - one or more errors in input file %s
2026-05-17 18:40:16,894 [ERROR] (core.simulation) Fatal error in hydraulic simulation
Traceback (most recent call last):
  File "/home/cintradu/IC/ENAU/ENAU-Modelling/src/core/simulation.py", line 25, in run_hydraulic_simulation
    results = sim.run_sim(convergence_error=True)
  File "/home/cintradu/miniconda3/envs/resilience_env/lib/python3.13/site-packages/wntr/sim/epanet.py", line 115, in run_sim
    enData.ENopen(inpfile, rptfile, outfile)
    ~~~~~~~~~~~~~^^^^^^^^^^^^^^^^^^^^^^^^^^^
  File "/home/cintradu/miniconda3/envs/resilience_env/lib/python3.13/site-packages/wntr/epanet/toolkit.py", line 196, in ENopen
    self._error()
    ~~~~~~~~~~~^^
  File "/home/cintradu/miniconda3/envs/resilience_env/lib/python3.13/site-packages/wntr/epanet/toolkit.py", line 159, in _error
    raise EpanetException(self.errcode)
wntr.epanet.exceptions.EpanetException: (Error 200) one or more errors in input file %s
2026-05-17 18:40:16,896 [ERROR] (wntr.epanet.toolkit) EPANET error 200 - one or more errors in input file %s
2026-05-17 18:40:16,896 [ERROR] (core.simulation) Fatal error in hydraulic simulation
Traceback (most recent call last):
  File "/home/cintradu/IC/ENAU/ENAU-Modelling/src/core/simulation.py", line 25, in run_hydraulic_simulation
    results = sim.run_sim(convergence_error=True)
  File "/home/cintradu/miniconda3/envs/resilience_env/lib/python3.13/site-packages/wntr/sim/epanet.py", line 115, in run_sim
    enData.ENopen(inpfile, rptfile, outfile)
    ~~~~~~~~~~~~~^^^^^^^^^^^^^^^^^^^^^^^^^^^
  File "/home/cintradu/miniconda3/envs/resilience_env/lib/python3.13/site-packages/wntr/epanet/toolkit.py", line 196, in ENopen
    self._error()
    ~~~~~~~~~~~^^
  File "/home/cintradu/miniconda3/envs/resilience_env/lib/python3.13/site-packages/wntr/epanet/toolkit.py", line 159, in _error
    raise EpanetException(self.errcode)
wntr.epanet.exceptions.EpanetException: (Error 200) one or more errors in input file %s
2026-05-17 18:40:16,945 [ERROR] (core.simulation) Fatal error in hydraulic simulation
Traceback (most recent call last):
  File "/home/cintradu/IC/ENAU/ENAU-Modelling/src/core/simulation.py", line 25, in run_hydraulic_simulation
    results = sim.run_sim(convergence_error=True)
  File "/home/cintradu/miniconda3/envs/resilience_env/lib/python3.13/site-packages/wntr/sim/epanet.py", line 133, in run_sim
    results = self.reader.read(outfile, convergence_error, self._wn.options.hydraulic.headloss=='D-W')
  File "/home/cintradu/miniconda3/envs/resilience_env/lib/python3.13/site-packages/wntr/epanet/io.py", line 2695, in read
    self.save_energy_line(pidx, linknames[pidx-1], energy)
                                ~~~~~~~~~^^^^^^^^
IndexError: list index out of range
2026-05-17 18:40:16,952 [ERROR] (core.simulation) Fatal error in hydraulic simulation
Traceback (most recent call last):
  File "/home/cintradu/IC/ENAU/ENAU-Modelling/src/core/simulation.py", line 25, in run_hydraulic_simulation
    results = sim.run_sim(convergence_error=True)
  File "/home/cintradu/miniconda3/envs/resilience_env/lib/python3.13/site-packages/wntr/sim/epanet.py", line 133, in run_sim
    results = self.reader.read(outfile, convergence_error, self._wn.options.hydraulic.headloss=='D-W')
  File "/home/cintradu/miniconda3/envs/resilience_env/lib/python3.13/site-packages/wntr/epanet/io.py", line 2695, in read
    self.save_energy_line(pidx, linknames[pidx-1], energy)
                                ~~~~~~~~~^^^^^^^^
IndexError: list index out of range
2026-05-17 18:40:16,955 [ERROR] (core.simulation) Fatal error in hydraulic simulation
Traceback (most recent call last):
  File "/home/cintradu/IC/ENAU/ENAU-Modelling/src/core/simulation.py", line 25, in run_hydraulic_simulation
    results = sim.run_sim(convergence_error=True)
  File "/home/cintradu/miniconda3/envs/resilience_env/lib/python3.13/site-packages/wntr/sim/epanet.py", line 133, in run_sim
    results = self.reader.read(outfile, convergence_error, self._wn.options.hydraulic.headloss=='D-W')
  File "/home/cintradu/miniconda3/envs/resilience_env/lib/python3.13/site-packages/wntr/epanet/io.py", line 2695, in read
    self.save_energy_line(pidx, linknames[pidx-1], energy)
                                ~~~~~~~~~^^^^^^^^
IndexError: list index out of range
2026-05-17 18:40:16,955 [ERROR] (core.simulation) Fatal error in hydraulic simulation
Traceback (most recent call last):
  File "/home/cintradu/IC/ENAU/ENAU-Modelling/src/core/simulation.py", line 25, in run_hydraulic_simulation
    results = sim.run_sim(convergence_error=True)
  File "/home/cintradu/miniconda3/envs/resilience_env/lib/python3.13/site-packages/wntr/sim/epanet.py", line 133, in run_sim
    results = self.reader.read(outfile, convergence_error, self._wn.options.hydraulic.headloss=='D-W')
  File "/home/cintradu/miniconda3/envs/resilience_env/lib/python3.13/site-packages/wntr/epanet/io.py", line 2695, in read
    self.save_energy_line(pidx, linknames[pidx-1], energy)
                                ~~~~~~~~~^^^^^^^^
IndexError: list index out of range
2026-05-17 18:40:16,957 [ERROR] (core.simulation) Fatal error in hydraulic simulation
Traceback (most recent call last):
  File "/home/cintradu/IC/ENAU/ENAU-Modelling/src/core/simulation.py", line 25, in run_hydraulic_simulation
    results = sim.run_sim(convergence_error=True)
  File "/home/cintradu/miniconda3/envs/resilience_env/lib/python3.13/site-packages/wntr/sim/epanet.py", line 133, in run_sim
    results = self.reader.read(outfile, convergence_error, self._wn.options.hydraulic.headloss=='D-W')
  File "/home/cintradu/miniconda3/envs/resilience_env/lib/python3.13/site-packages/wntr/epanet/io.py", line 2695, in read
    self.save_energy_line(pidx, linknames[pidx-1], energy)
                                ~~~~~~~~~^^^^^^^^
IndexError: list index out of range
2026-05-17 18:40:16,967 [ERROR] (wntr.epanet.toolkit) EPANET error 200 - one or more errors in input file %s
2026-05-17 18:40:16,967 [ERROR] (core.simulation) Fatal error in hydraulic simulation
Traceback (most recent call last):
  File "/home/cintradu/IC/ENAU/ENAU-Modelling/src/core/simulation.py", line 25, in run_hydraulic_simulation
    results = sim.run_sim(convergence_error=True)
  File "/home/cintradu/miniconda3/envs/resilience_env/lib/python3.13/site-packages/wntr/sim/epanet.py", line 115, in run_sim
    enData.ENopen(inpfile, rptfile, outfile)
    ~~~~~~~~~~~~~^^^^^^^^^^^^^^^^^^^^^^^^^^^
  File "/home/cintradu/miniconda3/envs/resilience_env/lib/python3.13/site-packages/wntr/epanet/toolkit.py", line 196, in ENopen
    self._error()
    ~~~~~~~~~~~^^
  File "/home/cintradu/miniconda3/envs/resilience_env/lib/python3.13/site-packages/wntr/epanet/toolkit.py", line 159, in _error
    raise EpanetException(self.errcode)
wntr.epanet.exceptions.EpanetException: (Error 200) one or more errors in input file %s
2026-05-17 18:40:16,970 [ERROR] (wntr.epanet.toolkit) EPANET error 224 - no tanks or reservoirs in network
2026-05-17 18:40:16,970 [ERROR] (wntr.epanet.toolkit) EPANET error 224 - no tanks or reservoirs in network
2026-05-17 18:40:16,970 [ERROR] (core.simulation) Fatal error in hydraulic simulation
Traceback (most recent call last):
  File "/home/cintradu/IC/ENAU/ENAU-Modelling/src/core/simulation.py", line 25, in run_hydraulic_simulation
    results = sim.run_sim(convergence_error=True)
  File "/home/cintradu/miniconda3/envs/resilience_env/lib/python3.13/site-packages/wntr/sim/epanet.py", line 115, in run_sim
    enData.ENopen(inpfile, rptfile, outfile)
    ~~~~~~~~~~~~~^^^^^^^^^^^^^^^^^^^^^^^^^^^
  File "/home/cintradu/miniconda3/envs/resilience_env/lib/python3.13/site-packages/wntr/epanet/toolkit.py", line 196, in ENopen
    self._error()
    ~~~~~~~~~~~^^
  File "/home/cintradu/miniconda3/envs/resilience_env/lib/python3.13/site-packages/wntr/epanet/toolkit.py", line 159, in _error
    raise EpanetException(self.errcode)
wntr.epanet.exceptions.EpanetException: (Error 224) no tanks or reservoirs in network
2026-05-17 18:40:16,971 [ERROR] (core.simulation) Fatal error in hydraulic simulation
Traceback (most recent call last):
  File "/home/cintradu/IC/ENAU/ENAU-Modelling/src/core/simulation.py", line 25, in run_hydraulic_simulation
    results = sim.run_sim(convergence_error=True)
  File "/home/cintradu/miniconda3/envs/resilience_env/lib/python3.13/site-packages/wntr/sim/epanet.py", line 115, in run_sim
    enData.ENopen(inpfile, rptfile, outfile)
    ~~~~~~~~~~~~~^^^^^^^^^^^^^^^^^^^^^^^^^^^
  File "/home/cintradu/miniconda3/envs/resilience_env/lib/python3.13/site-packages/wntr/epanet/toolkit.py", line 196, in ENopen
    self._error()
    ~~~~~~~~~~~^^
  File "/home/cintradu/miniconda3/envs/resilience_env/lib/python3.13/site-packages/wntr/epanet/toolkit.py", line 159, in _error
    raise EpanetException(self.errcode)
wntr.epanet.exceptions.EpanetException: (Error 224) no tanks or reservoirs in network
2026-05-17 18:40:16,974 [ERROR] (core.simulation) Fatal error in hydraulic simulation
Traceback (most recent call last):
  File "/home/cintradu/IC/ENAU/ENAU-Modelling/src/core/simulation.py", line 25, in run_hydraulic_simulation
    results = sim.run_sim(convergence_error=True)
  File "/home/cintradu/miniconda3/envs/resilience_env/lib/python3.13/site-packages/wntr/sim/epanet.py", line 133, in run_sim
    results = self.reader.read(outfile, convergence_error, self._wn.options.hydraulic.headloss=='D-W')
  File "/home/cintradu/miniconda3/envs/resilience_env/lib/python3.13/site-packages/wntr/epanet/io.py", line 2695, in read
    self.save_energy_line(pidx, linknames[pidx-1], energy)
                                ~~~~~~~~~^^^^^^^^
IndexError: list index out of range
2026-05-17 18:40:16,975 [ERROR] (wntr.epanet.toolkit) EPANET error 200 - one or more errors in input file %s
2026-05-17 18:40:16,976 [ERROR] (core.simulation) Fatal error in hydraulic simulation
Traceback (most recent call last):
  File "/home/cintradu/IC/ENAU/ENAU-Modelling/src/core/simulation.py", line 25, in run_hydraulic_simulation
    results = sim.run_sim(convergence_error=True)
  File "/home/cintradu/miniconda3/envs/resilience_env/lib/python3.13/site-packages/wntr/sim/epanet.py", line 115, in run_sim
    enData.ENopen(inpfile, rptfile, outfile)
    ~~~~~~~~~~~~~^^^^^^^^^^^^^^^^^^^^^^^^^^^
  File "/home/cintradu/miniconda3/envs/resilience_env/lib/python3.13/site-packages/wntr/epanet/toolkit.py", line 196, in ENopen
    self._error()
    ~~~~~~~~~~~^^
  File "/home/cintradu/miniconda3/envs/resilience_env/lib/python3.13/site-packages/wntr/epanet/toolkit.py", line 159, in _error
    raise EpanetException(self.errcode)
wntr.epanet.exceptions.EpanetException: (Error 200) one or more errors in input file %s
2026-05-17 18:40:16,977 [ERROR] (wntr.epanet.toolkit) EPANET error 200 - one or more errors in input file %s
2026-05-17 18:40:16,977 [ERROR] (core.simulation) Fatal error in hydraulic simulation
Traceback (most recent call last):
  File "/home/cintradu/IC/ENAU/ENAU-Modelling/src/core/simulation.py", line 25, in run_hydraulic_simulation
    results = sim.run_sim(convergence_error=True)
  File "/home/cintradu/miniconda3/envs/resilience_env/lib/python3.13/site-packages/wntr/sim/epanet.py", line 115, in run_sim
    enData.ENopen(inpfile, rptfile, outfile)
    ~~~~~~~~~~~~~^^^^^^^^^^^^^^^^^^^^^^^^^^^
  File "/home/cintradu/miniconda3/envs/resilience_env/lib/python3.13/site-packages/wntr/epanet/toolkit.py", line 196, in ENopen
    self._error()
    ~~~~~~~~~~~^^
  File "/home/cintradu/miniconda3/envs/resilience_env/lib/python3.13/site-packages/wntr/epanet/toolkit.py", line 159, in _error
    raise EpanetException(self.errcode)
wntr.epanet.exceptions.EpanetException: (Error 200) one or more errors in input file %s
2026-05-17 18:40:16,977 [ERROR] (core.simulation) Fatal error in hydraulic simulation
Traceback (most recent call last):
  File "/home/cintradu/IC/ENAU/ENAU-Modelling/src/core/simulation.py", line 25, in run_hydraulic_simulation
    results = sim.run_sim(convergence_error=True)
  File "/home/cintradu/miniconda3/envs/resilience_env/lib/python3.13/site-packages/wntr/sim/epanet.py", line 133, in run_sim
    results = self.reader.read(outfile, convergence_error, self._wn.options.hydraulic.headloss=='D-W')
  File "/home/cintradu/miniconda3/envs/resilience_env/lib/python3.13/site-packages/wntr/epanet/io.py", line 2695, in read
    self.save_energy_line(pidx, linknames[pidx-1], energy)
                                ~~~~~~~~~^^^^^^^^
IndexError: list index out of range
2026-05-17 18:40:17,006 [ERROR] (wntr.epanet.toolkit) EPANET error 200 - one or more errors in input file %s
2026-05-17 18:40:17,006 [ERROR] (core.simulation) Fatal error in hydraulic simulation
Traceback (most recent call last):
  File "/home/cintradu/IC/ENAU/ENAU-Modelling/src/core/simulation.py", line 25, in run_hydraulic_simulation
    results = sim.run_sim(convergence_error=True)
  File "/home/cintradu/miniconda3/envs/resilience_env/lib/python3.13/site-packages/wntr/sim/epanet.py", line 115, in run_sim
    enData.ENopen(inpfile, rptfile, outfile)
    ~~~~~~~~~~~~~^^^^^^^^^^^^^^^^^^^^^^^^^^^
  File "/home/cintradu/miniconda3/envs/resilience_env/lib/python3.13/site-packages/wntr/epanet/toolkit.py", line 196, in ENopen
    self._error()
    ~~~~~~~~~~~^^
  File "/home/cintradu/miniconda3/envs/resilience_env/lib/python3.13/site-packages/wntr/epanet/toolkit.py", line 159, in _error
    raise EpanetException(self.errcode)
wntr.epanet.exceptions.EpanetException: (Error 200) one or more errors in input file %s
2026-05-17 18:40:17,013 [ERROR] (wntr.epanet.toolkit) EPANET error 224 - no tanks or reservoirs in network
2026-05-17 18:40:17,013 [ERROR] (core.simulation) Fatal error in hydraulic simulation
Traceback (most recent call last):
  File "/home/cintradu/IC/ENAU/ENAU-Modelling/src/core/simulation.py", line 25, in run_hydraulic_simulation
    results = sim.run_sim(convergence_error=True)
  File "/home/cintradu/miniconda3/envs/resilience_env/lib/python3.13/site-packages/wntr/sim/epanet.py", line 115, in run_sim
    enData.ENopen(inpfile, rptfile, outfile)
    ~~~~~~~~~~~~~^^^^^^^^^^^^^^^^^^^^^^^^^^^
  File "/home/cintradu/miniconda3/envs/resilience_env/lib/python3.13/site-packages/wntr/epanet/toolkit.py", line 196, in ENopen
    self._error()
    ~~~~~~~~~~~^^
  File "/home/cintradu/miniconda3/envs/resilience_env/lib/python3.13/site-packages/wntr/epanet/toolkit.py", line 159, in _error
    raise EpanetException(self.errcode)
wntr.epanet.exceptions.EpanetException: (Error 224) no tanks or reservoirs in network
2026-05-17 18:40:17,029 [ERROR] (core.simulation) Fatal error in hydraulic simulation
Traceback (most recent call last):
  File "/home/cintradu/IC/ENAU/ENAU-Modelling/src/core/simulation.py", line 25, in run_hydraulic_simulation
    results = sim.run_sim(convergence_error=True)
  File "/home/cintradu/miniconda3/envs/resilience_env/lib/python3.13/site-packages/wntr/sim/epanet.py", line 133, in run_sim
    results = self.reader.read(outfile, convergence_error, self._wn.options.hydraulic.headloss=='D-W')
  File "/home/cintradu/miniconda3/envs/resilience_env/lib/python3.13/site-packages/wntr/epanet/io.py", line 2695, in read
    self.save_energy_line(pidx, linknames[pidx-1], energy)
                                ~~~~~~~~~^^^^^^^^
IndexError: list index out of range
2026-05-17 18:40:17,057 [ERROR] (core.simulation) Fatal error in hydraulic simulation
Traceback (most recent call last):
  File "/home/cintradu/IC/ENAU/ENAU-Modelling/src/core/simulation.py", line 25, in run_hydraulic_simulation
    results = sim.run_sim(convergence_error=True)
  File "/home/cintradu/miniconda3/envs/resilience_env/lib/python3.13/site-packages/wntr/sim/epanet.py", line 133, in run_sim
    results = self.reader.read(outfile, convergence_error, self._wn.options.hydraulic.headloss=='D-W')
  File "/home/cintradu/miniconda3/envs/resilience_env/lib/python3.13/site-packages/wntr/epanet/io.py", line 2695, in read
    self.save_energy_line(pidx, linknames[pidx-1], energy)
                                ~~~~~~~~~^^^^^^^^
IndexError: list index out of range
2026-05-17 18:40:17,072 [ERROR] (wntr.epanet.toolkit) EPANET error 224 - no tanks or reservoirs in network
2026-05-17 18:40:17,072 [ERROR] (core.simulation) Fatal error in hydraulic simulation
Traceback (most recent call last):
  File "/home/cintradu/IC/ENAU/ENAU-Modelling/src/core/simulation.py", line 25, in run_hydraulic_simulation
    results = sim.run_sim(convergence_error=True)
  File "/home/cintradu/miniconda3/envs/resilience_env/lib/python3.13/site-packages/wntr/sim/epanet.py", line 115, in run_sim
    enData.ENopen(inpfile, rptfile, outfile)
    ~~~~~~~~~~~~~^^^^^^^^^^^^^^^^^^^^^^^^^^^
  File "/home/cintradu/miniconda3/envs/resilience_env/lib/python3.13/site-packages/wntr/epanet/toolkit.py", line 196, in ENopen
    self._error()
    ~~~~~~~~~~~^^
  File "/home/cintradu/miniconda3/envs/resilience_env/lib/python3.13/site-packages/wntr/epanet/toolkit.py", line 159, in _error
    raise EpanetException(self.errcode)
wntr.epanet.exceptions.EpanetException: (Error 224) no tanks or reservoirs in network
2026-05-17 18:40:17,074 [ERROR] (wntr.epanet.toolkit) EPANET error 224 - no tanks or reservoirs in network
2026-05-17 18:40:17,074 [ERROR] (core.simulation) Fatal error in hydraulic simulation
Traceback (most recent call last):
  File "/home/cintradu/IC/ENAU/ENAU-Modelling/src/core/simulation.py", line 25, in run_hydraulic_simulation
    results = sim.run_sim(convergence_error=True)
  File "/home/cintradu/miniconda3/envs/resilience_env/lib/python3.13/site-packages/wntr/sim/epanet.py", line 115, in run_sim
    enData.ENopen(inpfile, rptfile, outfile)
    ~~~~~~~~~~~~~^^^^^^^^^^^^^^^^^^^^^^^^^^^
  File "/home/cintradu/miniconda3/envs/resilience_env/lib/python3.13/site-packages/wntr/epanet/toolkit.py", line 196, in ENopen
    self._error()
    ~~~~~~~~~~~^^
  File "/home/cintradu/miniconda3/envs/resilience_env/lib/python3.13/site-packages/wntr/epanet/toolkit.py", line 159, in _error
    raise EpanetException(self.errcode)
wntr.epanet.exceptions.EpanetException: (Error 224) no tanks or reservoirs in network
2026-05-17 18:40:17,078 [ERROR] (core.simulation) Fatal error in hydraulic simulation
Traceback (most recent call last):
  File "/home/cintradu/IC/ENAU/ENAU-Modelling/src/core/simulation.py", line 25, in run_hydraulic_simulation
    results = sim.run_sim(convergence_error=True)
  File "/home/cintradu/miniconda3/envs/resilience_env/lib/python3.13/site-packages/wntr/sim/epanet.py", line 133, in run_sim
    results = self.reader.read(outfile, convergence_error, self._wn.options.hydraulic.headloss=='D-W')
  File "/home/cintradu/miniconda3/envs/resilience_env/lib/python3.13/site-packages/wntr/epanet/io.py", line 2695, in read
    self.save_energy_line(pidx, linknames[pidx-1], energy)
                                ~~~~~~~~~^^^^^^^^
IndexError: list index out of range
2026-05-17 18:40:17,081 [ERROR] (wntr.epanet.toolkit) EPANET error 224 - no tanks or reservoirs in network
2026-05-17 18:40:17,081 [ERROR] (core.simulation) Fatal error in hydraulic simulation
Traceback (most recent call last):
  File "/home/cintradu/IC/ENAU/ENAU-Modelling/src/core/simulation.py", line 25, in run_hydraulic_simulation
    results = sim.run_sim(convergence_error=True)
  File "/home/cintradu/miniconda3/envs/resilience_env/lib/python3.13/site-packages/wntr/sim/epanet.py", line 115, in run_sim
    enData.ENopen(inpfile, rptfile, outfile)
    ~~~~~~~~~~~~~^^^^^^^^^^^^^^^^^^^^^^^^^^^
  File "/home/cintradu/miniconda3/envs/resilience_env/lib/python3.13/site-packages/wntr/epanet/toolkit.py", line 196, in ENopen
    self._error()
    ~~~~~~~~~~~^^
  File "/home/cintradu/miniconda3/envs/resilience_env/lib/python3.13/site-packages/wntr/epanet/toolkit.py", line 159, in _error
    raise EpanetException(self.errcode)
wntr.epanet.exceptions.EpanetException: (Error 224) no tanks or reservoirs in network
2026-05-17 18:40:17,083 [ERROR] (core.simulation) Fatal error in hydraulic simulation
Traceback (most recent call last):
  File "/home/cintradu/IC/ENAU/ENAU-Modelling/src/core/simulation.py", line 25, in run_hydraulic_simulation
    results = sim.run_sim(convergence_error=True)
  File "/home/cintradu/miniconda3/envs/resilience_env/lib/python3.13/site-packages/wntr/sim/epanet.py", line 133, in run_sim
    results = self.reader.read(outfile, convergence_error, self._wn.options.hydraulic.headloss=='D-W')
  File "/home/cintradu/miniconda3/envs/resilience_env/lib/python3.13/site-packages/wntr/epanet/io.py", line 2695, in read
    self.save_energy_line(pidx, linknames[pidx-1], energy)
                                ~~~~~~~~~^^^^^^^^
IndexError: list index out of range
2026-05-17 18:40:17,087 [CRITICAL] (wntr.epanet.io) The magic number did not match -- binary incomplete or incorrectly read. If you believe this file IS complete, please try a different float type. Current type is "=f4"
2026-05-17 18:40:17,088 [WARNING] (wntr.epanet.io) Warnings were issued during simulation
2026-05-17 18:40:17,095 [ERROR] (wntr.epanet.toolkit) EPANET error 200 - one or more errors in input file %s
2026-05-17 18:40:17,095 [ERROR] (core.simulation) Fatal error in hydraulic simulation
Traceback (most recent call last):
  File "/home/cintradu/IC/ENAU/ENAU-Modelling/src/core/simulation.py", line 25, in run_hydraulic_simulation
    results = sim.run_sim(convergence_error=True)
  File "/home/cintradu/miniconda3/envs/resilience_env/lib/python3.13/site-packages/wntr/sim/epanet.py", line 115, in run_sim
    enData.ENopen(inpfile, rptfile, outfile)
    ~~~~~~~~~~~~~^^^^^^^^^^^^^^^^^^^^^^^^^^^
  File "/home/cintradu/miniconda3/envs/resilience_env/lib/python3.13/site-packages/wntr/epanet/toolkit.py", line 196, in ENopen
    self._error()
    ~~~~~~~~~~~^^
  File "/home/cintradu/miniconda3/envs/resilience_env/lib/python3.13/site-packages/wntr/epanet/toolkit.py", line 159, in _error
    raise EpanetException(self.errcode)
wntr.epanet.exceptions.EpanetException: (Error 200) one or more errors in input file %s
2026-05-17 18:40:17,098 [ERROR] (wntr.epanet.toolkit) EPANET error 200 - one or more errors in input file %s
2026-05-17 18:40:17,098 [ERROR] (core.simulation) Fatal error in hydraulic simulation
Traceback (most recent call last):
  File "/home/cintradu/IC/ENAU/ENAU-Modelling/src/core/simulation.py", line 25, in run_hydraulic_simulation
    results = sim.run_sim(convergence_error=True)
  File "/home/cintradu/miniconda3/envs/resilience_env/lib/python3.13/site-packages/wntr/sim/epanet.py", line 115, in run_sim
    enData.ENopen(inpfile, rptfile, outfile)
    ~~~~~~~~~~~~~^^^^^^^^^^^^^^^^^^^^^^^^^^^
  File "/home/cintradu/miniconda3/envs/resilience_env/lib/python3.13/site-packages/wntr/epanet/toolkit.py", line 196, in ENopen
    self._error()
    ~~~~~~~~~~~^^
  File "/home/cintradu/miniconda3/envs/resilience_env/lib/python3.13/site-packages/wntr/epanet/toolkit.py", line 159, in _error
    raise EpanetException(self.errcode)
wntr.epanet.exceptions.EpanetException: (Error 200) one or more errors in input file %s
2026-05-17 18:40:17,100 [ERROR] (wntr.epanet.toolkit) EPANET error 224 - no tanks or reservoirs in network
2026-05-17 18:40:17,101 [ERROR] (wntr.epanet.toolkit) EPANET error 224 - no tanks or reservoirs in network
2026-05-17 18:40:17,100 [ERROR] (core.simulation) Fatal error in hydraulic simulation
Traceback (most recent call last):
  File "/home/cintradu/IC/ENAU/ENAU-Modelling/src/core/simulation.py", line 25, in run_hydraulic_simulation
    results = sim.run_sim(convergence_error=True)
  File "/home/cintradu/miniconda3/envs/resilience_env/lib/python3.13/site-packages/wntr/sim/epanet.py", line 115, in run_sim
    enData.ENopen(inpfile, rptfile, outfile)
    ~~~~~~~~~~~~~^^^^^^^^^^^^^^^^^^^^^^^^^^^
  File "/home/cintradu/miniconda3/envs/resilience_env/lib/python3.13/site-packages/wntr/epanet/toolkit.py", line 196, in ENopen
    self._error()
    ~~~~~~~~~~~^^
  File "/home/cintradu/miniconda3/envs/resilience_env/lib/python3.13/site-packages/wntr/epanet/toolkit.py", line 159, in _error
    raise EpanetException(self.errcode)
wntr.epanet.exceptions.EpanetException: (Error 224) no tanks or reservoirs in network
2026-05-17 18:40:17,101 [ERROR] (core.simulation) Fatal error in hydraulic simulation
Traceback (most recent call last):
  File "/home/cintradu/IC/ENAU/ENAU-Modelling/src/core/simulation.py", line 25, in run_hydraulic_simulation
    results = sim.run_sim(convergence_error=True)
  File "/home/cintradu/miniconda3/envs/resilience_env/lib/python3.13/site-packages/wntr/sim/epanet.py", line 115, in run_sim
    enData.ENopen(inpfile, rptfile, outfile)
    ~~~~~~~~~~~~~^^^^^^^^^^^^^^^^^^^^^^^^^^^
  File "/home/cintradu/miniconda3/envs/resilience_env/lib/python3.13/site-packages/wntr/epanet/toolkit.py", line 196, in ENopen
    self._error()
    ~~~~~~~~~~~^^
  File "/home/cintradu/miniconda3/envs/resilience_env/lib/python3.13/site-packages/wntr/epanet/toolkit.py", line 159, in _error
    raise EpanetException(self.errcode)
wntr.epanet.exceptions.EpanetException: (Error 224) no tanks or reservoirs in network
2026-05-17 18:40:17,111 [ERROR] (wntr.epanet.toolkit) EPANET error 200 - one or more errors in input file %s
2026-05-17 18:40:17,111 [ERROR] (core.simulation) Fatal error in hydraulic simulation
Traceback (most recent call last):
  File "/home/cintradu/IC/ENAU/ENAU-Modelling/src/core/simulation.py", line 25, in run_hydraulic_simulation
    results = sim.run_sim(convergence_error=True)
  File "/home/cintradu/miniconda3/envs/resilience_env/lib/python3.13/site-packages/wntr/sim/epanet.py", line 115, in run_sim
    enData.ENopen(inpfile, rptfile, outfile)
    ~~~~~~~~~~~~~^^^^^^^^^^^^^^^^^^^^^^^^^^^
  File "/home/cintradu/miniconda3/envs/resilience_env/lib/python3.13/site-packages/wntr/epanet/toolkit.py", line 196, in ENopen
    self._error()
    ~~~~~~~~~~~^^
  File "/home/cintradu/miniconda3/envs/resilience_env/lib/python3.13/site-packages/wntr/epanet/toolkit.py", line 159, in _error
    raise EpanetException(self.errcode)
wntr.epanet.exceptions.EpanetException: (Error 200) one or more errors in input file %s
2026-05-17 18:40:17,172 [ERROR] (core.simulation) Fatal error in hydraulic simulation
Traceback (most recent call last):
  File "/home/cintradu/IC/ENAU/ENAU-Modelling/src/core/simulation.py", line 25, in run_hydraulic_simulation
    results = sim.run_sim(convergence_error=True)
  File "/home/cintradu/miniconda3/envs/resilience_env/lib/python3.13/site-packages/wntr/sim/epanet.py", line 133, in run_sim
    results = self.reader.read(outfile, convergence_error, self._wn.options.hydraulic.headloss=='D-W')
  File "/home/cintradu/miniconda3/envs/resilience_env/lib/python3.13/site-packages/wntr/epanet/io.py", line 2695, in read
    self.save_energy_line(pidx, linknames[pidx-1], energy)
                                ~~~~~~~~~^^^^^^^^
IndexError: list index out of range
2026-05-17 18:40:17,174 [ERROR] (core.simulation) Fatal error in hydraulic simulation
Traceback (most recent call last):
  File "/home/cintradu/IC/ENAU/ENAU-Modelling/src/core/simulation.py", line 25, in run_hydraulic_simulation
    results = sim.run_sim(convergence_error=True)
  File "/home/cintradu/miniconda3/envs/resilience_env/lib/python3.13/site-packages/wntr/sim/epanet.py", line 133, in run_sim
    results = self.reader.read(outfile, convergence_error, self._wn.options.hydraulic.headloss=='D-W')
  File "/home/cintradu/miniconda3/envs/resilience_env/lib/python3.13/site-packages/wntr/epanet/io.py", line 2695, in read
    self.save_energy_line(pidx, linknames[pidx-1], energy)
                                ~~~~~~~~~^^^^^^^^
IndexError: list index out of range
2026-05-17 18:40:17,176 [ERROR] (core.simulation) Fatal error in hydraulic simulation
Traceback (most recent call last):
  File "/home/cintradu/IC/ENAU/ENAU-Modelling/src/core/simulation.py", line 25, in run_hydraulic_simulation
    results = sim.run_sim(convergence_error=True)
  File "/home/cintradu/miniconda3/envs/resilience_env/lib/python3.13/site-packages/wntr/sim/epanet.py", line 133, in run_sim
    results = self.reader.read(outfile, convergence_error, self._wn.options.hydraulic.headloss=='D-W')
  File "/home/cintradu/miniconda3/envs/resilience_env/lib/python3.13/site-packages/wntr/epanet/io.py", line 2695, in read
    self.save_energy_line(pidx, linknames[pidx-1], energy)
                                ~~~~~~~~~^^^^^^^^
IndexError: list index out of range
2026-05-17 18:40:17,188 [ERROR] (wntr.epanet.io) Simulation did not converge at time 24:00:00.
2026-05-17 18:40:17,190 [ERROR] (wntr.epanet.toolkit) EPANET error 224 - no tanks or reservoirs in network
2026-05-17 18:40:17,189 [ERROR] (core.simulation) Fatal error in hydraulic simulation
Traceback (most recent call last):
  File "/home/cintradu/IC/ENAU/ENAU-Modelling/src/core/simulation.py", line 25, in run_hydraulic_simulation
    results = sim.run_sim(convergence_error=True)
  File "/home/cintradu/miniconda3/envs/resilience_env/lib/python3.13/site-packages/wntr/sim/epanet.py", line 133, in run_sim
    results = self.reader.read(outfile, convergence_error, self._wn.options.hydraulic.headloss=='D-W')
  File "/home/cintradu/miniconda3/envs/resilience_env/lib/python3.13/site-packages/wntr/epanet/io.py", line 2771, in read
    raise RuntimeError('Simulation did not converge at time ' + self._get_time(t) + '.')
RuntimeError: Simulation did not converge at time 24:00:00.
2026-05-17 18:40:17,191 [ERROR] (wntr.epanet.toolkit) EPANET error 224 - no tanks or reservoirs in network
2026-05-17 18:40:17,190 [ERROR] (core.simulation) Fatal error in hydraulic simulation
Traceback (most recent call last):
  File "/home/cintradu/IC/ENAU/ENAU-Modelling/src/core/simulation.py", line 25, in run_hydraulic_simulation
    results = sim.run_sim(convergence_error=True)
  File "/home/cintradu/miniconda3/envs/resilience_env/lib/python3.13/site-packages/wntr/sim/epanet.py", line 115, in run_sim
    enData.ENopen(inpfile, rptfile, outfile)
    ~~~~~~~~~~~~~^^^^^^^^^^^^^^^^^^^^^^^^^^^
  File "/home/cintradu/miniconda3/envs/resilience_env/lib/python3.13/site-packages/wntr/epanet/toolkit.py", line 196, in ENopen
    self._error()
    ~~~~~~~~~~~^^
  File "/home/cintradu/miniconda3/envs/resilience_env/lib/python3.13/site-packages/wntr/epanet/toolkit.py", line 159, in _error
    raise EpanetException(self.errcode)
wntr.epanet.exceptions.EpanetException: (Error 224) no tanks or reservoirs in network
2026-05-17 18:40:17,191 [ERROR] (core.simulation) Fatal error in hydraulic simulation
Traceback (most recent call last):
  File "/home/cintradu/IC/ENAU/ENAU-Modelling/src/core/simulation.py", line 25, in run_hydraulic_simulation
    results = sim.run_sim(convergence_error=True)
  File "/home/cintradu/miniconda3/envs/resilience_env/lib/python3.13/site-packages/wntr/sim/epanet.py", line 115, in run_sim
    enData.ENopen(inpfile, rptfile, outfile)
    ~~~~~~~~~~~~~^^^^^^^^^^^^^^^^^^^^^^^^^^^
  File "/home/cintradu/miniconda3/envs/resilience_env/lib/python3.13/site-packages/wntr/epanet/toolkit.py", line 196, in ENopen
    self._error()
    ~~~~~~~~~~~^^
  File "/home/cintradu/miniconda3/envs/resilience_env/lib/python3.13/site-packages/wntr/epanet/toolkit.py", line 159, in _error
    raise EpanetException(self.errcode)
wntr.epanet.exceptions.EpanetException: (Error 224) no tanks or reservoirs in network
2026-05-17 18:40:17,204 [ERROR] (wntr.epanet.toolkit) EPANET error 200 - one or more errors in input file %s
2026-05-17 18:40:17,204 [ERROR] (core.simulation) Fatal error in hydraulic simulation
Traceback (most recent call last):
  File "/home/cintradu/IC/ENAU/ENAU-Modelling/src/core/simulation.py", line 25, in run_hydraulic_simulation
    results = sim.run_sim(convergence_error=True)
  File "/home/cintradu/miniconda3/envs/resilience_env/lib/python3.13/site-packages/wntr/sim/epanet.py", line 115, in run_sim
    enData.ENopen(inpfile, rptfile, outfile)
    ~~~~~~~~~~~~~^^^^^^^^^^^^^^^^^^^^^^^^^^^
  File "/home/cintradu/miniconda3/envs/resilience_env/lib/python3.13/site-packages/wntr/epanet/toolkit.py", line 196, in ENopen
    self._error()
    ~~~~~~~~~~~^^
  File "/home/cintradu/miniconda3/envs/resilience_env/lib/python3.13/site-packages/wntr/epanet/toolkit.py", line 159, in _error
    raise EpanetException(self.errcode)
wntr.epanet.exceptions.EpanetException: (Error 200) one or more errors in input file %s
2026-05-17 18:40:17,207 [ERROR] (wntr.epanet.toolkit) EPANET error 200 - one or more errors in input file %s
2026-05-17 18:40:17,207 [ERROR] (core.simulation) Fatal error in hydraulic simulation
Traceback (most recent call last):
  File "/home/cintradu/IC/ENAU/ENAU-Modelling/src/core/simulation.py", line 25, in run_hydraulic_simulation
    results = sim.run_sim(convergence_error=True)
  File "/home/cintradu/miniconda3/envs/resilience_env/lib/python3.13/site-packages/wntr/sim/epanet.py", line 115, in run_sim
    enData.ENopen(inpfile, rptfile, outfile)
    ~~~~~~~~~~~~~^^^^^^^^^^^^^^^^^^^^^^^^^^^
  File "/home/cintradu/miniconda3/envs/resilience_env/lib/python3.13/site-packages/wntr/epanet/toolkit.py", line 196, in ENopen
    self._error()
    ~~~~~~~~~~~^^
  File "/home/cintradu/miniconda3/envs/resilience_env/lib/python3.13/site-packages/wntr/epanet/toolkit.py", line 159, in _error
    raise EpanetException(self.errcode)
wntr.epanet.exceptions.EpanetException: (Error 200) one or more errors in input file %s
2026-05-17 18:40:17,210 [ERROR] (wntr.epanet.toolkit) EPANET error 224 - no tanks or reservoirs in network
2026-05-17 18:40:17,211 [ERROR] (wntr.epanet.toolkit) EPANET error 224 - no tanks or reservoirs in network
2026-05-17 18:40:17,210 [ERROR] (core.simulation) Fatal error in hydraulic simulation
Traceback (most recent call last):
  File "/home/cintradu/IC/ENAU/ENAU-Modelling/src/core/simulation.py", line 25, in run_hydraulic_simulation
    results = sim.run_sim(convergence_error=True)
  File "/home/cintradu/miniconda3/envs/resilience_env/lib/python3.13/site-packages/wntr/sim/epanet.py", line 115, in run_sim
    enData.ENopen(inpfile, rptfile, outfile)
    ~~~~~~~~~~~~~^^^^^^^^^^^^^^^^^^^^^^^^^^^
  File "/home/cintradu/miniconda3/envs/resilience_env/lib/python3.13/site-packages/wntr/epanet/toolkit.py", line 196, in ENopen
    self._error()
    ~~~~~~~~~~~^^
  File "/home/cintradu/miniconda3/envs/resilience_env/lib/python3.13/site-packages/wntr/epanet/toolkit.py", line 159, in _error
    raise EpanetException(self.errcode)
wntr.epanet.exceptions.EpanetException: (Error 224) no tanks or reservoirs in network
2026-05-17 18:40:17,211 [ERROR] (core.simulation) Fatal error in hydraulic simulation
Traceback (most recent call last):
  File "/home/cintradu/IC/ENAU/ENAU-Modelling/src/core/simulation.py", line 25, in run_hydraulic_simulation
    results = sim.run_sim(convergence_error=True)
  File "/home/cintradu/miniconda3/envs/resilience_env/lib/python3.13/site-packages/wntr/sim/epanet.py", line 115, in run_sim
    enData.ENopen(inpfile, rptfile, outfile)
    ~~~~~~~~~~~~~^^^^^^^^^^^^^^^^^^^^^^^^^^^
  File "/home/cintradu/miniconda3/envs/resilience_env/lib/python3.13/site-packages/wntr/epanet/toolkit.py", line 196, in ENopen
    self._error()
    ~~~~~~~~~~~^^
  File "/home/cintradu/miniconda3/envs/resilience_env/lib/python3.13/site-packages/wntr/epanet/toolkit.py", line 159, in _error
    raise EpanetException(self.errcode)
wntr.epanet.exceptions.EpanetException: (Error 224) no tanks or reservoirs in network
2026-05-17 18:40:17,214 [ERROR] (wntr.epanet.toolkit) EPANET error 224 - no tanks or reservoirs in network
2026-05-17 18:40:17,214 [ERROR] (wntr.epanet.toolkit) EPANET error 224 - no tanks or reservoirs in network
2026-05-17 18:40:17,215 [ERROR] (core.simulation) Fatal error in hydraulic simulation
Traceback (most recent call last):
  File "/home/cintradu/IC/ENAU/ENAU-Modelling/src/core/simulation.py", line 25, in run_hydraulic_simulation
    results = sim.run_sim(convergence_error=True)
  File "/home/cintradu/miniconda3/envs/resilience_env/lib/python3.13/site-packages/wntr/sim/epanet.py", line 115, in run_sim
    enData.ENopen(inpfile, rptfile, outfile)
    ~~~~~~~~~~~~~^^^^^^^^^^^^^^^^^^^^^^^^^^^
  File "/home/cintradu/miniconda3/envs/resilience_env/lib/python3.13/site-packages/wntr/epanet/toolkit.py", line 196, in ENopen
    self._error()
    ~~~~~~~~~~~^^
  File "/home/cintradu/miniconda3/envs/resilience_env/lib/python3.13/site-packages/wntr/epanet/toolkit.py", line 159, in _error
    raise EpanetException(self.errcode)
wntr.epanet.exceptions.EpanetException: (Error 224) no tanks or reservoirs in network
2026-05-17 18:40:17,215 [ERROR] (core.simulation) Fatal error in hydraulic simulation
Traceback (most recent call last):
  File "/home/cintradu/IC/ENAU/ENAU-Modelling/src/core/simulation.py", line 25, in run_hydraulic_simulation
    results = sim.run_sim(convergence_error=True)
  File "/home/cintradu/miniconda3/envs/resilience_env/lib/python3.13/site-packages/wntr/sim/epanet.py", line 115, in run_sim
    enData.ENopen(inpfile, rptfile, outfile)
    ~~~~~~~~~~~~~^^^^^^^^^^^^^^^^^^^^^^^^^^^
  File "/home/cintradu/miniconda3/envs/resilience_env/lib/python3.13/site-packages/wntr/epanet/toolkit.py", line 196, in ENopen
    self._error()
    ~~~~~~~~~~~^^
  File "/home/cintradu/miniconda3/envs/resilience_env/lib/python3.13/site-packages/wntr/epanet/toolkit.py", line 159, in _error
    raise EpanetException(self.errcode)
wntr.epanet.exceptions.EpanetException: (Error 224) no tanks or reservoirs in network
2026-05-17 18:40:17,226 [ERROR] (wntr.epanet.toolkit) EPANET error 224 - no tanks or reservoirs in network
2026-05-17 18:40:17,226 [ERROR] (core.simulation) Fatal error in hydraulic simulation
Traceback (most recent call last):
  File "/home/cintradu/IC/ENAU/ENAU-Modelling/src/core/simulation.py", line 25, in run_hydraulic_simulation
    results = sim.run_sim(convergence_error=True)
  File "/home/cintradu/miniconda3/envs/resilience_env/lib/python3.13/site-packages/wntr/sim/epanet.py", line 115, in run_sim
    enData.ENopen(inpfile, rptfile, outfile)
    ~~~~~~~~~~~~~^^^^^^^^^^^^^^^^^^^^^^^^^^^
  File "/home/cintradu/miniconda3/envs/resilience_env/lib/python3.13/site-packages/wntr/epanet/toolkit.py", line 196, in ENopen
    self._error()
    ~~~~~~~~~~~^^
  File "/home/cintradu/miniconda3/envs/resilience_env/lib/python3.13/site-packages/wntr/epanet/toolkit.py", line 159, in _error
    raise EpanetException(self.errcode)
wntr.epanet.exceptions.EpanetException: (Error 224) no tanks or reservoirs in network
2026-05-17 18:40:17,228 [ERROR] (wntr.epanet.toolkit) EPANET error 200 - one or more errors in input file %s
2026-05-17 18:40:17,228 [ERROR] (core.simulation) Fatal error in hydraulic simulation
Traceback (most recent call last):
  File "/home/cintradu/IC/ENAU/ENAU-Modelling/src/core/simulation.py", line 25, in run_hydraulic_simulation
    results = sim.run_sim(convergence_error=True)
  File "/home/cintradu/miniconda3/envs/resilience_env/lib/python3.13/site-packages/wntr/sim/epanet.py", line 115, in run_sim
    enData.ENopen(inpfile, rptfile, outfile)
    ~~~~~~~~~~~~~^^^^^^^^^^^^^^^^^^^^^^^^^^^
  File "/home/cintradu/miniconda3/envs/resilience_env/lib/python3.13/site-packages/wntr/epanet/toolkit.py", line 196, in ENopen
    self._error()
    ~~~~~~~~~~~^^
  File "/home/cintradu/miniconda3/envs/resilience_env/lib/python3.13/site-packages/wntr/epanet/toolkit.py", line 159, in _error
    raise EpanetException(self.errcode)
wntr.epanet.exceptions.EpanetException: (Error 200) one or more errors in input file %s
2026-05-17 18:40:17,230 [ERROR] (wntr.epanet.toolkit) EPANET error 200 - one or more errors in input file %s
2026-05-17 18:40:17,230 [ERROR] (core.simulation) Fatal error in hydraulic simulation
Traceback (most recent call last):
  File "/home/cintradu/IC/ENAU/ENAU-Modelling/src/core/simulation.py", line 25, in run_hydraulic_simulation
    results = sim.run_sim(convergence_error=True)
  File "/home/cintradu/miniconda3/envs/resilience_env/lib/python3.13/site-packages/wntr/sim/epanet.py", line 115, in run_sim
    enData.ENopen(inpfile, rptfile, outfile)
    ~~~~~~~~~~~~~^^^^^^^^^^^^^^^^^^^^^^^^^^^
  File "/home/cintradu/miniconda3/envs/resilience_env/lib/python3.13/site-packages/wntr/epanet/toolkit.py", line 196, in ENopen
    self._error()
    ~~~~~~~~~~~^^
  File "/home/cintradu/miniconda3/envs/resilience_env/lib/python3.13/site-packages/wntr/epanet/toolkit.py", line 159, in _error
    raise EpanetException(self.errcode)
wntr.epanet.exceptions.EpanetException: (Error 200) one or more errors in input file %s
2026-05-17 18:40:17,237 [ERROR] (wntr.epanet.toolkit) EPANET error 200 - one or more errors in input file %s
2026-05-17 18:40:17,238 [ERROR] (core.simulation) Fatal error in hydraulic simulation
Traceback (most recent call last):
  File "/home/cintradu/IC/ENAU/ENAU-Modelling/src/core/simulation.py", line 25, in run_hydraulic_simulation
    results = sim.run_sim(convergence_error=True)
  File "/home/cintradu/miniconda3/envs/resilience_env/lib/python3.13/site-packages/wntr/sim/epanet.py", line 115, in run_sim
    enData.ENopen(inpfile, rptfile, outfile)
    ~~~~~~~~~~~~~^^^^^^^^^^^^^^^^^^^^^^^^^^^
  File "/home/cintradu/miniconda3/envs/resilience_env/lib/python3.13/site-packages/wntr/epanet/toolkit.py", line 196, in ENopen
    self._error()
    ~~~~~~~~~~~^^
  File "/home/cintradu/miniconda3/envs/resilience_env/lib/python3.13/site-packages/wntr/epanet/toolkit.py", line 159, in _error
    raise EpanetException(self.errcode)
wntr.epanet.exceptions.EpanetException: (Error 200) one or more errors in input file %s
2026-05-17 18:40:17,241 [ERROR] (wntr.epanet.toolkit) EPANET error 200 - one or more errors in input file %s
2026-05-17 18:40:17,242 [ERROR] (wntr.epanet.toolkit) EPANET error 200 - one or more errors in input file %s
2026-05-17 18:40:17,242 [ERROR] (wntr.epanet.toolkit) EPANET error 223 - not enough nodes in network
2026-05-17 18:40:17,241 [ERROR] (core.simulation) Fatal error in hydraulic simulation
Traceback (most recent call last):
  File "/home/cintradu/IC/ENAU/ENAU-Modelling/src/core/simulation.py", line 25, in run_hydraulic_simulation
    results = sim.run_sim(convergence_error=True)
  File "/home/cintradu/miniconda3/envs/resilience_env/lib/python3.13/site-packages/wntr/sim/epanet.py", line 115, in run_sim
    enData.ENopen(inpfile, rptfile, outfile)
    ~~~~~~~~~~~~~^^^^^^^^^^^^^^^^^^^^^^^^^^^
  File "/home/cintradu/miniconda3/envs/resilience_env/lib/python3.13/site-packages/wntr/epanet/toolkit.py", line 196, in ENopen
    self._error()
    ~~~~~~~~~~~^^
  File "/home/cintradu/miniconda3/envs/resilience_env/lib/python3.13/site-packages/wntr/epanet/toolkit.py", line 159, in _error
    raise EpanetException(self.errcode)
wntr.epanet.exceptions.EpanetException: (Error 200) one or more errors in input file %s
2026-05-17 18:40:17,242 [ERROR] (core.simulation) Fatal error in hydraulic simulation
Traceback (most recent call last):
  File "/home/cintradu/IC/ENAU/ENAU-Modelling/src/core/simulation.py", line 25, in run_hydraulic_simulation
    results = sim.run_sim(convergence_error=True)
  File "/home/cintradu/miniconda3/envs/resilience_env/lib/python3.13/site-packages/wntr/sim/epanet.py", line 115, in run_sim
    enData.ENopen(inpfile, rptfile, outfile)
    ~~~~~~~~~~~~~^^^^^^^^^^^^^^^^^^^^^^^^^^^
  File "/home/cintradu/miniconda3/envs/resilience_env/lib/python3.13/site-packages/wntr/epanet/toolkit.py", line 196, in ENopen
    self._error()
    ~~~~~~~~~~~^^
  File "/home/cintradu/miniconda3/envs/resilience_env/lib/python3.13/site-packages/wntr/epanet/toolkit.py", line 159, in _error
    raise EpanetException(self.errcode)
wntr.epanet.exceptions.EpanetException: (Error 200) one or more errors in input file %s
2026-05-17 18:40:17,242 [ERROR] (core.simulation) Fatal error in hydraulic simulation
Traceback (most recent call last):
  File "/home/cintradu/IC/ENAU/ENAU-Modelling/src/core/simulation.py", line 25, in run_hydraulic_simulation
    results = sim.run_sim(convergence_error=True)
  File "/home/cintradu/miniconda3/envs/resilience_env/lib/python3.13/site-packages/wntr/sim/epanet.py", line 115, in run_sim
    enData.ENopen(inpfile, rptfile, outfile)
    ~~~~~~~~~~~~~^^^^^^^^^^^^^^^^^^^^^^^^^^^
  File "/home/cintradu/miniconda3/envs/resilience_env/lib/python3.13/site-packages/wntr/epanet/toolkit.py", line 196, in ENopen
    self._error()
    ~~~~~~~~~~~^^
  File "/home/cintradu/miniconda3/envs/resilience_env/lib/python3.13/site-packages/wntr/epanet/toolkit.py", line 159, in _error
    raise EpanetException(self.errcode)
wntr.epanet.exceptions.EpanetException: (Error 223) not enough nodes in network
2026-05-17 18:40:17,246 [ERROR] (wntr.epanet.toolkit) EPANET error 224 - no tanks or reservoirs in network
2026-05-17 18:40:17,249 [ERROR] (core.simulation) Fatal error in hydraulic simulation
Traceback (most recent call last):
  File "/home/cintradu/IC/ENAU/ENAU-Modelling/src/core/simulation.py", line 25, in run_hydraulic_simulation
    results = sim.run_sim(convergence_error=True)
  File "/home/cintradu/miniconda3/envs/resilience_env/lib/python3.13/site-packages/wntr/sim/epanet.py", line 115, in run_sim
    enData.ENopen(inpfile, rptfile, outfile)
    ~~~~~~~~~~~~~^^^^^^^^^^^^^^^^^^^^^^^^^^^
  File "/home/cintradu/miniconda3/envs/resilience_env/lib/python3.13/site-packages/wntr/epanet/toolkit.py", line 196, in ENopen
    self._error()
    ~~~~~~~~~~~^^
  File "/home/cintradu/miniconda3/envs/resilience_env/lib/python3.13/site-packages/wntr/epanet/toolkit.py", line 159, in _error
    raise EpanetException(self.errcode)
wntr.epanet.exceptions.EpanetException: (Error 224) no tanks or reservoirs in network
2026-05-17 18:40:17,250 [ERROR] (wntr.epanet.toolkit) EPANET error 224 - no tanks or reservoirs in network
2026-05-17 18:40:17,251 [ERROR] (wntr.epanet.toolkit) EPANET error 200 - one or more errors in input file %s
2026-05-17 18:40:17,251 [ERROR] (core.simulation) Fatal error in hydraulic simulation
Traceback (most recent call last):
  File "/home/cintradu/IC/ENAU/ENAU-Modelling/src/core/simulation.py", line 25, in run_hydraulic_simulation
    results = sim.run_sim(convergence_error=True)
  File "/home/cintradu/miniconda3/envs/resilience_env/lib/python3.13/site-packages/wntr/sim/epanet.py", line 115, in run_sim
    enData.ENopen(inpfile, rptfile, outfile)
    ~~~~~~~~~~~~~^^^^^^^^^^^^^^^^^^^^^^^^^^^
  File "/home/cintradu/miniconda3/envs/resilience_env/lib/python3.13/site-packages/wntr/epanet/toolkit.py", line 196, in ENopen
    self._error()
    ~~~~~~~~~~~^^
  File "/home/cintradu/miniconda3/envs/resilience_env/lib/python3.13/site-packages/wntr/epanet/toolkit.py", line 159, in _error
    raise EpanetException(self.errcode)
wntr.epanet.exceptions.EpanetException: (Error 224) no tanks or reservoirs in network
2026-05-17 18:40:17,251 [ERROR] (core.simulation) Fatal error in hydraulic simulation
Traceback (most recent call last):
  File "/home/cintradu/IC/ENAU/ENAU-Modelling/src/core/simulation.py", line 25, in run_hydraulic_simulation
    results = sim.run_sim(convergence_error=True)
  File "/home/cintradu/miniconda3/envs/resilience_env/lib/python3.13/site-packages/wntr/sim/epanet.py", line 115, in run_sim
    enData.ENopen(inpfile, rptfile, outfile)
    ~~~~~~~~~~~~~^^^^^^^^^^^^^^^^^^^^^^^^^^^
  File "/home/cintradu/miniconda3/envs/resilience_env/lib/python3.13/site-packages/wntr/epanet/toolkit.py", line 196, in ENopen
    self._error()
    ~~~~~~~~~~~^^
  File "/home/cintradu/miniconda3/envs/resilience_env/lib/python3.13/site-packages/wntr/epanet/toolkit.py", line 159, in _error
    raise EpanetException(self.errcode)
wntr.epanet.exceptions.EpanetException: (Error 200) one or more errors in input file %s
2026-05-17 18:40:17,258 [ERROR] (wntr.epanet.toolkit) EPANET error 200 - one or more errors in input file %s
2026-05-17 18:40:17,258 [ERROR] (core.simulation) Fatal error in hydraulic simulation
Traceback (most recent call last):
  File "/home/cintradu/IC/ENAU/ENAU-Modelling/src/core/simulation.py", line 25, in run_hydraulic_simulation
    results = sim.run_sim(convergence_error=True)
  File "/home/cintradu/miniconda3/envs/resilience_env/lib/python3.13/site-packages/wntr/sim/epanet.py", line 115, in run_sim
    enData.ENopen(inpfile, rptfile, outfile)
    ~~~~~~~~~~~~~^^^^^^^^^^^^^^^^^^^^^^^^^^^
  File "/home/cintradu/miniconda3/envs/resilience_env/lib/python3.13/site-packages/wntr/epanet/toolkit.py", line 196, in ENopen
    self._error()
    ~~~~~~~~~~~^^
  File "/home/cintradu/miniconda3/envs/resilience_env/lib/python3.13/site-packages/wntr/epanet/toolkit.py", line 159, in _error
    raise EpanetException(self.errcode)
wntr.epanet.exceptions.EpanetException: (Error 200) one or more errors in input file %s
2026-05-17 18:40:17,260 [ERROR] (wntr.epanet.toolkit) EPANET error 200 - one or more errors in input file %s
2026-05-17 18:40:17,260 [ERROR] (wntr.epanet.toolkit) EPANET error 200 - one or more errors in input file %s
2026-05-17 18:40:17,260 [ERROR] (wntr.epanet.toolkit) EPANET error 200 - one or more errors in input file %s
2026-05-17 18:40:17,260 [ERROR] (core.simulation) Fatal error in hydraulic simulation
Traceback (most recent call last):
  File "/home/cintradu/IC/ENAU/ENAU-Modelling/src/core/simulation.py", line 25, in run_hydraulic_simulation
    results = sim.run_sim(convergence_error=True)
  File "/home/cintradu/miniconda3/envs/resilience_env/lib/python3.13/site-packages/wntr/sim/epanet.py", line 115, in run_sim
    enData.ENopen(inpfile, rptfile, outfile)
    ~~~~~~~~~~~~~^^^^^^^^^^^^^^^^^^^^^^^^^^^
  File "/home/cintradu/miniconda3/envs/resilience_env/lib/python3.13/site-packages/wntr/epanet/toolkit.py", line 196, in ENopen
    self._error()
    ~~~~~~~~~~~^^
  File "/home/cintradu/miniconda3/envs/resilience_env/lib/python3.13/site-packages/wntr/epanet/toolkit.py", line 159, in _error
    raise EpanetException(self.errcode)
wntr.epanet.exceptions.EpanetException: (Error 200) one or more errors in input file %s
2026-05-17 18:40:17,261 [ERROR] (core.simulation) Fatal error in hydraulic simulation
Traceback (most recent call last):
  File "/home/cintradu/IC/ENAU/ENAU-Modelling/src/core/simulation.py", line 25, in run_hydraulic_simulation
    results = sim.run_sim(convergence_error=True)
  File "/home/cintradu/miniconda3/envs/resilience_env/lib/python3.13/site-packages/wntr/sim/epanet.py", line 115, in run_sim
    enData.ENopen(inpfile, rptfile, outfile)
    ~~~~~~~~~~~~~^^^^^^^^^^^^^^^^^^^^^^^^^^^
  File "/home/cintradu/miniconda3/envs/resilience_env/lib/python3.13/site-packages/wntr/epanet/toolkit.py", line 196, in ENopen
    self._error()
    ~~~~~~~~~~~^^
  File "/home/cintradu/miniconda3/envs/resilience_env/lib/python3.13/site-packages/wntr/epanet/toolkit.py", line 159, in _error
    raise EpanetException(self.errcode)
wntr.epanet.exceptions.EpanetException: (Error 200) one or more errors in input file %s
2026-05-17 18:40:17,261 [ERROR] (core.simulation) Fatal error in hydraulic simulation
Traceback (most recent call last):
  File "/home/cintradu/IC/ENAU/ENAU-Modelling/src/core/simulation.py", line 25, in run_hydraulic_simulation
    results = sim.run_sim(convergence_error=True)
  File "/home/cintradu/miniconda3/envs/resilience_env/lib/python3.13/site-packages/wntr/sim/epanet.py", line 115, in run_sim
    enData.ENopen(inpfile, rptfile, outfile)
    ~~~~~~~~~~~~~^^^^^^^^^^^^^^^^^^^^^^^^^^^
  File "/home/cintradu/miniconda3/envs/resilience_env/lib/python3.13/site-packages/wntr/epanet/toolkit.py", line 196, in ENopen
    self._error()
    ~~~~~~~~~~~^^
  File "/home/cintradu/miniconda3/envs/resilience_env/lib/python3.13/site-packages/wntr/epanet/toolkit.py", line 159, in _error
    raise EpanetException(self.errcode)
wntr.epanet.exceptions.EpanetException: (Error 200) one or more errors in input file %s
2026-05-17 18:40:17,265 [ERROR] (wntr.epanet.toolkit) EPANET error 200 - one or more errors in input file %s
2026-05-17 18:40:17,265 [ERROR] (core.simulation) Fatal error in hydraulic simulation
Traceback (most recent call last):
  File "/home/cintradu/IC/ENAU/ENAU-Modelling/src/core/simulation.py", line 25, in run_hydraulic_simulation
    results = sim.run_sim(convergence_error=True)
  File "/home/cintradu/miniconda3/envs/resilience_env/lib/python3.13/site-packages/wntr/sim/epanet.py", line 115, in run_sim
    enData.ENopen(inpfile, rptfile, outfile)
    ~~~~~~~~~~~~~^^^^^^^^^^^^^^^^^^^^^^^^^^^
  File "/home/cintradu/miniconda3/envs/resilience_env/lib/python3.13/site-packages/wntr/epanet/toolkit.py", line 196, in ENopen
    self._error()
    ~~~~~~~~~~~^^
  File "/home/cintradu/miniconda3/envs/resilience_env/lib/python3.13/site-packages/wntr/epanet/toolkit.py", line 159, in _error
    raise EpanetException(self.errcode)
wntr.epanet.exceptions.EpanetException: (Error 200) one or more errors in input file %s
2026-05-17 18:40:17,270 [ERROR] (wntr.epanet.toolkit) EPANET error 200 - one or more errors in input file %s
2026-05-17 18:40:17,271 [ERROR] (core.simulation) Fatal error in hydraulic simulation
Traceback (most recent call last):
  File "/home/cintradu/IC/ENAU/ENAU-Modelling/src/core/simulation.py", line 25, in run_hydraulic_simulation
    results = sim.run_sim(convergence_error=True)
  File "/home/cintradu/miniconda3/envs/resilience_env/lib/python3.13/site-packages/wntr/sim/epanet.py", line 115, in run_sim
    enData.ENopen(inpfile, rptfile, outfile)
    ~~~~~~~~~~~~~^^^^^^^^^^^^^^^^^^^^^^^^^^^
  File "/home/cintradu/miniconda3/envs/resilience_env/lib/python3.13/site-packages/wntr/epanet/toolkit.py", line 196, in ENopen
    self._error()
    ~~~~~~~~~~~^^
  File "/home/cintradu/miniconda3/envs/resilience_env/lib/python3.13/site-packages/wntr/epanet/toolkit.py", line 159, in _error
    raise EpanetException(self.errcode)
wntr.epanet.exceptions.EpanetException: (Error 200) one or more errors in input file %s
2026-05-17 18:40:17,273 [ERROR] (wntr.epanet.toolkit) EPANET error 224 - no tanks or reservoirs in network
2026-05-17 18:40:17,273 [ERROR] (wntr.epanet.toolkit) EPANET error 224 - no tanks or reservoirs in network
2026-05-17 18:40:17,274 [ERROR] (wntr.epanet.toolkit) EPANET error 200 - one or more errors in input file %s
2026-05-17 18:40:17,273 [ERROR] (core.simulation) Fatal error in hydraulic simulation
Traceback (most recent call last):
  File "/home/cintradu/IC/ENAU/ENAU-Modelling/src/core/simulation.py", line 25, in run_hydraulic_simulation
    results = sim.run_sim(convergence_error=True)
  File "/home/cintradu/miniconda3/envs/resilience_env/lib/python3.13/site-packages/wntr/sim/epanet.py", line 115, in run_sim
    enData.ENopen(inpfile, rptfile, outfile)
    ~~~~~~~~~~~~~^^^^^^^^^^^^^^^^^^^^^^^^^^^
  File "/home/cintradu/miniconda3/envs/resilience_env/lib/python3.13/site-packages/wntr/epanet/toolkit.py", line 196, in ENopen
    self._error()
    ~~~~~~~~~~~^^
  File "/home/cintradu/miniconda3/envs/resilience_env/lib/python3.13/site-packages/wntr/epanet/toolkit.py", line 159, in _error
    raise EpanetException(self.errcode)
wntr.epanet.exceptions.EpanetException: (Error 224) no tanks or reservoirs in network
2026-05-17 18:40:17,273 [ERROR] (core.simulation) Fatal error in hydraulic simulation
Traceback (most recent call last):
  File "/home/cintradu/IC/ENAU/ENAU-Modelling/src/core/simulation.py", line 25, in run_hydraulic_simulation
    results = sim.run_sim(convergence_error=True)
  File "/home/cintradu/miniconda3/envs/resilience_env/lib/python3.13/site-packages/wntr/sim/epanet.py", line 115, in run_sim
    enData.ENopen(inpfile, rptfile, outfile)
    ~~~~~~~~~~~~~^^^^^^^^^^^^^^^^^^^^^^^^^^^
  File "/home/cintradu/miniconda3/envs/resilience_env/lib/python3.13/site-packages/wntr/epanet/toolkit.py", line 196, in ENopen
    self._error()
    ~~~~~~~~~~~^^
  File "/home/cintradu/miniconda3/envs/resilience_env/lib/python3.13/site-packages/wntr/epanet/toolkit.py", line 159, in _error
    raise EpanetException(self.errcode)
wntr.epanet.exceptions.EpanetException: (Error 224) no tanks or reservoirs in network
2026-05-17 18:40:17,274 [ERROR] (core.simulation) Fatal error in hydraulic simulation
Traceback (most recent call last):
  File "/home/cintradu/IC/ENAU/ENAU-Modelling/src/core/simulation.py", line 25, in run_hydraulic_simulation
    results = sim.run_sim(convergence_error=True)
  File "/home/cintradu/miniconda3/envs/resilience_env/lib/python3.13/site-packages/wntr/sim/epanet.py", line 115, in run_sim
    enData.ENopen(inpfile, rptfile, outfile)
    ~~~~~~~~~~~~~^^^^^^^^^^^^^^^^^^^^^^^^^^^
  File "/home/cintradu/miniconda3/envs/resilience_env/lib/python3.13/site-packages/wntr/epanet/toolkit.py", line 196, in ENopen
    self._error()
    ~~~~~~~~~~~^^
  File "/home/cintradu/miniconda3/envs/resilience_env/lib/python3.13/site-packages/wntr/epanet/toolkit.py", line 159, in _error
    raise EpanetException(self.errcode)
wntr.epanet.exceptions.EpanetException: (Error 200) one or more errors in input file %s
2026-05-17 18:40:17,276 [ERROR] (wntr.epanet.toolkit) EPANET error 223 - not enough nodes in network
2026-05-17 18:40:17,277 [ERROR] (core.simulation) Fatal error in hydraulic simulation
Traceback (most recent call last):
  File "/home/cintradu/IC/ENAU/ENAU-Modelling/src/core/simulation.py", line 25, in run_hydraulic_simulation
    results = sim.run_sim(convergence_error=True)
  File "/home/cintradu/miniconda3/envs/resilience_env/lib/python3.13/site-packages/wntr/sim/epanet.py", line 115, in run_sim
    enData.ENopen(inpfile, rptfile, outfile)
    ~~~~~~~~~~~~~^^^^^^^^^^^^^^^^^^^^^^^^^^^
  File "/home/cintradu/miniconda3/envs/resilience_env/lib/python3.13/site-packages/wntr/epanet/toolkit.py", line 196, in ENopen
    self._error()
    ~~~~~~~~~~~^^
  File "/home/cintradu/miniconda3/envs/resilience_env/lib/python3.13/site-packages/wntr/epanet/toolkit.py", line 159, in _error
    raise EpanetException(self.errcode)
wntr.epanet.exceptions.EpanetException: (Error 223) not enough nodes in network
2026-05-17 18:40:17,279 [ERROR] (wntr.epanet.toolkit) EPANET error 223 - not enough nodes in network
2026-05-17 18:40:17,279 [ERROR] (core.simulation) Fatal error in hydraulic simulation
Traceback (most recent call last):
  File "/home/cintradu/IC/ENAU/ENAU-Modelling/src/core/simulation.py", line 25, in run_hydraulic_simulation
    results = sim.run_sim(convergence_error=True)
  File "/home/cintradu/miniconda3/envs/resilience_env/lib/python3.13/site-packages/wntr/sim/epanet.py", line 115, in run_sim
    enData.ENopen(inpfile, rptfile, outfile)
    ~~~~~~~~~~~~~^^^^^^^^^^^^^^^^^^^^^^^^^^^
  File "/home/cintradu/miniconda3/envs/resilience_env/lib/python3.13/site-packages/wntr/epanet/toolkit.py", line 196, in ENopen
    self._error()
    ~~~~~~~~~~~^^
  File "/home/cintradu/miniconda3/envs/resilience_env/lib/python3.13/site-packages/wntr/epanet/toolkit.py", line 159, in _error
    raise EpanetException(self.errcode)
wntr.epanet.exceptions.EpanetException: (Error 223) not enough nodes in network
2026-05-17 18:40:17,281 [ERROR] (wntr.epanet.toolkit) EPANET error 223 - not enough nodes in network
2026-05-17 18:40:17,281 [ERROR] (core.simulation) Fatal error in hydraulic simulation
Traceback (most recent call last):
  File "/home/cintradu/IC/ENAU/ENAU-Modelling/src/core/simulation.py", line 25, in run_hydraulic_simulation
    results = sim.run_sim(convergence_error=True)
  File "/home/cintradu/miniconda3/envs/resilience_env/lib/python3.13/site-packages/wntr/sim/epanet.py", line 115, in run_sim
    enData.ENopen(inpfile, rptfile, outfile)
    ~~~~~~~~~~~~~^^^^^^^^^^^^^^^^^^^^^^^^^^^
  File "/home/cintradu/miniconda3/envs/resilience_env/lib/python3.13/site-packages/wntr/epanet/toolkit.py", line 196, in ENopen
    self._error()
    ~~~~~~~~~~~^^
  File "/home/cintradu/miniconda3/envs/resilience_env/lib/python3.13/site-packages/wntr/epanet/toolkit.py", line 159, in _error
    raise EpanetException(self.errcode)
wntr.epanet.exceptions.EpanetException: (Error 223) not enough nodes in network
2026-05-17 18:40:17,283 [ERROR] (wntr.epanet.toolkit) EPANET error 223 - not enough nodes in network
2026-05-17 18:40:17,284 [ERROR] (core.simulation) Fatal error in hydraulic simulation
Traceback (most recent call last):
  File "/home/cintradu/IC/ENAU/ENAU-Modelling/src/core/simulation.py", line 25, in run_hydraulic_simulation
    results = sim.run_sim(convergence_error=True)
  File "/home/cintradu/miniconda3/envs/resilience_env/lib/python3.13/site-packages/wntr/sim/epanet.py", line 115, in run_sim
    enData.ENopen(inpfile, rptfile, outfile)
    ~~~~~~~~~~~~~^^^^^^^^^^^^^^^^^^^^^^^^^^^
  File "/home/cintradu/miniconda3/envs/resilience_env/lib/python3.13/site-packages/wntr/epanet/toolkit.py", line 196, in ENopen
    self._error()
    ~~~~~~~~~~~^^
  File "/home/cintradu/miniconda3/envs/resilience_env/lib/python3.13/site-packages/wntr/epanet/toolkit.py", line 159, in _error
    raise EpanetException(self.errcode)
wntr.epanet.exceptions.EpanetException: (Error 223) not enough nodes in network
2026-05-17 18:40:17,304 [ERROR] (wntr.epanet.toolkit) EPANET error 223 - not enough nodes in network
2026-05-17 18:40:17,304 [ERROR] (core.simulation) Fatal error in hydraulic simulation
Traceback (most recent call last):
  File "/home/cintradu/IC/ENAU/ENAU-Modelling/src/core/simulation.py", line 25, in run_hydraulic_simulation
    results = sim.run_sim(convergence_error=True)
  File "/home/cintradu/miniconda3/envs/resilience_env/lib/python3.13/site-packages/wntr/sim/epanet.py", line 120, in run_sim
    enData.ENsolveH()
    ~~~~~~~~~~~~~~~^^
  File "/home/cintradu/miniconda3/envs/resilience_env/lib/python3.13/site-packages/wntr/epanet/toolkit.py", line 240, in ENsolveH
    self._error()
    ~~~~~~~~~~~^^
  File "/home/cintradu/miniconda3/envs/resilience_env/lib/python3.13/site-packages/wntr/epanet/toolkit.py", line 159, in _error
    raise EpanetException(self.errcode)
wntr.epanet.exceptions.EpanetException: (Error 223) not enough nodes in network
2026-05-17 18:40:17,305 [ERROR] (wntr.epanet.toolkit) EPANET error 200 - one or more errors in input file %s
2026-05-17 18:40:17,309 [ERROR] (core.simulation) Fatal error in hydraulic simulation
Traceback (most recent call last):
  File "/home/cintradu/IC/ENAU/ENAU-Modelling/src/core/simulation.py", line 25, in run_hydraulic_simulation
    results = sim.run_sim(convergence_error=True)
  File "/home/cintradu/miniconda3/envs/resilience_env/lib/python3.13/site-packages/wntr/sim/epanet.py", line 115, in run_sim
    enData.ENopen(inpfile, rptfile, outfile)
    ~~~~~~~~~~~~~^^^^^^^^^^^^^^^^^^^^^^^^^^^
  File "/home/cintradu/miniconda3/envs/resilience_env/lib/python3.13/site-packages/wntr/epanet/toolkit.py", line 196, in ENopen
    self._error()
    ~~~~~~~~~~~^^
  File "/home/cintradu/miniconda3/envs/resilience_env/lib/python3.13/site-packages/wntr/epanet/toolkit.py", line 159, in _error
    raise EpanetException(self.errcode)
wntr.epanet.exceptions.EpanetException: (Error 200) one or more errors in input file %s
2026-05-17 18:40:17,340 [ERROR] (core.simulation) Fatal error in hydraulic simulation
Traceback (most recent call last):
  File "/home/cintradu/IC/ENAU/ENAU-Modelling/src/core/simulation.py", line 25, in run_hydraulic_simulation
    results = sim.run_sim(convergence_error=True)
  File "/home/cintradu/miniconda3/envs/resilience_env/lib/python3.13/site-packages/wntr/sim/epanet.py", line 133, in run_sim
    results = self.reader.read(outfile, convergence_error, self._wn.options.hydraulic.headloss=='D-W')
  File "/home/cintradu/miniconda3/envs/resilience_env/lib/python3.13/site-packages/wntr/epanet/io.py", line 2695, in read
    self.save_energy_line(pidx, linknames[pidx-1], energy)
                                ~~~~~~~~~^^^^^^^^
IndexError: list index out of range
2026-05-17 18:40:17,341 [ERROR] (core.simulation) Fatal error in hydraulic simulation
Traceback (most recent call last):
  File "/home/cintradu/IC/ENAU/ENAU-Modelling/src/core/simulation.py", line 25, in run_hydraulic_simulation
    results = sim.run_sim(convergence_error=True)
  File "/home/cintradu/miniconda3/envs/resilience_env/lib/python3.13/site-packages/wntr/sim/epanet.py", line 133, in run_sim
    results = self.reader.read(outfile, convergence_error, self._wn.options.hydraulic.headloss=='D-W')
  File "/home/cintradu/miniconda3/envs/resilience_env/lib/python3.13/site-packages/wntr/epanet/io.py", line 2695, in read
    self.save_energy_line(pidx, linknames[pidx-1], energy)
                                ~~~~~~~~~^^^^^^^^
IndexError: list index out of range
2026-05-17 18:40:17,349 [ERROR] (core.simulation) Fatal error in hydraulic simulation
Traceback (most recent call last):
  File "/home/cintradu/IC/ENAU/ENAU-Modelling/src/core/simulation.py", line 25, in run_hydraulic_simulation
    results = sim.run_sim(convergence_error=True)
  File "/home/cintradu/miniconda3/envs/resilience_env/lib/python3.13/site-packages/wntr/sim/epanet.py", line 133, in run_sim
    results = self.reader.read(outfile, convergence_error, self._wn.options.hydraulic.headloss=='D-W')
  File "/home/cintradu/miniconda3/envs/resilience_env/lib/python3.13/site-packages/wntr/epanet/io.py", line 2695, in read
    self.save_energy_line(pidx, linknames[pidx-1], energy)
                                ~~~~~~~~~^^^^^^^^
IndexError: list index out of range
2026-05-17 18:40:17,351 [ERROR] (wntr.epanet.toolkit) EPANET error 200 - one or more errors in input file %s
2026-05-17 18:40:17,352 [ERROR] (core.simulation) Fatal error in hydraulic simulation
Traceback (most recent call last):
  File "/home/cintradu/IC/ENAU/ENAU-Modelling/src/core/simulation.py", line 25, in run_hydraulic_simulation
    results = sim.run_sim(convergence_error=True)
  File "/home/cintradu/miniconda3/envs/resilience_env/lib/python3.13/site-packages/wntr/sim/epanet.py", line 115, in run_sim
    enData.ENopen(inpfile, rptfile, outfile)
    ~~~~~~~~~~~~~^^^^^^^^^^^^^^^^^^^^^^^^^^^
  File "/home/cintradu/miniconda3/envs/resilience_env/lib/python3.13/site-packages/wntr/epanet/toolkit.py", line 196, in ENopen
    self._error()
    ~~~~~~~~~~~^^
  File "/home/cintradu/miniconda3/envs/resilience_env/lib/python3.13/site-packages/wntr/epanet/toolkit.py", line 159, in _error
    raise EpanetException(self.errcode)
wntr.epanet.exceptions.EpanetException: (Error 200) one or more errors in input file %s
2026-05-17 18:40:17,358 [ERROR] (wntr.epanet.toolkit) EPANET error 200 - one or more errors in input file %s
2026-05-17 18:40:17,358 [ERROR] (core.simulation) Fatal error in hydraulic simulation
Traceback (most recent call last):
  File "/home/cintradu/IC/ENAU/ENAU-Modelling/src/core/simulation.py", line 25, in run_hydraulic_simulation
    results = sim.run_sim(convergence_error=True)
  File "/home/cintradu/miniconda3/envs/resilience_env/lib/python3.13/site-packages/wntr/sim/epanet.py", line 115, in run_sim
    enData.ENopen(inpfile, rptfile, outfile)
    ~~~~~~~~~~~~~^^^^^^^^^^^^^^^^^^^^^^^^^^^
  File "/home/cintradu/miniconda3/envs/resilience_env/lib/python3.13/site-packages/wntr/epanet/toolkit.py", line 196, in ENopen
    self._error()
    ~~~~~~~~~~~^^
  File "/home/cintradu/miniconda3/envs/resilience_env/lib/python3.13/site-packages/wntr/epanet/toolkit.py", line 159, in _error
    raise EpanetException(self.errcode)
wntr.epanet.exceptions.EpanetException: (Error 200) one or more errors in input file %s
2026-05-17 18:40:17,359 [ERROR] (core.simulation) Fatal error in hydraulic simulation
Traceback (most recent call last):
  File "/home/cintradu/IC/ENAU/ENAU-Modelling/src/core/simulation.py", line 25, in run_hydraulic_simulation
    results = sim.run_sim(convergence_error=True)
  File "/home/cintradu/miniconda3/envs/resilience_env/lib/python3.13/site-packages/wntr/sim/epanet.py", line 133, in run_sim
    results = self.reader.read(outfile, convergence_error, self._wn.options.hydraulic.headloss=='D-W')
  File "/home/cintradu/miniconda3/envs/resilience_env/lib/python3.13/site-packages/wntr/epanet/io.py", line 2695, in read
    self.save_energy_line(pidx, linknames[pidx-1], energy)
                                ~~~~~~~~~^^^^^^^^
IndexError: list index out of range
2026-05-17 18:40:17,361 [ERROR] (wntr.epanet.toolkit) EPANET error 223 - not enough nodes in network
2026-05-17 18:40:17,362 [ERROR] (core.simulation) Fatal error in hydraulic simulation
Traceback (most recent call last):
  File "/home/cintradu/IC/ENAU/ENAU-Modelling/src/core/simulation.py", line 25, in run_hydraulic_simulation
    results = sim.run_sim(convergence_error=True)
  File "/home/cintradu/miniconda3/envs/resilience_env/lib/python3.13/site-packages/wntr/sim/epanet.py", line 115, in run_sim
    enData.ENopen(inpfile, rptfile, outfile)
    ~~~~~~~~~~~~~^^^^^^^^^^^^^^^^^^^^^^^^^^^
  File "/home/cintradu/miniconda3/envs/resilience_env/lib/python3.13/site-packages/wntr/epanet/toolkit.py", line 196, in ENopen
    self._error()
    ~~~~~~~~~~~^^
  File "/home/cintradu/miniconda3/envs/resilience_env/lib/python3.13/site-packages/wntr/epanet/toolkit.py", line 159, in _error
    raise EpanetException(self.errcode)
wntr.epanet.exceptions.EpanetException: (Error 223) not enough nodes in network
2026-05-17 18:40:17,371 [ERROR] (wntr.epanet.toolkit) EPANET error 200 - one or more errors in input file %s
2026-05-17 18:40:17,371 [ERROR] (core.simulation) Fatal error in hydraulic simulation
Traceback (most recent call last):
  File "/home/cintradu/IC/ENAU/ENAU-Modelling/src/core/simulation.py", line 25, in run_hydraulic_simulation
    results = sim.run_sim(convergence_error=True)
  File "/home/cintradu/miniconda3/envs/resilience_env/lib/python3.13/site-packages/wntr/sim/epanet.py", line 115, in run_sim
    enData.ENopen(inpfile, rptfile, outfile)
    ~~~~~~~~~~~~~^^^^^^^^^^^^^^^^^^^^^^^^^^^
  File "/home/cintradu/miniconda3/envs/resilience_env/lib/python3.13/site-packages/wntr/epanet/toolkit.py", line 196, in ENopen
    self._error()
    ~~~~~~~~~~~^^
  File "/home/cintradu/miniconda3/envs/resilience_env/lib/python3.13/site-packages/wntr/epanet/toolkit.py", line 159, in _error
    raise EpanetException(self.errcode)
wntr.epanet.exceptions.EpanetException: (Error 200) one or more errors in input file %s
2026-05-17 18:40:17,373 [ERROR] (wntr.epanet.toolkit) EPANET error 200 - one or more errors in input file %s
2026-05-17 18:40:17,373 [ERROR] (core.simulation) Fatal error in hydraulic simulation
Traceback (most recent call last):
  File "/home/cintradu/IC/ENAU/ENAU-Modelling/src/core/simulation.py", line 25, in run_hydraulic_simulation
    results = sim.run_sim(convergence_error=True)
  File "/home/cintradu/miniconda3/envs/resilience_env/lib/python3.13/site-packages/wntr/sim/epanet.py", line 115, in run_sim
    enData.ENopen(inpfile, rptfile, outfile)
    ~~~~~~~~~~~~~^^^^^^^^^^^^^^^^^^^^^^^^^^^
  File "/home/cintradu/miniconda3/envs/resilience_env/lib/python3.13/site-packages/wntr/epanet/toolkit.py", line 196, in ENopen
    self._error()
    ~~~~~~~~~~~^^
  File "/home/cintradu/miniconda3/envs/resilience_env/lib/python3.13/site-packages/wntr/epanet/toolkit.py", line 159, in _error
    raise EpanetException(self.errcode)
wntr.epanet.exceptions.EpanetException: (Error 200) one or more errors in input file %s
2026-05-17 18:40:17,374 [ERROR] (wntr.epanet.toolkit) EPANET error 223 - not enough nodes in network
2026-05-17 18:40:17,374 [ERROR] (core.simulation) Fatal error in hydraulic simulation
Traceback (most recent call last):
  File "/home/cintradu/IC/ENAU/ENAU-Modelling/src/core/simulation.py", line 25, in run_hydraulic_simulation
    results = sim.run_sim(convergence_error=True)
  File "/home/cintradu/miniconda3/envs/resilience_env/lib/python3.13/site-packages/wntr/sim/epanet.py", line 115, in run_sim
    enData.ENopen(inpfile, rptfile, outfile)
    ~~~~~~~~~~~~~^^^^^^^^^^^^^^^^^^^^^^^^^^^
  File "/home/cintradu/miniconda3/envs/resilience_env/lib/python3.13/site-packages/wntr/epanet/toolkit.py", line 196, in ENopen
    self._error()
    ~~~~~~~~~~~^^
  File "/home/cintradu/miniconda3/envs/resilience_env/lib/python3.13/site-packages/wntr/epanet/toolkit.py", line 159, in _error
    raise EpanetException(self.errcode)
wntr.epanet.exceptions.EpanetException: (Error 223) not enough nodes in network
2026-05-17 18:40:17,379 [ERROR] (wntr.epanet.toolkit) EPANET error 200 - one or more errors in input file %s
2026-05-17 18:40:17,380 [ERROR] (wntr.epanet.toolkit) EPANET error 200 - one or more errors in input file %s
2026-05-17 18:40:17,379 [ERROR] (core.simulation) Fatal error in hydraulic simulation
Traceback (most recent call last):
  File "/home/cintradu/IC/ENAU/ENAU-Modelling/src/core/simulation.py", line 25, in run_hydraulic_simulation
    results = sim.run_sim(convergence_error=True)
  File "/home/cintradu/miniconda3/envs/resilience_env/lib/python3.13/site-packages/wntr/sim/epanet.py", line 115, in run_sim
    enData.ENopen(inpfile, rptfile, outfile)
    ~~~~~~~~~~~~~^^^^^^^^^^^^^^^^^^^^^^^^^^^
  File "/home/cintradu/miniconda3/envs/resilience_env/lib/python3.13/site-packages/wntr/epanet/toolkit.py", line 196, in ENopen
    self._error()
    ~~~~~~~~~~~^^
  File "/home/cintradu/miniconda3/envs/resilience_env/lib/python3.13/site-packages/wntr/epanet/toolkit.py", line 159, in _error
    raise EpanetException(self.errcode)
wntr.epanet.exceptions.EpanetException: (Error 200) one or more errors in input file %s
2026-05-17 18:40:17,381 [ERROR] (core.simulation) Fatal error in hydraulic simulation
Traceback (most recent call last):
  File "/home/cintradu/IC/ENAU/ENAU-Modelling/src/core/simulation.py", line 25, in run_hydraulic_simulation
    results = sim.run_sim(convergence_error=True)
  File "/home/cintradu/miniconda3/envs/resilience_env/lib/python3.13/site-packages/wntr/sim/epanet.py", line 115, in run_sim
    enData.ENopen(inpfile, rptfile, outfile)
    ~~~~~~~~~~~~~^^^^^^^^^^^^^^^^^^^^^^^^^^^
  File "/home/cintradu/miniconda3/envs/resilience_env/lib/python3.13/site-packages/wntr/epanet/toolkit.py", line 196, in ENopen
    self._error()
    ~~~~~~~~~~~^^
  File "/home/cintradu/miniconda3/envs/resilience_env/lib/python3.13/site-packages/wntr/epanet/toolkit.py", line 159, in _error
    raise EpanetException(self.errcode)
wntr.epanet.exceptions.EpanetException: (Error 200) one or more errors in input file %s
2026-05-17 18:40:17,392 [ERROR] (wntr.epanet.toolkit) EPANET error 200 - one or more errors in input file %s
2026-05-17 18:40:17,392 [ERROR] (wntr.epanet.toolkit) EPANET error 200 - one or more errors in input file %s
2026-05-17 18:40:17,392 [ERROR] (wntr.epanet.toolkit) EPANET error 200 - one or more errors in input file %s
2026-05-17 18:40:17,392 [ERROR] (core.simulation) Fatal error in hydraulic simulation
Traceback (most recent call last):
  File "/home/cintradu/IC/ENAU/ENAU-Modelling/src/core/simulation.py", line 25, in run_hydraulic_simulation
    results = sim.run_sim(convergence_error=True)
  File "/home/cintradu/miniconda3/envs/resilience_env/lib/python3.13/site-packages/wntr/sim/epanet.py", line 115, in run_sim
    enData.ENopen(inpfile, rptfile, outfile)
    ~~~~~~~~~~~~~^^^^^^^^^^^^^^^^^^^^^^^^^^^
  File "/home/cintradu/miniconda3/envs/resilience_env/lib/python3.13/site-packages/wntr/epanet/toolkit.py", line 196, in ENopen
    self._error()
    ~~~~~~~~~~~^^
  File "/home/cintradu/miniconda3/envs/resilience_env/lib/python3.13/site-packages/wntr/epanet/toolkit.py", line 159, in _error
    raise EpanetException(self.errcode)
wntr.epanet.exceptions.EpanetException: (Error 200) one or more errors in input file %s
2026-05-17 18:40:17,392 [ERROR] (core.simulation) Fatal error in hydraulic simulation
Traceback (most recent call last):
  File "/home/cintradu/IC/ENAU/ENAU-Modelling/src/core/simulation.py", line 25, in run_hydraulic_simulation
    results = sim.run_sim(convergence_error=True)
  File "/home/cintradu/miniconda3/envs/resilience_env/lib/python3.13/site-packages/wntr/sim/epanet.py", line 115, in run_sim
    enData.ENopen(inpfile, rptfile, outfile)
    ~~~~~~~~~~~~~^^^^^^^^^^^^^^^^^^^^^^^^^^^
  File "/home/cintradu/miniconda3/envs/resilience_env/lib/python3.13/site-packages/wntr/epanet/toolkit.py", line 196, in ENopen
    self._error()
    ~~~~~~~~~~~^^
  File "/home/cintradu/miniconda3/envs/resilience_env/lib/python3.13/site-packages/wntr/epanet/toolkit.py", line 159, in _error
    raise EpanetException(self.errcode)
wntr.epanet.exceptions.EpanetException: (Error 200) one or more errors in input file %s
2026-05-17 18:40:17,392 [ERROR] (core.simulation) Fatal error in hydraulic simulation
Traceback (most recent call last):
  File "/home/cintradu/IC/ENAU/ENAU-Modelling/src/core/simulation.py", line 25, in run_hydraulic_simulation
    results = sim.run_sim(convergence_error=True)
  File "/home/cintradu/miniconda3/envs/resilience_env/lib/python3.13/site-packages/wntr/sim/epanet.py", line 115, in run_sim
    enData.ENopen(inpfile, rptfile, outfile)
    ~~~~~~~~~~~~~^^^^^^^^^^^^^^^^^^^^^^^^^^^
  File "/home/cintradu/miniconda3/envs/resilience_env/lib/python3.13/site-packages/wntr/epanet/toolkit.py", line 196, in ENopen
    self._error()
    ~~~~~~~~~~~^^
  File "/home/cintradu/miniconda3/envs/resilience_env/lib/python3.13/site-packages/wntr/epanet/toolkit.py", line 159, in _error
    raise EpanetException(self.errcode)
wntr.epanet.exceptions.EpanetException: (Error 200) one or more errors in input file %s
2026-05-17 18:40:17,392 [ERROR] (wntr.epanet.toolkit) EPANET error 200 - one or more errors in input file %s
2026-05-17 18:40:17,394 [ERROR] (core.simulation) Fatal error in hydraulic simulation
Traceback (most recent call last):
  File "/home/cintradu/IC/ENAU/ENAU-Modelling/src/core/simulation.py", line 25, in run_hydraulic_simulation
    results = sim.run_sim(convergence_error=True)
  File "/home/cintradu/miniconda3/envs/resilience_env/lib/python3.13/site-packages/wntr/sim/epanet.py", line 115, in run_sim
    enData.ENopen(inpfile, rptfile, outfile)
    ~~~~~~~~~~~~~^^^^^^^^^^^^^^^^^^^^^^^^^^^
  File "/home/cintradu/miniconda3/envs/resilience_env/lib/python3.13/site-packages/wntr/epanet/toolkit.py", line 196, in ENopen
    self._error()
    ~~~~~~~~~~~^^
  File "/home/cintradu/miniconda3/envs/resilience_env/lib/python3.13/site-packages/wntr/epanet/toolkit.py", line 159, in _error
    raise EpanetException(self.errcode)
wntr.epanet.exceptions.EpanetException: (Error 200) one or more errors in input file %s
2026-05-17 18:40:17,403 [ERROR] (wntr.epanet.toolkit) EPANET error 200 - one or more errors in input file %s
2026-05-17 18:40:17,403 [ERROR] (core.simulation) Fatal error in hydraulic simulation
Traceback (most recent call last):
  File "/home/cintradu/IC/ENAU/ENAU-Modelling/src/core/simulation.py", line 25, in run_hydraulic_simulation
    results = sim.run_sim(convergence_error=True)
  File "/home/cintradu/miniconda3/envs/resilience_env/lib/python3.13/site-packages/wntr/sim/epanet.py", line 115, in run_sim
    enData.ENopen(inpfile, rptfile, outfile)
    ~~~~~~~~~~~~~^^^^^^^^^^^^^^^^^^^^^^^^^^^
  File "/home/cintradu/miniconda3/envs/resilience_env/lib/python3.13/site-packages/wntr/epanet/toolkit.py", line 196, in ENopen
    self._error()
    ~~~~~~~~~~~^^
  File "/home/cintradu/miniconda3/envs/resilience_env/lib/python3.13/site-packages/wntr/epanet/toolkit.py", line 159, in _error
    raise EpanetException(self.errcode)
wntr.epanet.exceptions.EpanetException: (Error 200) one or more errors in input file %s
2026-05-17 18:40:17,406 [ERROR] (wntr.epanet.toolkit) EPANET error 200 - one or more errors in input file %s
2026-05-17 18:40:17,408 [ERROR] (wntr.epanet.toolkit) EPANET error 224 - no tanks or reservoirs in network
2026-05-17 18:40:17,408 [ERROR] (wntr.epanet.toolkit) EPANET error 224 - no tanks or reservoirs in network
2026-05-17 18:40:17,406 [ERROR] (core.simulation) Fatal error in hydraulic simulation
Traceback (most recent call last):
  File "/home/cintradu/IC/ENAU/ENAU-Modelling/src/core/simulation.py", line 25, in run_hydraulic_simulation
    results = sim.run_sim(convergence_error=True)
  File "/home/cintradu/miniconda3/envs/resilience_env/lib/python3.13/site-packages/wntr/sim/epanet.py", line 115, in run_sim
    enData.ENopen(inpfile, rptfile, outfile)
    ~~~~~~~~~~~~~^^^^^^^^^^^^^^^^^^^^^^^^^^^
  File "/home/cintradu/miniconda3/envs/resilience_env/lib/python3.13/site-packages/wntr/epanet/toolkit.py", line 196, in ENopen
    self._error()
    ~~~~~~~~~~~^^
  File "/home/cintradu/miniconda3/envs/resilience_env/lib/python3.13/site-packages/wntr/epanet/toolkit.py", line 159, in _error
    raise EpanetException(self.errcode)
wntr.epanet.exceptions.EpanetException: (Error 200) one or more errors in input file %s
2026-05-17 18:40:17,408 [ERROR] (core.simulation) Fatal error in hydraulic simulation
Traceback (most recent call last):
  File "/home/cintradu/IC/ENAU/ENAU-Modelling/src/core/simulation.py", line 25, in run_hydraulic_simulation
    results = sim.run_sim(convergence_error=True)
  File "/home/cintradu/miniconda3/envs/resilience_env/lib/python3.13/site-packages/wntr/sim/epanet.py", line 115, in run_sim
    enData.ENopen(inpfile, rptfile, outfile)
    ~~~~~~~~~~~~~^^^^^^^^^^^^^^^^^^^^^^^^^^^
  File "/home/cintradu/miniconda3/envs/resilience_env/lib/python3.13/site-packages/wntr/epanet/toolkit.py", line 196, in ENopen
    self._error()
    ~~~~~~~~~~~^^
  File "/home/cintradu/miniconda3/envs/resilience_env/lib/python3.13/site-packages/wntr/epanet/toolkit.py", line 159, in _error
    raise EpanetException(self.errcode)
wntr.epanet.exceptions.EpanetException: (Error 224) no tanks or reservoirs in network
2026-05-17 18:40:17,408 [ERROR] (core.simulation) Fatal error in hydraulic simulation
Traceback (most recent call last):
  File "/home/cintradu/IC/ENAU/ENAU-Modelling/src/core/simulation.py", line 25, in run_hydraulic_simulation
    results = sim.run_sim(convergence_error=True)
  File "/home/cintradu/miniconda3/envs/resilience_env/lib/python3.13/site-packages/wntr/sim/epanet.py", line 115, in run_sim
    enData.ENopen(inpfile, rptfile, outfile)
    ~~~~~~~~~~~~~^^^^^^^^^^^^^^^^^^^^^^^^^^^
  File "/home/cintradu/miniconda3/envs/resilience_env/lib/python3.13/site-packages/wntr/epanet/toolkit.py", line 196, in ENopen
    self._error()
    ~~~~~~~~~~~^^
  File "/home/cintradu/miniconda3/envs/resilience_env/lib/python3.13/site-packages/wntr/epanet/toolkit.py", line 159, in _error
    raise EpanetException(self.errcode)
wntr.epanet.exceptions.EpanetException: (Error 224) no tanks or reservoirs in network
2026-05-17 18:40:17,409 [ERROR] (wntr.epanet.toolkit) EPANET error 223 - not enough nodes in network
2026-05-17 18:40:17,411 [ERROR] (wntr.epanet.toolkit) EPANET error 223 - not enough nodes in network
2026-05-17 18:40:17,410 [ERROR] (core.simulation) Fatal error in hydraulic simulation
Traceback (most recent call last):
  File "/home/cintradu/IC/ENAU/ENAU-Modelling/src/core/simulation.py", line 25, in run_hydraulic_simulation
    results = sim.run_sim(convergence_error=True)
  File "/home/cintradu/miniconda3/envs/resilience_env/lib/python3.13/site-packages/wntr/sim/epanet.py", line 120, in run_sim
    enData.ENsolveH()
    ~~~~~~~~~~~~~~~^^
  File "/home/cintradu/miniconda3/envs/resilience_env/lib/python3.13/site-packages/wntr/epanet/toolkit.py", line 240, in ENsolveH
    self._error()
    ~~~~~~~~~~~^^
  File "/home/cintradu/miniconda3/envs/resilience_env/lib/python3.13/site-packages/wntr/epanet/toolkit.py", line 159, in _error
    raise EpanetException(self.errcode)
wntr.epanet.exceptions.EpanetException: (Error 223) not enough nodes in network
2026-05-17 18:40:17,411 [ERROR] (core.simulation) Fatal error in hydraulic simulation
Traceback (most recent call last):
  File "/home/cintradu/IC/ENAU/ENAU-Modelling/src/core/simulation.py", line 25, in run_hydraulic_simulation
    results = sim.run_sim(convergence_error=True)
  File "/home/cintradu/miniconda3/envs/resilience_env/lib/python3.13/site-packages/wntr/sim/epanet.py", line 115, in run_sim
    enData.ENopen(inpfile, rptfile, outfile)
    ~~~~~~~~~~~~~^^^^^^^^^^^^^^^^^^^^^^^^^^^
  File "/home/cintradu/miniconda3/envs/resilience_env/lib/python3.13/site-packages/wntr/epanet/toolkit.py", line 196, in ENopen
    self._error()
    ~~~~~~~~~~~^^
  File "/home/cintradu/miniconda3/envs/resilience_env/lib/python3.13/site-packages/wntr/epanet/toolkit.py", line 159, in _error
    raise EpanetException(self.errcode)
wntr.epanet.exceptions.EpanetException: (Error 223) not enough nodes in network
2026-05-17 18:40:17,411 [ERROR] (wntr.epanet.toolkit) EPANET error 223 - not enough nodes in network
2026-05-17 18:40:17,413 [ERROR] (core.simulation) Fatal error in hydraulic simulation
Traceback (most recent call last):
  File "/home/cintradu/IC/ENAU/ENAU-Modelling/src/core/simulation.py", line 25, in run_hydraulic_simulation
    results = sim.run_sim(convergence_error=True)
  File "/home/cintradu/miniconda3/envs/resilience_env/lib/python3.13/site-packages/wntr/sim/epanet.py", line 115, in run_sim
    enData.ENopen(inpfile, rptfile, outfile)
    ~~~~~~~~~~~~~^^^^^^^^^^^^^^^^^^^^^^^^^^^
  File "/home/cintradu/miniconda3/envs/resilience_env/lib/python3.13/site-packages/wntr/epanet/toolkit.py", line 196, in ENopen
    self._error()
    ~~~~~~~~~~~^^
  File "/home/cintradu/miniconda3/envs/resilience_env/lib/python3.13/site-packages/wntr/epanet/toolkit.py", line 159, in _error
    raise EpanetException(self.errcode)
wntr.epanet.exceptions.EpanetException: (Error 223) not enough nodes in network
2026-05-17 18:40:17,474 [ERROR] (core.simulation) Fatal error in hydraulic simulation
Traceback (most recent call last):
  File "/home/cintradu/IC/ENAU/ENAU-Modelling/src/core/simulation.py", line 25, in run_hydraulic_simulation
    results = sim.run_sim(convergence_error=True)
  File "/home/cintradu/miniconda3/envs/resilience_env/lib/python3.13/site-packages/wntr/sim/epanet.py", line 133, in run_sim
    results = self.reader.read(outfile, convergence_error, self._wn.options.hydraulic.headloss=='D-W')
  File "/home/cintradu/miniconda3/envs/resilience_env/lib/python3.13/site-packages/wntr/epanet/io.py", line 2695, in read
    self.save_energy_line(pidx, linknames[pidx-1], energy)
                                ~~~~~~~~~^^^^^^^^
IndexError: list index out of range
2026-05-17 18:40:17,479 [ERROR] (core.simulation) Fatal error in hydraulic simulation
Traceback (most recent call last):
  File "/home/cintradu/IC/ENAU/ENAU-Modelling/src/core/simulation.py", line 25, in run_hydraulic_simulation
    results = sim.run_sim(convergence_error=True)
  File "/home/cintradu/miniconda3/envs/resilience_env/lib/python3.13/site-packages/wntr/sim/epanet.py", line 133, in run_sim
    results = self.reader.read(outfile, convergence_error, self._wn.options.hydraulic.headloss=='D-W')
  File "/home/cintradu/miniconda3/envs/resilience_env/lib/python3.13/site-packages/wntr/epanet/io.py", line 2695, in read
    self.save_energy_line(pidx, linknames[pidx-1], energy)
                                ~~~~~~~~~^^^^^^^^
IndexError: list index out of range
2026-05-17 18:40:17,479 [ERROR] (core.simulation) Fatal error in hydraulic simulation
Traceback (most recent call last):
  File "/home/cintradu/IC/ENAU/ENAU-Modelling/src/core/simulation.py", line 25, in run_hydraulic_simulation
    results = sim.run_sim(convergence_error=True)
  File "/home/cintradu/miniconda3/envs/resilience_env/lib/python3.13/site-packages/wntr/sim/epanet.py", line 133, in run_sim
    results = self.reader.read(outfile, convergence_error, self._wn.options.hydraulic.headloss=='D-W')
  File "/home/cintradu/miniconda3/envs/resilience_env/lib/python3.13/site-packages/wntr/epanet/io.py", line 2695, in read
    self.save_energy_line(pidx, linknames[pidx-1], energy)
                                ~~~~~~~~~^^^^^^^^
IndexError: list index out of range
2026-05-17 18:40:17,497 [ERROR] (wntr.epanet.toolkit) EPANET error 200 - one or more errors in input file %s
2026-05-17 18:40:17,498 [ERROR] (wntr.epanet.toolkit) EPANET error 223 - not enough nodes in network
2026-05-17 18:40:17,499 [ERROR] (wntr.epanet.toolkit) EPANET error 200 - one or more errors in input file %s
2026-05-17 18:40:17,499 [ERROR] (core.simulation) Fatal error in hydraulic simulation
Traceback (most recent call last):
  File "/home/cintradu/IC/ENAU/ENAU-Modelling/src/core/simulation.py", line 25, in run_hydraulic_simulation
    results = sim.run_sim(convergence_error=True)
  File "/home/cintradu/miniconda3/envs/resilience_env/lib/python3.13/site-packages/wntr/sim/epanet.py", line 120, in run_sim
    enData.ENsolveH()
    ~~~~~~~~~~~~~~~^^
  File "/home/cintradu/miniconda3/envs/resilience_env/lib/python3.13/site-packages/wntr/epanet/toolkit.py", line 240, in ENsolveH
    self._error()
    ~~~~~~~~~~~^^
  File "/home/cintradu/miniconda3/envs/resilience_env/lib/python3.13/site-packages/wntr/epanet/toolkit.py", line 159, in _error
    raise EpanetException(self.errcode)
wntr.epanet.exceptions.EpanetException: (Error 223) not enough nodes in network
2026-05-17 18:40:17,497 [ERROR] (core.simulation) Fatal error in hydraulic simulation
Traceback (most recent call last):
  File "/home/cintradu/IC/ENAU/ENAU-Modelling/src/core/simulation.py", line 25, in run_hydraulic_simulation
    results = sim.run_sim(convergence_error=True)
  File "/home/cintradu/miniconda3/envs/resilience_env/lib/python3.13/site-packages/wntr/sim/epanet.py", line 115, in run_sim
    enData.ENopen(inpfile, rptfile, outfile)
    ~~~~~~~~~~~~~^^^^^^^^^^^^^^^^^^^^^^^^^^^
  File "/home/cintradu/miniconda3/envs/resilience_env/lib/python3.13/site-packages/wntr/epanet/toolkit.py", line 196, in ENopen
    self._error()
    ~~~~~~~~~~~^^
  File "/home/cintradu/miniconda3/envs/resilience_env/lib/python3.13/site-packages/wntr/epanet/toolkit.py", line 159, in _error
    raise EpanetException(self.errcode)
wntr.epanet.exceptions.EpanetException: (Error 200) one or more errors in input file %s
2026-05-17 18:40:17,499 [ERROR] (core.simulation) Fatal error in hydraulic simulation
Traceback (most recent call last):
  File "/home/cintradu/IC/ENAU/ENAU-Modelling/src/core/simulation.py", line 25, in run_hydraulic_simulation
    results = sim.run_sim(convergence_error=True)
  File "/home/cintradu/miniconda3/envs/resilience_env/lib/python3.13/site-packages/wntr/sim/epanet.py", line 115, in run_sim
    enData.ENopen(inpfile, rptfile, outfile)
    ~~~~~~~~~~~~~^^^^^^^^^^^^^^^^^^^^^^^^^^^
  File "/home/cintradu/miniconda3/envs/resilience_env/lib/python3.13/site-packages/wntr/epanet/toolkit.py", line 196, in ENopen
    self._error()
    ~~~~~~~~~~~^^
  File "/home/cintradu/miniconda3/envs/resilience_env/lib/python3.13/site-packages/wntr/epanet/toolkit.py", line 159, in _error
    raise EpanetException(self.errcode)
wntr.epanet.exceptions.EpanetException: (Error 200) one or more errors in input file %s
2026-05-17 18:40:17,517 [ERROR] (wntr.epanet.toolkit) EPANET error 200 - one or more errors in input file %s
2026-05-17 18:40:17,517 [ERROR] (core.simulation) Fatal error in hydraulic simulation
Traceback (most recent call last):
  File "/home/cintradu/IC/ENAU/ENAU-Modelling/src/core/simulation.py", line 25, in run_hydraulic_simulation
    results = sim.run_sim(convergence_error=True)
  File "/home/cintradu/miniconda3/envs/resilience_env/lib/python3.13/site-packages/wntr/sim/epanet.py", line 115, in run_sim
    enData.ENopen(inpfile, rptfile, outfile)
    ~~~~~~~~~~~~~^^^^^^^^^^^^^^^^^^^^^^^^^^^
  File "/home/cintradu/miniconda3/envs/resilience_env/lib/python3.13/site-packages/wntr/epanet/toolkit.py", line 196, in ENopen
    self._error()
    ~~~~~~~~~~~^^
  File "/home/cintradu/miniconda3/envs/resilience_env/lib/python3.13/site-packages/wntr/epanet/toolkit.py", line 159, in _error
    raise EpanetException(self.errcode)
wntr.epanet.exceptions.EpanetException: (Error 200) one or more errors in input file %s
2026-05-17 18:40:17,518 [ERROR] (wntr.epanet.toolkit) EPANET error 200 - one or more errors in input file %s
2026-05-17 18:40:17,518 [ERROR] (wntr.epanet.toolkit) EPANET error 223 - not enough nodes in network
2026-05-17 18:40:17,518 [ERROR] (core.simulation) Fatal error in hydraulic simulation
Traceback (most recent call last):
  File "/home/cintradu/IC/ENAU/ENAU-Modelling/src/core/simulation.py", line 25, in run_hydraulic_simulation
    results = sim.run_sim(convergence_error=True)
  File "/home/cintradu/miniconda3/envs/resilience_env/lib/python3.13/site-packages/wntr/sim/epanet.py", line 115, in run_sim
    enData.ENopen(inpfile, rptfile, outfile)
    ~~~~~~~~~~~~~^^^^^^^^^^^^^^^^^^^^^^^^^^^
  File "/home/cintradu/miniconda3/envs/resilience_env/lib/python3.13/site-packages/wntr/epanet/toolkit.py", line 196, in ENopen
    self._error()
    ~~~~~~~~~~~^^
  File "/home/cintradu/miniconda3/envs/resilience_env/lib/python3.13/site-packages/wntr/epanet/toolkit.py", line 159, in _error
    raise EpanetException(self.errcode)
wntr.epanet.exceptions.EpanetException: (Error 200) one or more errors in input file %s
2026-05-17 18:40:17,520 [ERROR] (wntr.epanet.toolkit) EPANET error 200 - one or more errors in input file %s
2026-05-17 18:40:17,520 [ERROR] (wntr.epanet.toolkit) EPANET error 223 - not enough nodes in network
2026-05-17 18:40:17,520 [ERROR] (core.simulation) Fatal error in hydraulic simulation
Traceback (most recent call last):
  File "/home/cintradu/IC/ENAU/ENAU-Modelling/src/core/simulation.py", line 25, in run_hydraulic_simulation
    results = sim.run_sim(convergence_error=True)
  File "/home/cintradu/miniconda3/envs/resilience_env/lib/python3.13/site-packages/wntr/sim/epanet.py", line 115, in run_sim
    enData.ENopen(inpfile, rptfile, outfile)
    ~~~~~~~~~~~~~^^^^^^^^^^^^^^^^^^^^^^^^^^^
  File "/home/cintradu/miniconda3/envs/resilience_env/lib/python3.13/site-packages/wntr/epanet/toolkit.py", line 196, in ENopen
    self._error()
    ~~~~~~~~~~~^^
  File "/home/cintradu/miniconda3/envs/resilience_env/lib/python3.13/site-packages/wntr/epanet/toolkit.py", line 159, in _error
    raise EpanetException(self.errcode)
wntr.epanet.exceptions.EpanetException: (Error 200) one or more errors in input file %s
2026-05-17 18:40:17,520 [ERROR] (core.simulation) Fatal error in hydraulic simulation
Traceback (most recent call last):
  File "/home/cintradu/IC/ENAU/ENAU-Modelling/src/core/simulation.py", line 25, in run_hydraulic_simulation
    results = sim.run_sim(convergence_error=True)
  File "/home/cintradu/miniconda3/envs/resilience_env/lib/python3.13/site-packages/wntr/sim/epanet.py", line 120, in run_sim
    enData.ENsolveH()
    ~~~~~~~~~~~~~~~^^
  File "/home/cintradu/miniconda3/envs/resilience_env/lib/python3.13/site-packages/wntr/epanet/toolkit.py", line 240, in ENsolveH
    self._error()
    ~~~~~~~~~~~^^
  File "/home/cintradu/miniconda3/envs/resilience_env/lib/python3.13/site-packages/wntr/epanet/toolkit.py", line 159, in _error
    raise EpanetException(self.errcode)
wntr.epanet.exceptions.EpanetException: (Error 223) not enough nodes in network
2026-05-17 18:40:17,519 [ERROR] (core.simulation) Fatal error in hydraulic simulation
Traceback (most recent call last):
  File "/home/cintradu/IC/ENAU/ENAU-Modelling/src/core/simulation.py", line 25, in run_hydraulic_simulation
    results = sim.run_sim(convergence_error=True)
  File "/home/cintradu/miniconda3/envs/resilience_env/lib/python3.13/site-packages/wntr/sim/epanet.py", line 115, in run_sim
    enData.ENopen(inpfile, rptfile, outfile)
    ~~~~~~~~~~~~~^^^^^^^^^^^^^^^^^^^^^^^^^^^
  File "/home/cintradu/miniconda3/envs/resilience_env/lib/python3.13/site-packages/wntr/epanet/toolkit.py", line 196, in ENopen
    self._error()
    ~~~~~~~~~~~^^
  File "/home/cintradu/miniconda3/envs/resilience_env/lib/python3.13/site-packages/wntr/epanet/toolkit.py", line 159, in _error
    raise EpanetException(self.errcode)
wntr.epanet.exceptions.EpanetException: (Error 223) not enough nodes in network
2026-05-17 18:40:17,530 [ERROR] (wntr.epanet.toolkit) EPANET error 200 - one or more errors in input file %s
2026-05-17 18:40:17,530 [ERROR] (core.simulation) Fatal error in hydraulic simulation
Traceback (most recent call last):
  File "/home/cintradu/IC/ENAU/ENAU-Modelling/src/core/simulation.py", line 25, in run_hydraulic_simulation
    results = sim.run_sim(convergence_error=True)
  File "/home/cintradu/miniconda3/envs/resilience_env/lib/python3.13/site-packages/wntr/sim/epanet.py", line 115, in run_sim
    enData.ENopen(inpfile, rptfile, outfile)
    ~~~~~~~~~~~~~^^^^^^^^^^^^^^^^^^^^^^^^^^^
  File "/home/cintradu/miniconda3/envs/resilience_env/lib/python3.13/site-packages/wntr/epanet/toolkit.py", line 196, in ENopen
    self._error()
    ~~~~~~~~~~~^^
  File "/home/cintradu/miniconda3/envs/resilience_env/lib/python3.13/site-packages/wntr/epanet/toolkit.py", line 159, in _error
    raise EpanetException(self.errcode)
wntr.epanet.exceptions.EpanetException: (Error 200) one or more errors in input file %s
2026-05-17 18:40:17,532 [ERROR] (wntr.epanet.toolkit) EPANET error 200 - one or more errors in input file %s
2026-05-17 18:40:17,532 [ERROR] (core.simulation) Fatal error in hydraulic simulation
Traceback (most recent call last):
  File "/home/cintradu/IC/ENAU/ENAU-Modelling/src/core/simulation.py", line 25, in run_hydraulic_simulation
    results = sim.run_sim(convergence_error=True)
  File "/home/cintradu/miniconda3/envs/resilience_env/lib/python3.13/site-packages/wntr/sim/epanet.py", line 115, in run_sim
    enData.ENopen(inpfile, rptfile, outfile)
    ~~~~~~~~~~~~~^^^^^^^^^^^^^^^^^^^^^^^^^^^
  File "/home/cintradu/miniconda3/envs/resilience_env/lib/python3.13/site-packages/wntr/epanet/toolkit.py", line 196, in ENopen
    self._error()
    ~~~~~~~~~~~^^
  File "/home/cintradu/miniconda3/envs/resilience_env/lib/python3.13/site-packages/wntr/epanet/toolkit.py", line 159, in _error
    raise EpanetException(self.errcode)
wntr.epanet.exceptions.EpanetException: (Error 200) one or more errors in input file %s
2026-05-17 18:40:17,536 [ERROR] (wntr.epanet.toolkit) EPANET error 224 - no tanks or reservoirs in network
2026-05-17 18:40:17,536 [ERROR] (core.simulation) Fatal error in hydraulic simulation
Traceback (most recent call last):
  File "/home/cintradu/IC/ENAU/ENAU-Modelling/src/core/simulation.py", line 25, in run_hydraulic_simulation
    results = sim.run_sim(convergence_error=True)
  File "/home/cintradu/miniconda3/envs/resilience_env/lib/python3.13/site-packages/wntr/sim/epanet.py", line 115, in run_sim
    enData.ENopen(inpfile, rptfile, outfile)
    ~~~~~~~~~~~~~^^^^^^^^^^^^^^^^^^^^^^^^^^^
  File "/home/cintradu/miniconda3/envs/resilience_env/lib/python3.13/site-packages/wntr/epanet/toolkit.py", line 196, in ENopen
    self._error()
    ~~~~~~~~~~~^^
  File "/home/cintradu/miniconda3/envs/resilience_env/lib/python3.13/site-packages/wntr/epanet/toolkit.py", line 159, in _error
    raise EpanetException(self.errcode)
wntr.epanet.exceptions.EpanetException: (Error 224) no tanks or reservoirs in network
2026-05-17 18:40:17,538 [ERROR] (wntr.epanet.toolkit) EPANET error 223 - not enough nodes in network
2026-05-17 18:40:17,538 [ERROR] (core.simulation) Fatal error in hydraulic simulation
Traceback (most recent call last):
  File "/home/cintradu/IC/ENAU/ENAU-Modelling/src/core/simulation.py", line 25, in run_hydraulic_simulation
    results = sim.run_sim(convergence_error=True)
  File "/home/cintradu/miniconda3/envs/resilience_env/lib/python3.13/site-packages/wntr/sim/epanet.py", line 115, in run_sim
    enData.ENopen(inpfile, rptfile, outfile)
    ~~~~~~~~~~~~~^^^^^^^^^^^^^^^^^^^^^^^^^^^
  File "/home/cintradu/miniconda3/envs/resilience_env/lib/python3.13/site-packages/wntr/epanet/toolkit.py", line 196, in ENopen
    self._error()
    ~~~~~~~~~~~^^
  File "/home/cintradu/miniconda3/envs/resilience_env/lib/python3.13/site-packages/wntr/epanet/toolkit.py", line 159, in _error
    raise EpanetException(self.errcode)
wntr.epanet.exceptions.EpanetException: (Error 223) not enough nodes in network
2026-05-17 18:40:17,540 [ERROR] (wntr.epanet.toolkit) EPANET error 200 - one or more errors in input file %s
2026-05-17 18:40:17,541 [ERROR] (wntr.epanet.toolkit) EPANET error 200 - one or more errors in input file %s
2026-05-17 18:40:17,541 [ERROR] (wntr.epanet.toolkit) EPANET error 200 - one or more errors in input file %s
2026-05-17 18:40:17,540 [ERROR] (core.simulation) Fatal error in hydraulic simulation
Traceback (most recent call last):
  File "/home/cintradu/IC/ENAU/ENAU-Modelling/src/core/simulation.py", line 25, in run_hydraulic_simulation
    results = sim.run_sim(convergence_error=True)
  File "/home/cintradu/miniconda3/envs/resilience_env/lib/python3.13/site-packages/wntr/sim/epanet.py", line 115, in run_sim
    enData.ENopen(inpfile, rptfile, outfile)
    ~~~~~~~~~~~~~^^^^^^^^^^^^^^^^^^^^^^^^^^^
  File "/home/cintradu/miniconda3/envs/resilience_env/lib/python3.13/site-packages/wntr/epanet/toolkit.py", line 196, in ENopen
    self._error()
    ~~~~~~~~~~~^^
  File "/home/cintradu/miniconda3/envs/resilience_env/lib/python3.13/site-packages/wntr/epanet/toolkit.py", line 159, in _error
    raise EpanetException(self.errcode)
wntr.epanet.exceptions.EpanetException: (Error 200) one or more errors in input file %s
2026-05-17 18:40:17,541 [ERROR] (core.simulation) Fatal error in hydraulic simulation
Traceback (most recent call last):
  File "/home/cintradu/IC/ENAU/ENAU-Modelling/src/core/simulation.py", line 25, in run_hydraulic_simulation
    results = sim.run_sim(convergence_error=True)
  File "/home/cintradu/miniconda3/envs/resilience_env/lib/python3.13/site-packages/wntr/sim/epanet.py", line 115, in run_sim
    enData.ENopen(inpfile, rptfile, outfile)
    ~~~~~~~~~~~~~^^^^^^^^^^^^^^^^^^^^^^^^^^^
  File "/home/cintradu/miniconda3/envs/resilience_env/lib/python3.13/site-packages/wntr/epanet/toolkit.py", line 196, in ENopen
    self._error()
    ~~~~~~~~~~~^^
  File "/home/cintradu/miniconda3/envs/resilience_env/lib/python3.13/site-packages/wntr/epanet/toolkit.py", line 159, in _error
    raise EpanetException(self.errcode)
wntr.epanet.exceptions.EpanetException: (Error 200) one or more errors in input file %s
2026-05-17 18:40:17,541 [ERROR] (core.simulation) Fatal error in hydraulic simulation
Traceback (most recent call last):
  File "/home/cintradu/IC/ENAU/ENAU-Modelling/src/core/simulation.py", line 25, in run_hydraulic_simulation
    results = sim.run_sim(convergence_error=True)
  File "/home/cintradu/miniconda3/envs/resilience_env/lib/python3.13/site-packages/wntr/sim/epanet.py", line 115, in run_sim
    enData.ENopen(inpfile, rptfile, outfile)
    ~~~~~~~~~~~~~^^^^^^^^^^^^^^^^^^^^^^^^^^^
  File "/home/cintradu/miniconda3/envs/resilience_env/lib/python3.13/site-packages/wntr/epanet/toolkit.py", line 196, in ENopen
    self._error()
    ~~~~~~~~~~~^^
  File "/home/cintradu/miniconda3/envs/resilience_env/lib/python3.13/site-packages/wntr/epanet/toolkit.py", line 159, in _error
    raise EpanetException(self.errcode)
wntr.epanet.exceptions.EpanetException: (Error 200) one or more errors in input file %s
2026-05-17 18:40:17,550 [ERROR] (wntr.epanet.toolkit) EPANET error 200 - one or more errors in input file %s
2026-05-17 18:40:17,550 [ERROR] (core.simulation) Fatal error in hydraulic simulation
Traceback (most recent call last):
  File "/home/cintradu/IC/ENAU/ENAU-Modelling/src/core/simulation.py", line 25, in run_hydraulic_simulation
    results = sim.run_sim(convergence_error=True)
  File "/home/cintradu/miniconda3/envs/resilience_env/lib/python3.13/site-packages/wntr/sim/epanet.py", line 115, in run_sim
    enData.ENopen(inpfile, rptfile, outfile)
    ~~~~~~~~~~~~~^^^^^^^^^^^^^^^^^^^^^^^^^^^
  File "/home/cintradu/miniconda3/envs/resilience_env/lib/python3.13/site-packages/wntr/epanet/toolkit.py", line 196, in ENopen
    self._error()
    ~~~~~~~~~~~^^
  File "/home/cintradu/miniconda3/envs/resilience_env/lib/python3.13/site-packages/wntr/epanet/toolkit.py", line 159, in _error
    raise EpanetException(self.errcode)
wntr.epanet.exceptions.EpanetException: (Error 200) one or more errors in input file %s
2026-05-17 18:40:17,551 [ERROR] (wntr.epanet.toolkit) EPANET error 200 - one or more errors in input file %s
2026-05-17 18:40:17,551 [ERROR] (wntr.epanet.toolkit) EPANET error 200 - one or more errors in input file %s
2026-05-17 18:40:17,551 [ERROR] (core.simulation) Fatal error in hydraulic simulation
Traceback (most recent call last):
  File "/home/cintradu/IC/ENAU/ENAU-Modelling/src/core/simulation.py", line 25, in run_hydraulic_simulation
    results = sim.run_sim(convergence_error=True)
  File "/home/cintradu/miniconda3/envs/resilience_env/lib/python3.13/site-packages/wntr/sim/epanet.py", line 115, in run_sim
    enData.ENopen(inpfile, rptfile, outfile)
    ~~~~~~~~~~~~~^^^^^^^^^^^^^^^^^^^^^^^^^^^
  File "/home/cintradu/miniconda3/envs/resilience_env/lib/python3.13/site-packages/wntr/epanet/toolkit.py", line 196, in ENopen
    self._error()
    ~~~~~~~~~~~^^
  File "/home/cintradu/miniconda3/envs/resilience_env/lib/python3.13/site-packages/wntr/epanet/toolkit.py", line 159, in _error
    raise EpanetException(self.errcode)
wntr.epanet.exceptions.EpanetException: (Error 200) one or more errors in input file %s
2026-05-17 18:40:17,551 [ERROR] (core.simulation) Fatal error in hydraulic simulation
Traceback (most recent call last):
  File "/home/cintradu/IC/ENAU/ENAU-Modelling/src/core/simulation.py", line 25, in run_hydraulic_simulation
    results = sim.run_sim(convergence_error=True)
  File "/home/cintradu/miniconda3/envs/resilience_env/lib/python3.13/site-packages/wntr/sim/epanet.py", line 115, in run_sim
    enData.ENopen(inpfile, rptfile, outfile)
    ~~~~~~~~~~~~~^^^^^^^^^^^^^^^^^^^^^^^^^^^
  File "/home/cintradu/miniconda3/envs/resilience_env/lib/python3.13/site-packages/wntr/epanet/toolkit.py", line 196, in ENopen
    self._error()
    ~~~~~~~~~~~^^
  File "/home/cintradu/miniconda3/envs/resilience_env/lib/python3.13/site-packages/wntr/epanet/toolkit.py", line 159, in _error
    raise EpanetException(self.errcode)
wntr.epanet.exceptions.EpanetException: (Error 200) one or more errors in input file %s
2026-05-17 18:40:17,556 [ERROR] (wntr.epanet.toolkit) EPANET error 224 - no tanks or reservoirs in network
2026-05-17 18:40:17,556 [ERROR] (core.simulation) Fatal error in hydraulic simulation
Traceback (most recent call last):
  File "/home/cintradu/IC/ENAU/ENAU-Modelling/src/core/simulation.py", line 25, in run_hydraulic_simulation
    results = sim.run_sim(convergence_error=True)
  File "/home/cintradu/miniconda3/envs/resilience_env/lib/python3.13/site-packages/wntr/sim/epanet.py", line 115, in run_sim
    enData.ENopen(inpfile, rptfile, outfile)
    ~~~~~~~~~~~~~^^^^^^^^^^^^^^^^^^^^^^^^^^^
  File "/home/cintradu/miniconda3/envs/resilience_env/lib/python3.13/site-packages/wntr/epanet/toolkit.py", line 196, in ENopen
    self._error()
    ~~~~~~~~~~~^^
  File "/home/cintradu/miniconda3/envs/resilience_env/lib/python3.13/site-packages/wntr/epanet/toolkit.py", line 159, in _error
    raise EpanetException(self.errcode)
wntr.epanet.exceptions.EpanetException: (Error 224) no tanks or reservoirs in network
2026-05-17 18:40:17,559 [ERROR] (wntr.epanet.toolkit) EPANET error 200 - one or more errors in input file %s
2026-05-17 18:40:17,559 [ERROR] (wntr.epanet.toolkit) EPANET error 223 - not enough nodes in network
2026-05-17 18:40:17,559 [ERROR] (wntr.epanet.toolkit) EPANET error 200 - one or more errors in input file %s
2026-05-17 18:40:17,559 [ERROR] (core.simulation) Fatal error in hydraulic simulation
Traceback (most recent call last):
  File "/home/cintradu/IC/ENAU/ENAU-Modelling/src/core/simulation.py", line 25, in run_hydraulic_simulation
    results = sim.run_sim(convergence_error=True)
  File "/home/cintradu/miniconda3/envs/resilience_env/lib/python3.13/site-packages/wntr/sim/epanet.py", line 115, in run_sim
    enData.ENopen(inpfile, rptfile, outfile)
    ~~~~~~~~~~~~~^^^^^^^^^^^^^^^^^^^^^^^^^^^
  File "/home/cintradu/miniconda3/envs/resilience_env/lib/python3.13/site-packages/wntr/epanet/toolkit.py", line 196, in ENopen
    self._error()
    ~~~~~~~~~~~^^
  File "/home/cintradu/miniconda3/envs/resilience_env/lib/python3.13/site-packages/wntr/epanet/toolkit.py", line 159, in _error
    raise EpanetException(self.errcode)
wntr.epanet.exceptions.EpanetException: (Error 200) one or more errors in input file %s
2026-05-17 18:40:17,559 [ERROR] (core.simulation) Fatal error in hydraulic simulation
Traceback (most recent call last):
  File "/home/cintradu/IC/ENAU/ENAU-Modelling/src/core/simulation.py", line 25, in run_hydraulic_simulation
    results = sim.run_sim(convergence_error=True)
  File "/home/cintradu/miniconda3/envs/resilience_env/lib/python3.13/site-packages/wntr/sim/epanet.py", line 115, in run_sim
    enData.ENopen(inpfile, rptfile, outfile)
    ~~~~~~~~~~~~~^^^^^^^^^^^^^^^^^^^^^^^^^^^
  File "/home/cintradu/miniconda3/envs/resilience_env/lib/python3.13/site-packages/wntr/epanet/toolkit.py", line 196, in ENopen
    self._error()
    ~~~~~~~~~~~^^
  File "/home/cintradu/miniconda3/envs/resilience_env/lib/python3.13/site-packages/wntr/epanet/toolkit.py", line 159, in _error
    raise EpanetException(self.errcode)
wntr.epanet.exceptions.EpanetException: (Error 200) one or more errors in input file %s
2026-05-17 18:40:17,561 [ERROR] (wntr.epanet.toolkit) EPANET error 224 - no tanks or reservoirs in network
2026-05-17 18:40:17,559 [ERROR] (core.simulation) Fatal error in hydraulic simulation
Traceback (most recent call last):
  File "/home/cintradu/IC/ENAU/ENAU-Modelling/src/core/simulation.py", line 25, in run_hydraulic_simulation
    results = sim.run_sim(convergence_error=True)
  File "/home/cintradu/miniconda3/envs/resilience_env/lib/python3.13/site-packages/wntr/sim/epanet.py", line 115, in run_sim
    enData.ENopen(inpfile, rptfile, outfile)
    ~~~~~~~~~~~~~^^^^^^^^^^^^^^^^^^^^^^^^^^^
  File "/home/cintradu/miniconda3/envs/resilience_env/lib/python3.13/site-packages/wntr/epanet/toolkit.py", line 196, in ENopen
    self._error()
    ~~~~~~~~~~~^^
  File "/home/cintradu/miniconda3/envs/resilience_env/lib/python3.13/site-packages/wntr/epanet/toolkit.py", line 159, in _error
    raise EpanetException(self.errcode)
wntr.epanet.exceptions.EpanetException: (Error 223) not enough nodes in network
2026-05-17 18:40:17,562 [ERROR] (core.simulation) Fatal error in hydraulic simulation
Traceback (most recent call last):
  File "/home/cintradu/IC/ENAU/ENAU-Modelling/src/core/simulation.py", line 25, in run_hydraulic_simulation
    results = sim.run_sim(convergence_error=True)
  File "/home/cintradu/miniconda3/envs/resilience_env/lib/python3.13/site-packages/wntr/sim/epanet.py", line 115, in run_sim
    enData.ENopen(inpfile, rptfile, outfile)
    ~~~~~~~~~~~~~^^^^^^^^^^^^^^^^^^^^^^^^^^^
  File "/home/cintradu/miniconda3/envs/resilience_env/lib/python3.13/site-packages/wntr/epanet/toolkit.py", line 196, in ENopen
    self._error()
    ~~~~~~~~~~~^^
  File "/home/cintradu/miniconda3/envs/resilience_env/lib/python3.13/site-packages/wntr/epanet/toolkit.py", line 159, in _error
    raise EpanetException(self.errcode)
wntr.epanet.exceptions.EpanetException: (Error 224) no tanks or reservoirs in network
2026-05-17 18:40:17,571 [ERROR] (wntr.epanet.toolkit) EPANET error 200 - one or more errors in input file %s
2026-05-17 18:40:17,571 [ERROR] (core.simulation) Fatal error in hydraulic simulation
Traceback (most recent call last):
  File "/home/cintradu/IC/ENAU/ENAU-Modelling/src/core/simulation.py", line 25, in run_hydraulic_simulation
    results = sim.run_sim(convergence_error=True)
  File "/home/cintradu/miniconda3/envs/resilience_env/lib/python3.13/site-packages/wntr/sim/epanet.py", line 115, in run_sim
    enData.ENopen(inpfile, rptfile, outfile)
    ~~~~~~~~~~~~~^^^^^^^^^^^^^^^^^^^^^^^^^^^
  File "/home/cintradu/miniconda3/envs/resilience_env/lib/python3.13/site-packages/wntr/epanet/toolkit.py", line 196, in ENopen
    self._error()
    ~~~~~~~~~~~^^
  File "/home/cintradu/miniconda3/envs/resilience_env/lib/python3.13/site-packages/wntr/epanet/toolkit.py", line 159, in _error
    raise EpanetException(self.errcode)
wntr.epanet.exceptions.EpanetException: (Error 200) one or more errors in input file %s
2026-05-17 18:40:17,573 [ERROR] (wntr.epanet.toolkit) EPANET error 224 - no tanks or reservoirs in network
2026-05-17 18:40:17,574 [ERROR] (wntr.epanet.toolkit) EPANET error 224 - no tanks or reservoirs in network
2026-05-17 18:40:17,575 [ERROR] (wntr.epanet.toolkit) EPANET error 224 - no tanks or reservoirs in network
2026-05-17 18:40:17,574 [ERROR] (core.simulation) Fatal error in hydraulic simulation
Traceback (most recent call last):
  File "/home/cintradu/IC/ENAU/ENAU-Modelling/src/core/simulation.py", line 25, in run_hydraulic_simulation
    results = sim.run_sim(convergence_error=True)
  File "/home/cintradu/miniconda3/envs/resilience_env/lib/python3.13/site-packages/wntr/sim/epanet.py", line 115, in run_sim
    enData.ENopen(inpfile, rptfile, outfile)
    ~~~~~~~~~~~~~^^^^^^^^^^^^^^^^^^^^^^^^^^^
  File "/home/cintradu/miniconda3/envs/resilience_env/lib/python3.13/site-packages/wntr/epanet/toolkit.py", line 196, in ENopen
    self._error()
    ~~~~~~~~~~~^^
  File "/home/cintradu/miniconda3/envs/resilience_env/lib/python3.13/site-packages/wntr/epanet/toolkit.py", line 159, in _error
    raise EpanetException(self.errcode)
wntr.epanet.exceptions.EpanetException: (Error 224) no tanks or reservoirs in network
2026-05-17 18:40:17,573 [ERROR] (core.simulation) Fatal error in hydraulic simulation
Traceback (most recent call last):
  File "/home/cintradu/IC/ENAU/ENAU-Modelling/src/core/simulation.py", line 25, in run_hydraulic_simulation
    results = sim.run_sim(convergence_error=True)
  File "/home/cintradu/miniconda3/envs/resilience_env/lib/python3.13/site-packages/wntr/sim/epanet.py", line 115, in run_sim
    enData.ENopen(inpfile, rptfile, outfile)
    ~~~~~~~~~~~~~^^^^^^^^^^^^^^^^^^^^^^^^^^^
  File "/home/cintradu/miniconda3/envs/resilience_env/lib/python3.13/site-packages/wntr/epanet/toolkit.py", line 196, in ENopen
    self._error()
    ~~~~~~~~~~~^^
  File "/home/cintradu/miniconda3/envs/resilience_env/lib/python3.13/site-packages/wntr/epanet/toolkit.py", line 159, in _error
    raise EpanetException(self.errcode)
wntr.epanet.exceptions.EpanetException: (Error 224) no tanks or reservoirs in network
2026-05-17 18:40:17,575 [ERROR] (core.simulation) Fatal error in hydraulic simulation
Traceback (most recent call last):
  File "/home/cintradu/IC/ENAU/ENAU-Modelling/src/core/simulation.py", line 25, in run_hydraulic_simulation
    results = sim.run_sim(convergence_error=True)
  File "/home/cintradu/miniconda3/envs/resilience_env/lib/python3.13/site-packages/wntr/sim/epanet.py", line 115, in run_sim
    enData.ENopen(inpfile, rptfile, outfile)
    ~~~~~~~~~~~~~^^^^^^^^^^^^^^^^^^^^^^^^^^^
  File "/home/cintradu/miniconda3/envs/resilience_env/lib/python3.13/site-packages/wntr/epanet/toolkit.py", line 196, in ENopen
    self._error()
    ~~~~~~~~~~~^^
  File "/home/cintradu/miniconda3/envs/resilience_env/lib/python3.13/site-packages/wntr/epanet/toolkit.py", line 159, in _error
    raise EpanetException(self.errcode)
wntr.epanet.exceptions.EpanetException: (Error 224) no tanks or reservoirs in network
2026-05-17 18:40:17,579 [ERROR] (wntr.epanet.toolkit) EPANET error 200 - one or more errors in input file %s
2026-05-17 18:40:17,580 [ERROR] (wntr.epanet.toolkit) EPANET error 200 - one or more errors in input file %s
2026-05-17 18:40:17,579 [ERROR] (core.simulation) Fatal error in hydraulic simulation
Traceback (most recent call last):
  File "/home/cintradu/IC/ENAU/ENAU-Modelling/src/core/simulation.py", line 25, in run_hydraulic_simulation
    results = sim.run_sim(convergence_error=True)
  File "/home/cintradu/miniconda3/envs/resilience_env/lib/python3.13/site-packages/wntr/sim/epanet.py", line 115, in run_sim
    enData.ENopen(inpfile, rptfile, outfile)
    ~~~~~~~~~~~~~^^^^^^^^^^^^^^^^^^^^^^^^^^^
  File "/home/cintradu/miniconda3/envs/resilience_env/lib/python3.13/site-packages/wntr/epanet/toolkit.py", line 196, in ENopen
    self._error()
    ~~~~~~~~~~~^^
  File "/home/cintradu/miniconda3/envs/resilience_env/lib/python3.13/site-packages/wntr/epanet/toolkit.py", line 159, in _error
    raise EpanetException(self.errcode)
wntr.epanet.exceptions.EpanetException: (Error 200) one or more errors in input file %s
2026-05-17 18:40:17,580 [ERROR] (core.simulation) Fatal error in hydraulic simulation
Traceback (most recent call last):
  File "/home/cintradu/IC/ENAU/ENAU-Modelling/src/core/simulation.py", line 25, in run_hydraulic_simulation
    results = sim.run_sim(convergence_error=True)
  File "/home/cintradu/miniconda3/envs/resilience_env/lib/python3.13/site-packages/wntr/sim/epanet.py", line 115, in run_sim
    enData.ENopen(inpfile, rptfile, outfile)
    ~~~~~~~~~~~~~^^^^^^^^^^^^^^^^^^^^^^^^^^^
  File "/home/cintradu/miniconda3/envs/resilience_env/lib/python3.13/site-packages/wntr/epanet/toolkit.py", line 196, in ENopen
    self._error()
    ~~~~~~~~~~~^^
  File "/home/cintradu/miniconda3/envs/resilience_env/lib/python3.13/site-packages/wntr/epanet/toolkit.py", line 159, in _error
    raise EpanetException(self.errcode)
wntr.epanet.exceptions.EpanetException: (Error 200) one or more errors in input file %s
2026-05-17 18:40:17,582 [ERROR] (wntr.epanet.toolkit) EPANET error 200 - one or more errors in input file %s
2026-05-17 18:40:17,582 [ERROR] (core.simulation) Fatal error in hydraulic simulation
Traceback (most recent call last):
  File "/home/cintradu/IC/ENAU/ENAU-Modelling/src/core/simulation.py", line 25, in run_hydraulic_simulation
    results = sim.run_sim(convergence_error=True)
  File "/home/cintradu/miniconda3/envs/resilience_env/lib/python3.13/site-packages/wntr/sim/epanet.py", line 115, in run_sim
    enData.ENopen(inpfile, rptfile, outfile)
    ~~~~~~~~~~~~~^^^^^^^^^^^^^^^^^^^^^^^^^^^
  File "/home/cintradu/miniconda3/envs/resilience_env/lib/python3.13/site-packages/wntr/epanet/toolkit.py", line 196, in ENopen
    self._error()
    ~~~~~~~~~~~^^
  File "/home/cintradu/miniconda3/envs/resilience_env/lib/python3.13/site-packages/wntr/epanet/toolkit.py", line 159, in _error
    raise EpanetException(self.errcode)
wntr.epanet.exceptions.EpanetException: (Error 200) one or more errors in input file %s
2026-05-17 18:40:17,621 [ERROR] (core.simulation) Fatal error in hydraulic simulation
Traceback (most recent call last):
  File "/home/cintradu/IC/ENAU/ENAU-Modelling/src/core/simulation.py", line 25, in run_hydraulic_simulation
    results = sim.run_sim(convergence_error=True)
  File "/home/cintradu/miniconda3/envs/resilience_env/lib/python3.13/site-packages/wntr/sim/epanet.py", line 133, in run_sim
    results = self.reader.read(outfile, convergence_error, self._wn.options.hydraulic.headloss=='D-W')
  File "/home/cintradu/miniconda3/envs/resilience_env/lib/python3.13/site-packages/wntr/epanet/io.py", line 2695, in read
    self.save_energy_line(pidx, linknames[pidx-1], energy)
                                ~~~~~~~~~^^^^^^^^
IndexError: list index out of range
2026-05-17 18:40:17,635 [ERROR] (core.simulation) Fatal error in hydraulic simulation
Traceback (most recent call last):
  File "/home/cintradu/IC/ENAU/ENAU-Modelling/src/core/simulation.py", line 25, in run_hydraulic_simulation
    results = sim.run_sim(convergence_error=True)
  File "/home/cintradu/miniconda3/envs/resilience_env/lib/python3.13/site-packages/wntr/sim/epanet.py", line 133, in run_sim
    results = self.reader.read(outfile, convergence_error, self._wn.options.hydraulic.headloss=='D-W')
  File "/home/cintradu/miniconda3/envs/resilience_env/lib/python3.13/site-packages/wntr/epanet/io.py", line 2695, in read
    self.save_energy_line(pidx, linknames[pidx-1], energy)
                                ~~~~~~~~~^^^^^^^^
IndexError: list index out of range
2026-05-17 18:40:17,640 [ERROR] (core.simulation) Fatal error in hydraulic simulation
Traceback (most recent call last):
  File "/home/cintradu/IC/ENAU/ENAU-Modelling/src/core/simulation.py", line 25, in run_hydraulic_simulation
    results = sim.run_sim(convergence_error=True)
  File "/home/cintradu/miniconda3/envs/resilience_env/lib/python3.13/site-packages/wntr/sim/epanet.py", line 133, in run_sim
    results = self.reader.read(outfile, convergence_error, self._wn.options.hydraulic.headloss=='D-W')
  File "/home/cintradu/miniconda3/envs/resilience_env/lib/python3.13/site-packages/wntr/epanet/io.py", line 2695, in read
    self.save_energy_line(pidx, linknames[pidx-1], energy)
                                ~~~~~~~~~^^^^^^^^
IndexError: list index out of range
2026-05-17 18:40:17,642 [ERROR] (wntr.epanet.toolkit) EPANET error 200 - one or more errors in input file %s
2026-05-17 18:40:17,641 [ERROR] (core.simulation) Fatal error in hydraulic simulation
Traceback (most recent call last):
  File "/home/cintradu/IC/ENAU/ENAU-Modelling/src/core/simulation.py", line 25, in run_hydraulic_simulation
    results = sim.run_sim(convergence_error=True)
  File "/home/cintradu/miniconda3/envs/resilience_env/lib/python3.13/site-packages/wntr/sim/epanet.py", line 133, in run_sim
    results = self.reader.read(outfile, convergence_error, self._wn.options.hydraulic.headloss=='D-W')
  File "/home/cintradu/miniconda3/envs/resilience_env/lib/python3.13/site-packages/wntr/epanet/io.py", line 2695, in read
    self.save_energy_line(pidx, linknames[pidx-1], energy)
                                ~~~~~~~~~^^^^^^^^
IndexError: list index out of range
2026-05-17 18:40:17,642 [ERROR] (core.simulation) Fatal error in hydraulic simulation
Traceback (most recent call last):
  File "/home/cintradu/IC/ENAU/ENAU-Modelling/src/core/simulation.py", line 25, in run_hydraulic_simulation
    results = sim.run_sim(convergence_error=True)
  File "/home/cintradu/miniconda3/envs/resilience_env/lib/python3.13/site-packages/wntr/sim/epanet.py", line 115, in run_sim
    enData.ENopen(inpfile, rptfile, outfile)
    ~~~~~~~~~~~~~^^^^^^^^^^^^^^^^^^^^^^^^^^^
  File "/home/cintradu/miniconda3/envs/resilience_env/lib/python3.13/site-packages/wntr/epanet/toolkit.py", line 196, in ENopen
    self._error()
    ~~~~~~~~~~~^^
  File "/home/cintradu/miniconda3/envs/resilience_env/lib/python3.13/site-packages/wntr/epanet/toolkit.py", line 159, in _error
    raise EpanetException(self.errcode)
wntr.epanet.exceptions.EpanetException: (Error 200) one or more errors in input file %s
2026-05-17 18:40:17,647 [ERROR] (core.simulation) Fatal error in hydraulic simulation
Traceback (most recent call last):
  File "/home/cintradu/IC/ENAU/ENAU-Modelling/src/core/simulation.py", line 25, in run_hydraulic_simulation
    results = sim.run_sim(convergence_error=True)
  File "/home/cintradu/miniconda3/envs/resilience_env/lib/python3.13/site-packages/wntr/sim/epanet.py", line 133, in run_sim
    results = self.reader.read(outfile, convergence_error, self._wn.options.hydraulic.headloss=='D-W')
  File "/home/cintradu/miniconda3/envs/resilience_env/lib/python3.13/site-packages/wntr/epanet/io.py", line 2695, in read
    self.save_energy_line(pidx, linknames[pidx-1], energy)
                                ~~~~~~~~~^^^^^^^^
IndexError: list index out of range
2026-05-17 18:40:17,651 [ERROR] (wntr.epanet.toolkit) EPANET error 224 - no tanks or reservoirs in network
2026-05-17 18:40:17,651 [ERROR] (core.simulation) Fatal error in hydraulic simulation
Traceback (most recent call last):
  File "/home/cintradu/IC/ENAU/ENAU-Modelling/src/core/simulation.py", line 25, in run_hydraulic_simulation
    results = sim.run_sim(convergence_error=True)
  File "/home/cintradu/miniconda3/envs/resilience_env/lib/python3.13/site-packages/wntr/sim/epanet.py", line 115, in run_sim
    enData.ENopen(inpfile, rptfile, outfile)
    ~~~~~~~~~~~~~^^^^^^^^^^^^^^^^^^^^^^^^^^^
  File "/home/cintradu/miniconda3/envs/resilience_env/lib/python3.13/site-packages/wntr/epanet/toolkit.py", line 196, in ENopen
    self._error()
    ~~~~~~~~~~~^^
  File "/home/cintradu/miniconda3/envs/resilience_env/lib/python3.13/site-packages/wntr/epanet/toolkit.py", line 159, in _error
    raise EpanetException(self.errcode)
wntr.epanet.exceptions.EpanetException: (Error 224) no tanks or reservoirs in network
2026-05-17 18:40:17,659 [ERROR] (wntr.epanet.toolkit) EPANET error 200 - one or more errors in input file %s
2026-05-17 18:40:17,659 [ERROR] (wntr.epanet.toolkit) EPANET error 200 - one or more errors in input file %s
2026-05-17 18:40:17,660 [ERROR] (wntr.epanet.toolkit) EPANET error 200 - one or more errors in input file %s
2026-05-17 18:40:17,659 [ERROR] (core.simulation) Fatal error in hydraulic simulation
Traceback (most recent call last):
  File "/home/cintradu/IC/ENAU/ENAU-Modelling/src/core/simulation.py", line 25, in run_hydraulic_simulation
    results = sim.run_sim(convergence_error=True)
  File "/home/cintradu/miniconda3/envs/resilience_env/lib/python3.13/site-packages/wntr/sim/epanet.py", line 115, in run_sim
    enData.ENopen(inpfile, rptfile, outfile)
    ~~~~~~~~~~~~~^^^^^^^^^^^^^^^^^^^^^^^^^^^
  File "/home/cintradu/miniconda3/envs/resilience_env/lib/python3.13/site-packages/wntr/epanet/toolkit.py", line 196, in ENopen
    self._error()
    ~~~~~~~~~~~^^
  File "/home/cintradu/miniconda3/envs/resilience_env/lib/python3.13/site-packages/wntr/epanet/toolkit.py", line 159, in _error
    raise EpanetException(self.errcode)
wntr.epanet.exceptions.EpanetException: (Error 200) one or more errors in input file %s
2026-05-17 18:40:17,660 [ERROR] (core.simulation) Fatal error in hydraulic simulation
Traceback (most recent call last):
  File "/home/cintradu/IC/ENAU/ENAU-Modelling/src/core/simulation.py", line 25, in run_hydraulic_simulation
    results = sim.run_sim(convergence_error=True)
  File "/home/cintradu/miniconda3/envs/resilience_env/lib/python3.13/site-packages/wntr/sim/epanet.py", line 115, in run_sim
    enData.ENopen(inpfile, rptfile, outfile)
    ~~~~~~~~~~~~~^^^^^^^^^^^^^^^^^^^^^^^^^^^
  File "/home/cintradu/miniconda3/envs/resilience_env/lib/python3.13/site-packages/wntr/epanet/toolkit.py", line 196, in ENopen
    self._error()
    ~~~~~~~~~~~^^
  File "/home/cintradu/miniconda3/envs/resilience_env/lib/python3.13/site-packages/wntr/epanet/toolkit.py", line 159, in _error
    raise EpanetException(self.errcode)
wntr.epanet.exceptions.EpanetException: (Error 200) one or more errors in input file %s
2026-05-17 18:40:17,660 [ERROR] (core.simulation) Fatal error in hydraulic simulation
Traceback (most recent call last):
  File "/home/cintradu/IC/ENAU/ENAU-Modelling/src/core/simulation.py", line 25, in run_hydraulic_simulation
    results = sim.run_sim(convergence_error=True)
  File "/home/cintradu/miniconda3/envs/resilience_env/lib/python3.13/site-packages/wntr/sim/epanet.py", line 115, in run_sim
    enData.ENopen(inpfile, rptfile, outfile)
    ~~~~~~~~~~~~~^^^^^^^^^^^^^^^^^^^^^^^^^^^
  File "/home/cintradu/miniconda3/envs/resilience_env/lib/python3.13/site-packages/wntr/epanet/toolkit.py", line 196, in ENopen
    self._error()
    ~~~~~~~~~~~^^
  File "/home/cintradu/miniconda3/envs/resilience_env/lib/python3.13/site-packages/wntr/epanet/toolkit.py", line 159, in _error
    raise EpanetException(self.errcode)
wntr.epanet.exceptions.EpanetException: (Error 200) one or more errors in input file %s
2026-05-17 18:40:17,685 [ERROR] (wntr.epanet.toolkit) EPANET error 200 - one or more errors in input file %s
2026-05-17 18:40:17,685 [ERROR] (core.simulation) Fatal error in hydraulic simulation
Traceback (most recent call last):
  File "/home/cintradu/IC/ENAU/ENAU-Modelling/src/core/simulation.py", line 25, in run_hydraulic_simulation
    results = sim.run_sim(convergence_error=True)
  File "/home/cintradu/miniconda3/envs/resilience_env/lib/python3.13/site-packages/wntr/sim/epanet.py", line 115, in run_sim
    enData.ENopen(inpfile, rptfile, outfile)
    ~~~~~~~~~~~~~^^^^^^^^^^^^^^^^^^^^^^^^^^^
  File "/home/cintradu/miniconda3/envs/resilience_env/lib/python3.13/site-packages/wntr/epanet/toolkit.py", line 196, in ENopen
    self._error()
    ~~~~~~~~~~~^^
  File "/home/cintradu/miniconda3/envs/resilience_env/lib/python3.13/site-packages/wntr/epanet/toolkit.py", line 159, in _error
    raise EpanetException(self.errcode)
wntr.epanet.exceptions.EpanetException: (Error 200) one or more errors in input file %s
2026-05-17 18:40:17,690 [ERROR] (core.simulation) Fatal error in hydraulic simulation
Traceback (most recent call last):
  File "/home/cintradu/IC/ENAU/ENAU-Modelling/src/core/simulation.py", line 25, in run_hydraulic_simulation
    results = sim.run_sim(convergence_error=True)
  File "/home/cintradu/miniconda3/envs/resilience_env/lib/python3.13/site-packages/wntr/sim/epanet.py", line 133, in run_sim
    results = self.reader.read(outfile, convergence_error, self._wn.options.hydraulic.headloss=='D-W')
  File "/home/cintradu/miniconda3/envs/resilience_env/lib/python3.13/site-packages/wntr/epanet/io.py", line 2857, in read
    if magic1 != magic2:
       ^^^^^^^^^^^^^^^^
ValueError: The truth value of an empty array is ambiguous. Use `array.size > 0` to check that an array is not empty.
2026-05-17 18:40:17,699 [ERROR] (core.simulation) Fatal error in hydraulic simulation
Traceback (most recent call last):
  File "/home/cintradu/IC/ENAU/ENAU-Modelling/src/core/simulation.py", line 25, in run_hydraulic_simulation
    results = sim.run_sim(convergence_error=True)
  File "/home/cintradu/miniconda3/envs/resilience_env/lib/python3.13/site-packages/wntr/sim/epanet.py", line 133, in run_sim
    results = self.reader.read(outfile, convergence_error, self._wn.options.hydraulic.headloss=='D-W')
  File "/home/cintradu/miniconda3/envs/resilience_env/lib/python3.13/site-packages/wntr/epanet/io.py", line 2857, in read
    if magic1 != magic2:
       ^^^^^^^^^^^^^^^^
ValueError: The truth value of an empty array is ambiguous. Use `array.size > 0` to check that an array is not empty.
2026-05-17 18:40:17,704 [ERROR] (wntr.epanet.toolkit) EPANET error 200 - one or more errors in input file %s
2026-05-17 18:40:17,705 [ERROR] (core.simulation) Fatal error in hydraulic simulation
Traceback (most recent call last):
  File "/home/cintradu/IC/ENAU/ENAU-Modelling/src/core/simulation.py", line 25, in run_hydraulic_simulation
    results = sim.run_sim(convergence_error=True)
  File "/home/cintradu/miniconda3/envs/resilience_env/lib/python3.13/site-packages/wntr/sim/epanet.py", line 115, in run_sim
    enData.ENopen(inpfile, rptfile, outfile)
    ~~~~~~~~~~~~~^^^^^^^^^^^^^^^^^^^^^^^^^^^
  File "/home/cintradu/miniconda3/envs/resilience_env/lib/python3.13/site-packages/wntr/epanet/toolkit.py", line 196, in ENopen
    self._error()
    ~~~~~~~~~~~^^
  File "/home/cintradu/miniconda3/envs/resilience_env/lib/python3.13/site-packages/wntr/epanet/toolkit.py", line 159, in _error
    raise EpanetException(self.errcode)
wntr.epanet.exceptions.EpanetException: (Error 200) one or more errors in input file %s
2026-05-17 18:40:17,708 [ERROR] (wntr.epanet.toolkit) EPANET error 224 - no tanks or reservoirs in network
2026-05-17 18:40:17,708 [ERROR] (wntr.epanet.toolkit) EPANET error 224 - no tanks or reservoirs in network
2026-05-17 18:40:17,708 [ERROR] (core.simulation) Fatal error in hydraulic simulation
Traceback (most recent call last):
  File "/home/cintradu/IC/ENAU/ENAU-Modelling/src/core/simulation.py", line 25, in run_hydraulic_simulation
    results = sim.run_sim(convergence_error=True)
  File "/home/cintradu/miniconda3/envs/resilience_env/lib/python3.13/site-packages/wntr/sim/epanet.py", line 115, in run_sim
    enData.ENopen(inpfile, rptfile, outfile)
    ~~~~~~~~~~~~~^^^^^^^^^^^^^^^^^^^^^^^^^^^
  File "/home/cintradu/miniconda3/envs/resilience_env/lib/python3.13/site-packages/wntr/epanet/toolkit.py", line 196, in ENopen
    self._error()
    ~~~~~~~~~~~^^
  File "/home/cintradu/miniconda3/envs/resilience_env/lib/python3.13/site-packages/wntr/epanet/toolkit.py", line 159, in _error
    raise EpanetException(self.errcode)
wntr.epanet.exceptions.EpanetException: (Error 224) no tanks or reservoirs in network
2026-05-17 18:40:17,709 [ERROR] (core.simulation) Fatal error in hydraulic simulation
Traceback (most recent call last):
  File "/home/cintradu/IC/ENAU/ENAU-Modelling/src/core/simulation.py", line 25, in run_hydraulic_simulation
    results = sim.run_sim(convergence_error=True)
  File "/home/cintradu/miniconda3/envs/resilience_env/lib/python3.13/site-packages/wntr/sim/epanet.py", line 115, in run_sim
    enData.ENopen(inpfile, rptfile, outfile)
    ~~~~~~~~~~~~~^^^^^^^^^^^^^^^^^^^^^^^^^^^
  File "/home/cintradu/miniconda3/envs/resilience_env/lib/python3.13/site-packages/wntr/epanet/toolkit.py", line 196, in ENopen
    self._error()
    ~~~~~~~~~~~^^
  File "/home/cintradu/miniconda3/envs/resilience_env/lib/python3.13/site-packages/wntr/epanet/toolkit.py", line 159, in _error
    raise EpanetException(self.errcode)
wntr.epanet.exceptions.EpanetException: (Error 224) no tanks or reservoirs in network
2026-05-17 18:40:17,716 [ERROR] (core.simulation) Fatal error in hydraulic simulation
Traceback (most recent call last):
  File "/home/cintradu/IC/ENAU/ENAU-Modelling/src/core/simulation.py", line 25, in run_hydraulic_simulation
    results = sim.run_sim(convergence_error=True)
  File "/home/cintradu/miniconda3/envs/resilience_env/lib/python3.13/site-packages/wntr/sim/epanet.py", line 133, in run_sim
    results = self.reader.read(outfile, convergence_error, self._wn.options.hydraulic.headloss=='D-W')
  File "/home/cintradu/miniconda3/envs/resilience_env/lib/python3.13/site-packages/wntr/epanet/io.py", line 2695, in read
    self.save_energy_line(pidx, linknames[pidx-1], energy)
                                ~~~~~~~~~^^^^^^^^
IndexError: list index out of range
2026-05-17 18:40:17,720 [ERROR] (wntr.epanet.toolkit) EPANET error 224 - no tanks or reservoirs in network
2026-05-17 18:40:17,720 [ERROR] (core.simulation) Fatal error in hydraulic simulation
Traceback (most recent call last):
  File "/home/cintradu/IC/ENAU/ENAU-Modelling/src/core/simulation.py", line 25, in run_hydraulic_simulation
    results = sim.run_sim(convergence_error=True)
  File "/home/cintradu/miniconda3/envs/resilience_env/lib/python3.13/site-packages/wntr/sim/epanet.py", line 115, in run_sim
    enData.ENopen(inpfile, rptfile, outfile)
    ~~~~~~~~~~~~~^^^^^^^^^^^^^^^^^^^^^^^^^^^
  File "/home/cintradu/miniconda3/envs/resilience_env/lib/python3.13/site-packages/wntr/epanet/toolkit.py", line 196, in ENopen
    self._error()
    ~~~~~~~~~~~^^
  File "/home/cintradu/miniconda3/envs/resilience_env/lib/python3.13/site-packages/wntr/epanet/toolkit.py", line 159, in _error
    raise EpanetException(self.errcode)
wntr.epanet.exceptions.EpanetException: (Error 224) no tanks or reservoirs in network
2026-05-17 18:40:17,727 [ERROR] (wntr.epanet.toolkit) EPANET error 200 - one or more errors in input file %s
2026-05-17 18:40:17,728 [ERROR] (wntr.epanet.toolkit) EPANET error 200 - one or more errors in input file %s
2026-05-17 18:40:17,727 [ERROR] (core.simulation) Fatal error in hydraulic simulation
Traceback (most recent call last):
  File "/home/cintradu/IC/ENAU/ENAU-Modelling/src/core/simulation.py", line 25, in run_hydraulic_simulation
    results = sim.run_sim(convergence_error=True)
  File "/home/cintradu/miniconda3/envs/resilience_env/lib/python3.13/site-packages/wntr/sim/epanet.py", line 115, in run_sim
    enData.ENopen(inpfile, rptfile, outfile)
    ~~~~~~~~~~~~~^^^^^^^^^^^^^^^^^^^^^^^^^^^
  File "/home/cintradu/miniconda3/envs/resilience_env/lib/python3.13/site-packages/wntr/epanet/toolkit.py", line 196, in ENopen
    self._error()
    ~~~~~~~~~~~^^
  File "/home/cintradu/miniconda3/envs/resilience_env/lib/python3.13/site-packages/wntr/epanet/toolkit.py", line 159, in _error
    raise EpanetException(self.errcode)
wntr.epanet.exceptions.EpanetException: (Error 200) one or more errors in input file %s
2026-05-17 18:40:17,728 [ERROR] (wntr.epanet.toolkit) EPANET error 200 - one or more errors in input file %s
2026-05-17 18:40:17,728 [ERROR] (core.simulation) Fatal error in hydraulic simulation
Traceback (most recent call last):
  File "/home/cintradu/IC/ENAU/ENAU-Modelling/src/core/simulation.py", line 25, in run_hydraulic_simulation
    results = sim.run_sim(convergence_error=True)
  File "/home/cintradu/miniconda3/envs/resilience_env/lib/python3.13/site-packages/wntr/sim/epanet.py", line 115, in run_sim
    enData.ENopen(inpfile, rptfile, outfile)
    ~~~~~~~~~~~~~^^^^^^^^^^^^^^^^^^^^^^^^^^^
  File "/home/cintradu/miniconda3/envs/resilience_env/lib/python3.13/site-packages/wntr/epanet/toolkit.py", line 196, in ENopen
    self._error()
    ~~~~~~~~~~~^^
  File "/home/cintradu/miniconda3/envs/resilience_env/lib/python3.13/site-packages/wntr/epanet/toolkit.py", line 159, in _error
    raise EpanetException(self.errcode)
wntr.epanet.exceptions.EpanetException: (Error 200) one or more errors in input file %s
2026-05-17 18:40:17,729 [ERROR] (core.simulation) Fatal error in hydraulic simulation
Traceback (most recent call last):
  File "/home/cintradu/IC/ENAU/ENAU-Modelling/src/core/simulation.py", line 25, in run_hydraulic_simulation
    results = sim.run_sim(convergence_error=True)
  File "/home/cintradu/miniconda3/envs/resilience_env/lib/python3.13/site-packages/wntr/sim/epanet.py", line 115, in run_sim
    enData.ENopen(inpfile, rptfile, outfile)
    ~~~~~~~~~~~~~^^^^^^^^^^^^^^^^^^^^^^^^^^^
  File "/home/cintradu/miniconda3/envs/resilience_env/lib/python3.13/site-packages/wntr/epanet/toolkit.py", line 196, in ENopen
    self._error()
    ~~~~~~~~~~~^^
  File "/home/cintradu/miniconda3/envs/resilience_env/lib/python3.13/site-packages/wntr/epanet/toolkit.py", line 159, in _error
    raise EpanetException(self.errcode)
wntr.epanet.exceptions.EpanetException: (Error 200) one or more errors in input file %s
2026-05-17 18:40:17,740 [ERROR] (wntr.epanet.toolkit) EPANET error 200 - one or more errors in input file %s
2026-05-17 18:40:17,741 [ERROR] (core.simulation) Fatal error in hydraulic simulation
Traceback (most recent call last):
  File "/home/cintradu/IC/ENAU/ENAU-Modelling/src/core/simulation.py", line 25, in run_hydraulic_simulation
    results = sim.run_sim(convergence_error=True)
  File "/home/cintradu/miniconda3/envs/resilience_env/lib/python3.13/site-packages/wntr/sim/epanet.py", line 115, in run_sim
    enData.ENopen(inpfile, rptfile, outfile)
    ~~~~~~~~~~~~~^^^^^^^^^^^^^^^^^^^^^^^^^^^
  File "/home/cintradu/miniconda3/envs/resilience_env/lib/python3.13/site-packages/wntr/epanet/toolkit.py", line 196, in ENopen
    self._error()
    ~~~~~~~~~~~^^
  File "/home/cintradu/miniconda3/envs/resilience_env/lib/python3.13/site-packages/wntr/epanet/toolkit.py", line 159, in _error
    raise EpanetException(self.errcode)
wntr.epanet.exceptions.EpanetException: (Error 200) one or more errors in input file %s
2026-05-17 18:40:17,751 [ERROR] (wntr.epanet.toolkit) EPANET error 200 - one or more errors in input file %s
2026-05-17 18:40:17,751 [ERROR] (core.simulation) Fatal error in hydraulic simulation
Traceback (most recent call last):
  File "/home/cintradu/IC/ENAU/ENAU-Modelling/src/core/simulation.py", line 25, in run_hydraulic_simulation
    results = sim.run_sim(convergence_error=True)
  File "/home/cintradu/miniconda3/envs/resilience_env/lib/python3.13/site-packages/wntr/sim/epanet.py", line 115, in run_sim
    enData.ENopen(inpfile, rptfile, outfile)
    ~~~~~~~~~~~~~^^^^^^^^^^^^^^^^^^^^^^^^^^^
  File "/home/cintradu/miniconda3/envs/resilience_env/lib/python3.13/site-packages/wntr/epanet/toolkit.py", line 196, in ENopen
    self._error()
    ~~~~~~~~~~~^^
  File "/home/cintradu/miniconda3/envs/resilience_env/lib/python3.13/site-packages/wntr/epanet/toolkit.py", line 159, in _error
    raise EpanetException(self.errcode)
wntr.epanet.exceptions.EpanetException: (Error 200) one or more errors in input file %s
2026-05-17 18:40:17,753 [ERROR] (wntr.epanet.toolkit) EPANET error 200 - one or more errors in input file %s
2026-05-17 18:40:17,753 [ERROR] (core.simulation) Fatal error in hydraulic simulation
Traceback (most recent call last):
  File "/home/cintradu/IC/ENAU/ENAU-Modelling/src/core/simulation.py", line 25, in run_hydraulic_simulation
    results = sim.run_sim(convergence_error=True)
  File "/home/cintradu/miniconda3/envs/resilience_env/lib/python3.13/site-packages/wntr/sim/epanet.py", line 115, in run_sim
    enData.ENopen(inpfile, rptfile, outfile)
    ~~~~~~~~~~~~~^^^^^^^^^^^^^^^^^^^^^^^^^^^
  File "/home/cintradu/miniconda3/envs/resilience_env/lib/python3.13/site-packages/wntr/epanet/toolkit.py", line 196, in ENopen
    self._error()
    ~~~~~~~~~~~^^
  File "/home/cintradu/miniconda3/envs/resilience_env/lib/python3.13/site-packages/wntr/epanet/toolkit.py", line 159, in _error
    raise EpanetException(self.errcode)
wntr.epanet.exceptions.EpanetException: (Error 200) one or more errors in input file %s
2026-05-17 18:40:17,757 [ERROR] (wntr.epanet.toolkit) EPANET error 224 - no tanks or reservoirs in network
2026-05-17 18:40:17,757 [ERROR] (wntr.epanet.toolkit) EPANET error 223 - not enough nodes in network
2026-05-17 18:40:17,757 [ERROR] (core.simulation) Fatal error in hydraulic simulation
Traceback (most recent call last):
  File "/home/cintradu/IC/ENAU/ENAU-Modelling/src/core/simulation.py", line 25, in run_hydraulic_simulation
    results = sim.run_sim(convergence_error=True)
  File "/home/cintradu/miniconda3/envs/resilience_env/lib/python3.13/site-packages/wntr/sim/epanet.py", line 115, in run_sim
    enData.ENopen(inpfile, rptfile, outfile)
    ~~~~~~~~~~~~~^^^^^^^^^^^^^^^^^^^^^^^^^^^
  File "/home/cintradu/miniconda3/envs/resilience_env/lib/python3.13/site-packages/wntr/epanet/toolkit.py", line 196, in ENopen
    self._error()
    ~~~~~~~~~~~^^
  File "/home/cintradu/miniconda3/envs/resilience_env/lib/python3.13/site-packages/wntr/epanet/toolkit.py", line 159, in _error
    raise EpanetException(self.errcode)
wntr.epanet.exceptions.EpanetException: (Error 224) no tanks or reservoirs in network
2026-05-17 18:40:17,759 [ERROR] (wntr.epanet.toolkit) EPANET error 223 - not enough nodes in network
2026-05-17 18:40:17,757 [ERROR] (core.simulation) Fatal error in hydraulic simulation
Traceback (most recent call last):
  File "/home/cintradu/IC/ENAU/ENAU-Modelling/src/core/simulation.py", line 25, in run_hydraulic_simulation
    results = sim.run_sim(convergence_error=True)
  File "/home/cintradu/miniconda3/envs/resilience_env/lib/python3.13/site-packages/wntr/sim/epanet.py", line 115, in run_sim
    enData.ENopen(inpfile, rptfile, outfile)
    ~~~~~~~~~~~~~^^^^^^^^^^^^^^^^^^^^^^^^^^^
  File "/home/cintradu/miniconda3/envs/resilience_env/lib/python3.13/site-packages/wntr/epanet/toolkit.py", line 196, in ENopen
    self._error()
    ~~~~~~~~~~~^^
  File "/home/cintradu/miniconda3/envs/resilience_env/lib/python3.13/site-packages/wntr/epanet/toolkit.py", line 159, in _error
    raise EpanetException(self.errcode)
wntr.epanet.exceptions.EpanetException: (Error 223) not enough nodes in network
2026-05-17 18:40:17,759 [ERROR] (core.simulation) Fatal error in hydraulic simulation
Traceback (most recent call last):
  File "/home/cintradu/IC/ENAU/ENAU-Modelling/src/core/simulation.py", line 25, in run_hydraulic_simulation
    results = sim.run_sim(convergence_error=True)
  File "/home/cintradu/miniconda3/envs/resilience_env/lib/python3.13/site-packages/wntr/sim/epanet.py", line 115, in run_sim
    enData.ENopen(inpfile, rptfile, outfile)
    ~~~~~~~~~~~~~^^^^^^^^^^^^^^^^^^^^^^^^^^^
  File "/home/cintradu/miniconda3/envs/resilience_env/lib/python3.13/site-packages/wntr/epanet/toolkit.py", line 196, in ENopen
    self._error()
    ~~~~~~~~~~~^^
  File "/home/cintradu/miniconda3/envs/resilience_env/lib/python3.13/site-packages/wntr/epanet/toolkit.py", line 159, in _error
    raise EpanetException(self.errcode)
wntr.epanet.exceptions.EpanetException: (Error 223) not enough nodes in network
2026-05-17 18:40:17,769 [ERROR] (wntr.epanet.toolkit) EPANET error 200 - one or more errors in input file %s
2026-05-17 18:40:17,769 [ERROR] (core.simulation) Fatal error in hydraulic simulation
Traceback (most recent call last):
  File "/home/cintradu/IC/ENAU/ENAU-Modelling/src/core/simulation.py", line 25, in run_hydraulic_simulation
    results = sim.run_sim(convergence_error=True)
  File "/home/cintradu/miniconda3/envs/resilience_env/lib/python3.13/site-packages/wntr/sim/epanet.py", line 115, in run_sim
    enData.ENopen(inpfile, rptfile, outfile)
    ~~~~~~~~~~~~~^^^^^^^^^^^^^^^^^^^^^^^^^^^
  File "/home/cintradu/miniconda3/envs/resilience_env/lib/python3.13/site-packages/wntr/epanet/toolkit.py", line 196, in ENopen
    self._error()
    ~~~~~~~~~~~^^
  File "/home/cintradu/miniconda3/envs/resilience_env/lib/python3.13/site-packages/wntr/epanet/toolkit.py", line 159, in _error
    raise EpanetException(self.errcode)
wntr.epanet.exceptions.EpanetException: (Error 200) one or more errors in input file %s
2026-05-17 18:40:17,774 [ERROR] (wntr.epanet.toolkit) EPANET error 200 - one or more errors in input file %s
2026-05-17 18:40:17,775 [ERROR] (wntr.epanet.toolkit) EPANET error 200 - one or more errors in input file %s
2026-05-17 18:40:17,774 [ERROR] (core.simulation) Fatal error in hydraulic simulation
Traceback (most recent call last):
  File "/home/cintradu/IC/ENAU/ENAU-Modelling/src/core/simulation.py", line 25, in run_hydraulic_simulation
    results = sim.run_sim(convergence_error=True)
  File "/home/cintradu/miniconda3/envs/resilience_env/lib/python3.13/site-packages/wntr/sim/epanet.py", line 115, in run_sim
    enData.ENopen(inpfile, rptfile, outfile)
    ~~~~~~~~~~~~~^^^^^^^^^^^^^^^^^^^^^^^^^^^
  File "/home/cintradu/miniconda3/envs/resilience_env/lib/python3.13/site-packages/wntr/epanet/toolkit.py", line 196, in ENopen
    self._error()
    ~~~~~~~~~~~^^
  File "/home/cintradu/miniconda3/envs/resilience_env/lib/python3.13/site-packages/wntr/epanet/toolkit.py", line 159, in _error
    raise EpanetException(self.errcode)
wntr.epanet.exceptions.EpanetException: (Error 200) one or more errors in input file %s
2026-05-17 18:40:17,775 [ERROR] (core.simulation) Fatal error in hydraulic simulation
Traceback (most recent call last):
  File "/home/cintradu/IC/ENAU/ENAU-Modelling/src/core/simulation.py", line 25, in run_hydraulic_simulation
    results = sim.run_sim(convergence_error=True)
  File "/home/cintradu/miniconda3/envs/resilience_env/lib/python3.13/site-packages/wntr/sim/epanet.py", line 115, in run_sim
    enData.ENopen(inpfile, rptfile, outfile)
    ~~~~~~~~~~~~~^^^^^^^^^^^^^^^^^^^^^^^^^^^
  File "/home/cintradu/miniconda3/envs/resilience_env/lib/python3.13/site-packages/wntr/epanet/toolkit.py", line 196, in ENopen
    self._error()
    ~~~~~~~~~~~^^
  File "/home/cintradu/miniconda3/envs/resilience_env/lib/python3.13/site-packages/wntr/epanet/toolkit.py", line 159, in _error
    raise EpanetException(self.errcode)
wntr.epanet.exceptions.EpanetException: (Error 200) one or more errors in input file %s
2026-05-17 18:40:17,779 [ERROR] (wntr.epanet.toolkit) EPANET error 224 - no tanks or reservoirs in network
2026-05-17 18:40:17,779 [ERROR] (core.simulation) Fatal error in hydraulic simulation
Traceback (most recent call last):
  File "/home/cintradu/IC/ENAU/ENAU-Modelling/src/core/simulation.py", line 25, in run_hydraulic_simulation
    results = sim.run_sim(convergence_error=True)
  File "/home/cintradu/miniconda3/envs/resilience_env/lib/python3.13/site-packages/wntr/sim/epanet.py", line 115, in run_sim
    enData.ENopen(inpfile, rptfile, outfile)
    ~~~~~~~~~~~~~^^^^^^^^^^^^^^^^^^^^^^^^^^^
  File "/home/cintradu/miniconda3/envs/resilience_env/lib/python3.13/site-packages/wntr/epanet/toolkit.py", line 196, in ENopen
    self._error()
    ~~~~~~~~~~~^^
  File "/home/cintradu/miniconda3/envs/resilience_env/lib/python3.13/site-packages/wntr/epanet/toolkit.py", line 159, in _error
    raise EpanetException(self.errcode)
wntr.epanet.exceptions.EpanetException: (Error 224) no tanks or reservoirs in network
2026-05-17 18:40:17,781 [ERROR] (wntr.epanet.toolkit) EPANET error 200 - one or more errors in input file %s
2026-05-17 18:40:17,782 [ERROR] (core.simulation) Fatal error in hydraulic simulation
Traceback (most recent call last):
  File "/home/cintradu/IC/ENAU/ENAU-Modelling/src/core/simulation.py", line 25, in run_hydraulic_simulation
    results = sim.run_sim(convergence_error=True)
  File "/home/cintradu/miniconda3/envs/resilience_env/lib/python3.13/site-packages/wntr/sim/epanet.py", line 115, in run_sim
    enData.ENopen(inpfile, rptfile, outfile)
    ~~~~~~~~~~~~~^^^^^^^^^^^^^^^^^^^^^^^^^^^
  File "/home/cintradu/miniconda3/envs/resilience_env/lib/python3.13/site-packages/wntr/epanet/toolkit.py", line 196, in ENopen
    self._error()
    ~~~~~~~~~~~^^
  File "/home/cintradu/miniconda3/envs/resilience_env/lib/python3.13/site-packages/wntr/epanet/toolkit.py", line 159, in _error
    raise EpanetException(self.errcode)
wntr.epanet.exceptions.EpanetException: (Error 200) one or more errors in input file %s
2026-05-17 18:40:17,785 [ERROR] (wntr.epanet.toolkit) EPANET error 224 - no tanks or reservoirs in network
2026-05-17 18:40:17,785 [ERROR] (wntr.epanet.toolkit) EPANET error 224 - no tanks or reservoirs in network
2026-05-17 18:40:17,785 [ERROR] (core.simulation) Fatal error in hydraulic simulation
Traceback (most recent call last):
  File "/home/cintradu/IC/ENAU/ENAU-Modelling/src/core/simulation.py", line 25, in run_hydraulic_simulation
    results = sim.run_sim(convergence_error=True)
  File "/home/cintradu/miniconda3/envs/resilience_env/lib/python3.13/site-packages/wntr/sim/epanet.py", line 115, in run_sim
    enData.ENopen(inpfile, rptfile, outfile)
    ~~~~~~~~~~~~~^^^^^^^^^^^^^^^^^^^^^^^^^^^
  File "/home/cintradu/miniconda3/envs/resilience_env/lib/python3.13/site-packages/wntr/epanet/toolkit.py", line 196, in ENopen
    self._error()
    ~~~~~~~~~~~^^
  File "/home/cintradu/miniconda3/envs/resilience_env/lib/python3.13/site-packages/wntr/epanet/toolkit.py", line 159, in _error
    raise EpanetException(self.errcode)
wntr.epanet.exceptions.EpanetException: (Error 224) no tanks or reservoirs in network
2026-05-17 18:40:17,785 [ERROR] (core.simulation) Fatal error in hydraulic simulation
Traceback (most recent call last):
  File "/home/cintradu/IC/ENAU/ENAU-Modelling/src/core/simulation.py", line 25, in run_hydraulic_simulation
    results = sim.run_sim(convergence_error=True)
  File "/home/cintradu/miniconda3/envs/resilience_env/lib/python3.13/site-packages/wntr/sim/epanet.py", line 115, in run_sim
    enData.ENopen(inpfile, rptfile, outfile)
    ~~~~~~~~~~~~~^^^^^^^^^^^^^^^^^^^^^^^^^^^
  File "/home/cintradu/miniconda3/envs/resilience_env/lib/python3.13/site-packages/wntr/epanet/toolkit.py", line 196, in ENopen
    self._error()
    ~~~~~~~~~~~^^
  File "/home/cintradu/miniconda3/envs/resilience_env/lib/python3.13/site-packages/wntr/epanet/toolkit.py", line 159, in _error
    raise EpanetException(self.errcode)
wntr.epanet.exceptions.EpanetException: (Error 224) no tanks or reservoirs in network
2026-05-17 18:40:17,790 [ERROR] (wntr.epanet.toolkit) EPANET error 200 - one or more errors in input file %s
2026-05-17 18:40:17,790 [ERROR] (core.simulation) Fatal error in hydraulic simulation
Traceback (most recent call last):
  File "/home/cintradu/IC/ENAU/ENAU-Modelling/src/core/simulation.py", line 25, in run_hydraulic_simulation
    results = sim.run_sim(convergence_error=True)
  File "/home/cintradu/miniconda3/envs/resilience_env/lib/python3.13/site-packages/wntr/sim/epanet.py", line 115, in run_sim
    enData.ENopen(inpfile, rptfile, outfile)
    ~~~~~~~~~~~~~^^^^^^^^^^^^^^^^^^^^^^^^^^^
  File "/home/cintradu/miniconda3/envs/resilience_env/lib/python3.13/site-packages/wntr/epanet/toolkit.py", line 196, in ENopen
    self._error()
    ~~~~~~~~~~~^^
  File "/home/cintradu/miniconda3/envs/resilience_env/lib/python3.13/site-packages/wntr/epanet/toolkit.py", line 159, in _error
    raise EpanetException(self.errcode)
wntr.epanet.exceptions.EpanetException: (Error 200) one or more errors in input file %s
2026-05-17 18:40:17,792 [ERROR] (wntr.epanet.toolkit) EPANET error 200 - one or more errors in input file %s
2026-05-17 18:40:17,792 [ERROR] (core.simulation) Fatal error in hydraulic simulation
Traceback (most recent call last):
  File "/home/cintradu/IC/ENAU/ENAU-Modelling/src/core/simulation.py", line 25, in run_hydraulic_simulation
    results = sim.run_sim(convergence_error=True)
  File "/home/cintradu/miniconda3/envs/resilience_env/lib/python3.13/site-packages/wntr/sim/epanet.py", line 115, in run_sim
    enData.ENopen(inpfile, rptfile, outfile)
    ~~~~~~~~~~~~~^^^^^^^^^^^^^^^^^^^^^^^^^^^
  File "/home/cintradu/miniconda3/envs/resilience_env/lib/python3.13/site-packages/wntr/epanet/toolkit.py", line 196, in ENopen
    self._error()
    ~~~~~~~~~~~^^
  File "/home/cintradu/miniconda3/envs/resilience_env/lib/python3.13/site-packages/wntr/epanet/toolkit.py", line 159, in _error
    raise EpanetException(self.errcode)
wntr.epanet.exceptions.EpanetException: (Error 200) one or more errors in input file %s
2026-05-17 18:40:17,794 [ERROR] (wntr.epanet.toolkit) EPANET error 223 - not enough nodes in network
2026-05-17 18:40:17,794 [ERROR] (core.simulation) Fatal error in hydraulic simulation
Traceback (most recent call last):
  File "/home/cintradu/IC/ENAU/ENAU-Modelling/src/core/simulation.py", line 25, in run_hydraulic_simulation
    results = sim.run_sim(convergence_error=True)
  File "/home/cintradu/miniconda3/envs/resilience_env/lib/python3.13/site-packages/wntr/sim/epanet.py", line 115, in run_sim
    enData.ENopen(inpfile, rptfile, outfile)
    ~~~~~~~~~~~~~^^^^^^^^^^^^^^^^^^^^^^^^^^^
  File "/home/cintradu/miniconda3/envs/resilience_env/lib/python3.13/site-packages/wntr/epanet/toolkit.py", line 196, in ENopen
    self._error()
    ~~~~~~~~~~~^^
  File "/home/cintradu/miniconda3/envs/resilience_env/lib/python3.13/site-packages/wntr/epanet/toolkit.py", line 159, in _error
    raise EpanetException(self.errcode)
wntr.epanet.exceptions.EpanetException: (Error 223) not enough nodes in network
2026-05-17 18:40:17,797 [ERROR] (wntr.epanet.toolkit) EPANET error 224 - no tanks or reservoirs in network
2026-05-17 18:40:17,797 [ERROR] (wntr.epanet.toolkit) EPANET error 224 - no tanks or reservoirs in network
2026-05-17 18:40:17,797 [ERROR] (core.simulation) Fatal error in hydraulic simulation
Traceback (most recent call last):
  File "/home/cintradu/IC/ENAU/ENAU-Modelling/src/core/simulation.py", line 25, in run_hydraulic_simulation
    results = sim.run_sim(convergence_error=True)
  File "/home/cintradu/miniconda3/envs/resilience_env/lib/python3.13/site-packages/wntr/sim/epanet.py", line 115, in run_sim
    enData.ENopen(inpfile, rptfile, outfile)
    ~~~~~~~~~~~~~^^^^^^^^^^^^^^^^^^^^^^^^^^^
  File "/home/cintradu/miniconda3/envs/resilience_env/lib/python3.13/site-packages/wntr/epanet/toolkit.py", line 196, in ENopen
    self._error()
    ~~~~~~~~~~~^^
  File "/home/cintradu/miniconda3/envs/resilience_env/lib/python3.13/site-packages/wntr/epanet/toolkit.py", line 159, in _error
    raise EpanetException(self.errcode)
wntr.epanet.exceptions.EpanetException: (Error 224) no tanks or reservoirs in network
2026-05-17 18:40:17,797 [ERROR] (core.simulation) Fatal error in hydraulic simulation
Traceback (most recent call last):
  File "/home/cintradu/IC/ENAU/ENAU-Modelling/src/core/simulation.py", line 25, in run_hydraulic_simulation
    results = sim.run_sim(convergence_error=True)
  File "/home/cintradu/miniconda3/envs/resilience_env/lib/python3.13/site-packages/wntr/sim/epanet.py", line 115, in run_sim
    enData.ENopen(inpfile, rptfile, outfile)
    ~~~~~~~~~~~~~^^^^^^^^^^^^^^^^^^^^^^^^^^^
  File "/home/cintradu/miniconda3/envs/resilience_env/lib/python3.13/site-packages/wntr/epanet/toolkit.py", line 196, in ENopen
    self._error()
    ~~~~~~~~~~~^^
  File "/home/cintradu/miniconda3/envs/resilience_env/lib/python3.13/site-packages/wntr/epanet/toolkit.py", line 159, in _error
    raise EpanetException(self.errcode)
wntr.epanet.exceptions.EpanetException: (Error 224) no tanks or reservoirs in network
2026-05-17 18:40:17,805 [ERROR] (wntr.epanet.toolkit) EPANET error 200 - one or more errors in input file %s
2026-05-17 18:40:17,805 [ERROR] (core.simulation) Fatal error in hydraulic simulation
Traceback (most recent call last):
  File "/home/cintradu/IC/ENAU/ENAU-Modelling/src/core/simulation.py", line 25, in run_hydraulic_simulation
    results = sim.run_sim(convergence_error=True)
  File "/home/cintradu/miniconda3/envs/resilience_env/lib/python3.13/site-packages/wntr/sim/epanet.py", line 115, in run_sim
    enData.ENopen(inpfile, rptfile, outfile)
    ~~~~~~~~~~~~~^^^^^^^^^^^^^^^^^^^^^^^^^^^
  File "/home/cintradu/miniconda3/envs/resilience_env/lib/python3.13/site-packages/wntr/epanet/toolkit.py", line 196, in ENopen
    self._error()
    ~~~~~~~~~~~^^
  File "/home/cintradu/miniconda3/envs/resilience_env/lib/python3.13/site-packages/wntr/epanet/toolkit.py", line 159, in _error
    raise EpanetException(self.errcode)
wntr.epanet.exceptions.EpanetException: (Error 200) one or more errors in input file %s
2026-05-17 18:40:17,806 [ERROR] (wntr.epanet.toolkit) EPANET error 200 - one or more errors in input file %s
2026-05-17 18:40:17,807 [ERROR] (core.simulation) Fatal error in hydraulic simulation
Traceback (most recent call last):
  File "/home/cintradu/IC/ENAU/ENAU-Modelling/src/core/simulation.py", line 25, in run_hydraulic_simulation
    results = sim.run_sim(convergence_error=True)
  File "/home/cintradu/miniconda3/envs/resilience_env/lib/python3.13/site-packages/wntr/sim/epanet.py", line 115, in run_sim
    enData.ENopen(inpfile, rptfile, outfile)
    ~~~~~~~~~~~~~^^^^^^^^^^^^^^^^^^^^^^^^^^^
  File "/home/cintradu/miniconda3/envs/resilience_env/lib/python3.13/site-packages/wntr/epanet/toolkit.py", line 196, in ENopen
    self._error()
    ~~~~~~~~~~~^^
  File "/home/cintradu/miniconda3/envs/resilience_env/lib/python3.13/site-packages/wntr/epanet/toolkit.py", line 159, in _error
    raise EpanetException(self.errcode)
wntr.epanet.exceptions.EpanetException: (Error 200) one or more errors in input file %s
2026-05-17 18:40:17,809 [ERROR] (wntr.epanet.toolkit) EPANET error 224 - no tanks or reservoirs in network
2026-05-17 18:40:17,810 [ERROR] (wntr.epanet.toolkit) EPANET error 224 - no tanks or reservoirs in network
2026-05-17 18:40:17,809 [ERROR] (core.simulation) Fatal error in hydraulic simulation
Traceback (most recent call last):
  File "/home/cintradu/IC/ENAU/ENAU-Modelling/src/core/simulation.py", line 25, in run_hydraulic_simulation
    results = sim.run_sim(convergence_error=True)
  File "/home/cintradu/miniconda3/envs/resilience_env/lib/python3.13/site-packages/wntr/sim/epanet.py", line 115, in run_sim
    enData.ENopen(inpfile, rptfile, outfile)
    ~~~~~~~~~~~~~^^^^^^^^^^^^^^^^^^^^^^^^^^^
  File "/home/cintradu/miniconda3/envs/resilience_env/lib/python3.13/site-packages/wntr/epanet/toolkit.py", line 196, in ENopen
    self._error()
    ~~~~~~~~~~~^^
  File "/home/cintradu/miniconda3/envs/resilience_env/lib/python3.13/site-packages/wntr/epanet/toolkit.py", line 159, in _error
    raise EpanetException(self.errcode)
wntr.epanet.exceptions.EpanetException: (Error 224) no tanks or reservoirs in network
2026-05-17 18:40:17,810 [ERROR] (core.simulation) Fatal error in hydraulic simulation
Traceback (most recent call last):
  File "/home/cintradu/IC/ENAU/ENAU-Modelling/src/core/simulation.py", line 25, in run_hydraulic_simulation
    results = sim.run_sim(convergence_error=True)
  File "/home/cintradu/miniconda3/envs/resilience_env/lib/python3.13/site-packages/wntr/sim/epanet.py", line 115, in run_sim
    enData.ENopen(inpfile, rptfile, outfile)
    ~~~~~~~~~~~~~^^^^^^^^^^^^^^^^^^^^^^^^^^^
  File "/home/cintradu/miniconda3/envs/resilience_env/lib/python3.13/site-packages/wntr/epanet/toolkit.py", line 196, in ENopen
    self._error()
    ~~~~~~~~~~~^^
  File "/home/cintradu/miniconda3/envs/resilience_env/lib/python3.13/site-packages/wntr/epanet/toolkit.py", line 159, in _error
    raise EpanetException(self.errcode)
wntr.epanet.exceptions.EpanetException: (Error 224) no tanks or reservoirs in network
2026-05-17 18:40:17,818 [ERROR] (wntr.epanet.toolkit) EPANET error 200 - one or more errors in input file %s
2026-05-17 18:40:17,819 [ERROR] (core.simulation) Fatal error in hydraulic simulation
Traceback (most recent call last):
  File "/home/cintradu/IC/ENAU/ENAU-Modelling/src/core/simulation.py", line 25, in run_hydraulic_simulation
    results = sim.run_sim(convergence_error=True)
  File "/home/cintradu/miniconda3/envs/resilience_env/lib/python3.13/site-packages/wntr/sim/epanet.py", line 115, in run_sim
    enData.ENopen(inpfile, rptfile, outfile)
    ~~~~~~~~~~~~~^^^^^^^^^^^^^^^^^^^^^^^^^^^
  File "/home/cintradu/miniconda3/envs/resilience_env/lib/python3.13/site-packages/wntr/epanet/toolkit.py", line 196, in ENopen
    self._error()
    ~~~~~~~~~~~^^
  File "/home/cintradu/miniconda3/envs/resilience_env/lib/python3.13/site-packages/wntr/epanet/toolkit.py", line 159, in _error
    raise EpanetException(self.errcode)
wntr.epanet.exceptions.EpanetException: (Error 200) one or more errors in input file %s
2026-05-17 18:40:17,819 [ERROR] (wntr.epanet.toolkit) EPANET error 200 - one or more errors in input file %s
2026-05-17 18:40:17,821 [ERROR] (wntr.epanet.toolkit) EPANET error 200 - one or more errors in input file %s
2026-05-17 18:40:17,821 [ERROR] (core.simulation) Fatal error in hydraulic simulation
Traceback (most recent call last):
  File "/home/cintradu/IC/ENAU/ENAU-Modelling/src/core/simulation.py", line 25, in run_hydraulic_simulation
    results = sim.run_sim(convergence_error=True)
  File "/home/cintradu/miniconda3/envs/resilience_env/lib/python3.13/site-packages/wntr/sim/epanet.py", line 115, in run_sim
    enData.ENopen(inpfile, rptfile, outfile)
    ~~~~~~~~~~~~~^^^^^^^^^^^^^^^^^^^^^^^^^^^
  File "/home/cintradu/miniconda3/envs/resilience_env/lib/python3.13/site-packages/wntr/epanet/toolkit.py", line 196, in ENopen
    self._error()
    ~~~~~~~~~~~^^
  File "/home/cintradu/miniconda3/envs/resilience_env/lib/python3.13/site-packages/wntr/epanet/toolkit.py", line 159, in _error
    raise EpanetException(self.errcode)
wntr.epanet.exceptions.EpanetException: (Error 200) one or more errors in input file %s
2026-05-17 18:40:17,823 [ERROR] (wntr.epanet.toolkit) EPANET error 224 - no tanks or reservoirs in network
2026-05-17 18:40:17,823 [ERROR] (wntr.epanet.toolkit) EPANET error 223 - not enough nodes in network
2026-05-17 18:40:17,821 [ERROR] (core.simulation) Fatal error in hydraulic simulation
Traceback (most recent call last):
  File "/home/cintradu/IC/ENAU/ENAU-Modelling/src/core/simulation.py", line 25, in run_hydraulic_simulation
    results = sim.run_sim(convergence_error=True)
  File "/home/cintradu/miniconda3/envs/resilience_env/lib/python3.13/site-packages/wntr/sim/epanet.py", line 115, in run_sim
    enData.ENopen(inpfile, rptfile, outfile)
    ~~~~~~~~~~~~~^^^^^^^^^^^^^^^^^^^^^^^^^^^
  File "/home/cintradu/miniconda3/envs/resilience_env/lib/python3.13/site-packages/wntr/epanet/toolkit.py", line 196, in ENopen
    self._error()
    ~~~~~~~~~~~^^
  File "/home/cintradu/miniconda3/envs/resilience_env/lib/python3.13/site-packages/wntr/epanet/toolkit.py", line 159, in _error
    raise EpanetException(self.errcode)
wntr.epanet.exceptions.EpanetException: (Error 200) one or more errors in input file %s
2026-05-17 18:40:17,823 [ERROR] (core.simulation) Fatal error in hydraulic simulation
Traceback (most recent call last):
  File "/home/cintradu/IC/ENAU/ENAU-Modelling/src/core/simulation.py", line 25, in run_hydraulic_simulation
    results = sim.run_sim(convergence_error=True)
  File "/home/cintradu/miniconda3/envs/resilience_env/lib/python3.13/site-packages/wntr/sim/epanet.py", line 115, in run_sim
    enData.ENopen(inpfile, rptfile, outfile)
    ~~~~~~~~~~~~~^^^^^^^^^^^^^^^^^^^^^^^^^^^
  File "/home/cintradu/miniconda3/envs/resilience_env/lib/python3.13/site-packages/wntr/epanet/toolkit.py", line 196, in ENopen
    self._error()
    ~~~~~~~~~~~^^
  File "/home/cintradu/miniconda3/envs/resilience_env/lib/python3.13/site-packages/wntr/epanet/toolkit.py", line 159, in _error
    raise EpanetException(self.errcode)
wntr.epanet.exceptions.EpanetException: (Error 224) no tanks or reservoirs in network
2026-05-17 18:40:17,823 [ERROR] (core.simulation) Fatal error in hydraulic simulation
Traceback (most recent call last):
  File "/home/cintradu/IC/ENAU/ENAU-Modelling/src/core/simulation.py", line 25, in run_hydraulic_simulation
    results = sim.run_sim(convergence_error=True)
  File "/home/cintradu/miniconda3/envs/resilience_env/lib/python3.13/site-packages/wntr/sim/epanet.py", line 115, in run_sim
    enData.ENopen(inpfile, rptfile, outfile)
    ~~~~~~~~~~~~~^^^^^^^^^^^^^^^^^^^^^^^^^^^
  File "/home/cintradu/miniconda3/envs/resilience_env/lib/python3.13/site-packages/wntr/epanet/toolkit.py", line 196, in ENopen
    self._error()
    ~~~~~~~~~~~^^
  File "/home/cintradu/miniconda3/envs/resilience_env/lib/python3.13/site-packages/wntr/epanet/toolkit.py", line 159, in _error
    raise EpanetException(self.errcode)
wntr.epanet.exceptions.EpanetException: (Error 223) not enough nodes in network
2026-05-17 18:40:17,825 [ERROR] (wntr.epanet.toolkit) EPANET error 224 - no tanks or reservoirs in network
2026-05-17 18:40:17,825 [ERROR] (wntr.epanet.toolkit) EPANET error 224 - no tanks or reservoirs in network
2026-05-17 18:40:17,825 [ERROR] (core.simulation) Fatal error in hydraulic simulation
Traceback (most recent call last):
  File "/home/cintradu/IC/ENAU/ENAU-Modelling/src/core/simulation.py", line 25, in run_hydraulic_simulation
    results = sim.run_sim(convergence_error=True)
  File "/home/cintradu/miniconda3/envs/resilience_env/lib/python3.13/site-packages/wntr/sim/epanet.py", line 115, in run_sim
    enData.ENopen(inpfile, rptfile, outfile)
    ~~~~~~~~~~~~~^^^^^^^^^^^^^^^^^^^^^^^^^^^
  File "/home/cintradu/miniconda3/envs/resilience_env/lib/python3.13/site-packages/wntr/epanet/toolkit.py", line 196, in ENopen
    self._error()
    ~~~~~~~~~~~^^
  File "/home/cintradu/miniconda3/envs/resilience_env/lib/python3.13/site-packages/wntr/epanet/toolkit.py", line 159, in _error
    raise EpanetException(self.errcode)
wntr.epanet.exceptions.EpanetException: (Error 224) no tanks or reservoirs in network
2026-05-17 18:40:17,826 [ERROR] (wntr.epanet.toolkit) EPANET error 224 - no tanks or reservoirs in network
2026-05-17 18:40:17,825 [ERROR] (core.simulation) Fatal error in hydraulic simulation
Traceback (most recent call last):
  File "/home/cintradu/IC/ENAU/ENAU-Modelling/src/core/simulation.py", line 25, in run_hydraulic_simulation
    results = sim.run_sim(convergence_error=True)
  File "/home/cintradu/miniconda3/envs/resilience_env/lib/python3.13/site-packages/wntr/sim/epanet.py", line 115, in run_sim
    enData.ENopen(inpfile, rptfile, outfile)
    ~~~~~~~~~~~~~^^^^^^^^^^^^^^^^^^^^^^^^^^^
  File "/home/cintradu/miniconda3/envs/resilience_env/lib/python3.13/site-packages/wntr/epanet/toolkit.py", line 196, in ENopen
    self._error()
    ~~~~~~~~~~~^^
  File "/home/cintradu/miniconda3/envs/resilience_env/lib/python3.13/site-packages/wntr/epanet/toolkit.py", line 159, in _error
    raise EpanetException(self.errcode)
wntr.epanet.exceptions.EpanetException: (Error 224) no tanks or reservoirs in network
2026-05-17 18:40:17,826 [ERROR] (core.simulation) Fatal error in hydraulic simulation
Traceback (most recent call last):
  File "/home/cintradu/IC/ENAU/ENAU-Modelling/src/core/simulation.py", line 25, in run_hydraulic_simulation
    results = sim.run_sim(convergence_error=True)
  File "/home/cintradu/miniconda3/envs/resilience_env/lib/python3.13/site-packages/wntr/sim/epanet.py", line 115, in run_sim
    enData.ENopen(inpfile, rptfile, outfile)
    ~~~~~~~~~~~~~^^^^^^^^^^^^^^^^^^^^^^^^^^^
  File "/home/cintradu/miniconda3/envs/resilience_env/lib/python3.13/site-packages/wntr/epanet/toolkit.py", line 196, in ENopen
    self._error()
    ~~~~~~~~~~~^^
  File "/home/cintradu/miniconda3/envs/resilience_env/lib/python3.13/site-packages/wntr/epanet/toolkit.py", line 159, in _error
    raise EpanetException(self.errcode)
wntr.epanet.exceptions.EpanetException: (Error 224) no tanks or reservoirs in network
2026-05-17 18:40:17,888 [ERROR] (core.simulation) Fatal error in hydraulic simulation
Traceback (most recent call last):
  File "/home/cintradu/IC/ENAU/ENAU-Modelling/src/core/simulation.py", line 25, in run_hydraulic_simulation
    results = sim.run_sim(convergence_error=True)
  File "/home/cintradu/miniconda3/envs/resilience_env/lib/python3.13/site-packages/wntr/sim/epanet.py", line 133, in run_sim
    results = self.reader.read(outfile, convergence_error, self._wn.options.hydraulic.headloss=='D-W')
  File "/home/cintradu/miniconda3/envs/resilience_env/lib/python3.13/site-packages/wntr/epanet/io.py", line 2693, in read
    pidx = int(np.fromfile(fin,dtype=np.int32, count=1)[0])
               ~~~~~~~~~~~~~~~~~~~~~~~~~~~~~~~~~~~~~~~~^^^
IndexError: index 0 is out of bounds for axis 0 with size 0
2026-05-17 18:40:17,890 [ERROR] (core.simulation) Fatal error in hydraulic simulation
Traceback (most recent call last):
  File "/home/cintradu/IC/ENAU/ENAU-Modelling/src/core/simulation.py", line 25, in run_hydraulic_simulation
    results = sim.run_sim(convergence_error=True)
  File "/home/cintradu/miniconda3/envs/resilience_env/lib/python3.13/site-packages/wntr/sim/epanet.py", line 133, in run_sim
    results = self.reader.read(outfile, convergence_error, self._wn.options.hydraulic.headloss=='D-W')
  File "/home/cintradu/miniconda3/envs/resilience_env/lib/python3.13/site-packages/wntr/epanet/io.py", line 2695, in read
    self.save_energy_line(pidx, linknames[pidx-1], energy)
                                ~~~~~~~~~^^^^^^^^
IndexError: list index out of range
2026-05-17 18:40:17,891 [ERROR] (core.simulation) Fatal error in hydraulic simulation
Traceback (most recent call last):
  File "/home/cintradu/IC/ENAU/ENAU-Modelling/src/core/simulation.py", line 25, in run_hydraulic_simulation
    results = sim.run_sim(convergence_error=True)
  File "/home/cintradu/miniconda3/envs/resilience_env/lib/python3.13/site-packages/wntr/sim/epanet.py", line 133, in run_sim
    results = self.reader.read(outfile, convergence_error, self._wn.options.hydraulic.headloss=='D-W')
  File "/home/cintradu/miniconda3/envs/resilience_env/lib/python3.13/site-packages/wntr/epanet/io.py", line 2695, in read
    self.save_energy_line(pidx, linknames[pidx-1], energy)
                                ~~~~~~~~~^^^^^^^^
IndexError: list index out of range
2026-05-17 18:40:17,891 [ERROR] (core.simulation) Fatal error in hydraulic simulation
Traceback (most recent call last):
  File "/home/cintradu/IC/ENAU/ENAU-Modelling/src/core/simulation.py", line 25, in run_hydraulic_simulation
    results = sim.run_sim(convergence_error=True)
  File "/home/cintradu/miniconda3/envs/resilience_env/lib/python3.13/site-packages/wntr/sim/epanet.py", line 133, in run_sim
    results = self.reader.read(outfile, convergence_error, self._wn.options.hydraulic.headloss=='D-W')
  File "/home/cintradu/miniconda3/envs/resilience_env/lib/python3.13/site-packages/wntr/epanet/io.py", line 2695, in read
    self.save_energy_line(pidx, linknames[pidx-1], energy)
                                ~~~~~~~~~^^^^^^^^
IndexError: list index out of range
2026-05-17 18:40:17,892 [ERROR] (core.simulation) Fatal error in hydraulic simulation
Traceback (most recent call last):
  File "/home/cintradu/IC/ENAU/ENAU-Modelling/src/core/simulation.py", line 25, in run_hydraulic_simulation
    results = sim.run_sim(convergence_error=True)
  File "/home/cintradu/miniconda3/envs/resilience_env/lib/python3.13/site-packages/wntr/sim/epanet.py", line 133, in run_sim
    results = self.reader.read(outfile, convergence_error, self._wn.options.hydraulic.headloss=='D-W')
  File "/home/cintradu/miniconda3/envs/resilience_env/lib/python3.13/site-packages/wntr/epanet/io.py", line 2695, in read
    self.save_energy_line(pidx, linknames[pidx-1], energy)
                                ~~~~~~~~~^^^^^^^^
IndexError: list index out of range
2026-05-17 18:40:17,902 [ERROR] (core.simulation) Fatal error in hydraulic simulation
Traceback (most recent call last):
  File "/home/cintradu/IC/ENAU/ENAU-Modelling/src/core/simulation.py", line 25, in run_hydraulic_simulation
    results = sim.run_sim(convergence_error=True)
  File "/home/cintradu/miniconda3/envs/resilience_env/lib/python3.13/site-packages/wntr/sim/epanet.py", line 133, in run_sim
    results = self.reader.read(outfile, convergence_error, self._wn.options.hydraulic.headloss=='D-W')
  File "/home/cintradu/miniconda3/envs/resilience_env/lib/python3.13/site-packages/wntr/epanet/io.py", line 2695, in read
    self.save_energy_line(pidx, linknames[pidx-1], energy)
                                ~~~~~~~~~^^^^^^^^
IndexError: list index out of range
2026-05-17 18:40:17,908 [ERROR] (wntr.epanet.toolkit) EPANET error 224 - no tanks or reservoirs in network
2026-05-17 18:40:17,908 [ERROR] (wntr.epanet.toolkit) EPANET error 224 - no tanks or reservoirs in network
2026-05-17 18:40:17,909 [ERROR] (wntr.epanet.toolkit) EPANET error 224 - no tanks or reservoirs in network
2026-05-17 18:40:17,908 [ERROR] (core.simulation) Fatal error in hydraulic simulation
Traceback (most recent call last):
  File "/home/cintradu/IC/ENAU/ENAU-Modelling/src/core/simulation.py", line 25, in run_hydraulic_simulation
    results = sim.run_sim(convergence_error=True)
  File "/home/cintradu/miniconda3/envs/resilience_env/lib/python3.13/site-packages/wntr/sim/epanet.py", line 115, in run_sim
    enData.ENopen(inpfile, rptfile, outfile)
    ~~~~~~~~~~~~~^^^^^^^^^^^^^^^^^^^^^^^^^^^
  File "/home/cintradu/miniconda3/envs/resilience_env/lib/python3.13/site-packages/wntr/epanet/toolkit.py", line 196, in ENopen
    self._error()
    ~~~~~~~~~~~^^
  File "/home/cintradu/miniconda3/envs/resilience_env/lib/python3.13/site-packages/wntr/epanet/toolkit.py", line 159, in _error
    raise EpanetException(self.errcode)
wntr.epanet.exceptions.EpanetException: (Error 224) no tanks or reservoirs in network
2026-05-17 18:40:17,908 [ERROR] (core.simulation) Fatal error in hydraulic simulation
Traceback (most recent call last):
  File "/home/cintradu/IC/ENAU/ENAU-Modelling/src/core/simulation.py", line 25, in run_hydraulic_simulation
    results = sim.run_sim(convergence_error=True)
  File "/home/cintradu/miniconda3/envs/resilience_env/lib/python3.13/site-packages/wntr/sim/epanet.py", line 115, in run_sim
    enData.ENopen(inpfile, rptfile, outfile)
    ~~~~~~~~~~~~~^^^^^^^^^^^^^^^^^^^^^^^^^^^
  File "/home/cintradu/miniconda3/envs/resilience_env/lib/python3.13/site-packages/wntr/epanet/toolkit.py", line 196, in ENopen
    self._error()
    ~~~~~~~~~~~^^
  File "/home/cintradu/miniconda3/envs/resilience_env/lib/python3.13/site-packages/wntr/epanet/toolkit.py", line 159, in _error
    raise EpanetException(self.errcode)
wntr.epanet.exceptions.EpanetException: (Error 224) no tanks or reservoirs in network
2026-05-17 18:40:17,909 [ERROR] (wntr.epanet.toolkit) EPANET error 224 - no tanks or reservoirs in network
2026-05-17 18:40:17,910 [ERROR] (wntr.epanet.toolkit) EPANET error 223 - not enough nodes in network
2026-05-17 18:40:17,909 [ERROR] (core.simulation) Fatal error in hydraulic simulation
Traceback (most recent call last):
  File "/home/cintradu/IC/ENAU/ENAU-Modelling/src/core/simulation.py", line 25, in run_hydraulic_simulation
    results = sim.run_sim(convergence_error=True)
  File "/home/cintradu/miniconda3/envs/resilience_env/lib/python3.13/site-packages/wntr/sim/epanet.py", line 115, in run_sim
    enData.ENopen(inpfile, rptfile, outfile)
    ~~~~~~~~~~~~~^^^^^^^^^^^^^^^^^^^^^^^^^^^
  File "/home/cintradu/miniconda3/envs/resilience_env/lib/python3.13/site-packages/wntr/epanet/toolkit.py", line 196, in ENopen
    self._error()
    ~~~~~~~~~~~^^
  File "/home/cintradu/miniconda3/envs/resilience_env/lib/python3.13/site-packages/wntr/epanet/toolkit.py", line 159, in _error
    raise EpanetException(self.errcode)
wntr.epanet.exceptions.EpanetException: (Error 224) no tanks or reservoirs in network
2026-05-17 18:40:17,909 [ERROR] (core.simulation) Fatal error in hydraulic simulation
Traceback (most recent call last):
  File "/home/cintradu/IC/ENAU/ENAU-Modelling/src/core/simulation.py", line 25, in run_hydraulic_simulation
    results = sim.run_sim(convergence_error=True)
  File "/home/cintradu/miniconda3/envs/resilience_env/lib/python3.13/site-packages/wntr/sim/epanet.py", line 115, in run_sim
    enData.ENopen(inpfile, rptfile, outfile)
    ~~~~~~~~~~~~~^^^^^^^^^^^^^^^^^^^^^^^^^^^
  File "/home/cintradu/miniconda3/envs/resilience_env/lib/python3.13/site-packages/wntr/epanet/toolkit.py", line 196, in ENopen
    self._error()
    ~~~~~~~~~~~^^
  File "/home/cintradu/miniconda3/envs/resilience_env/lib/python3.13/site-packages/wntr/epanet/toolkit.py", line 159, in _error
    raise EpanetException(self.errcode)
wntr.epanet.exceptions.EpanetException: (Error 224) no tanks or reservoirs in network
2026-05-17 18:40:17,910 [ERROR] (core.simulation) Fatal error in hydraulic simulation
Traceback (most recent call last):
  File "/home/cintradu/IC/ENAU/ENAU-Modelling/src/core/simulation.py", line 25, in run_hydraulic_simulation
    results = sim.run_sim(convergence_error=True)
  File "/home/cintradu/miniconda3/envs/resilience_env/lib/python3.13/site-packages/wntr/sim/epanet.py", line 115, in run_sim
    enData.ENopen(inpfile, rptfile, outfile)
    ~~~~~~~~~~~~~^^^^^^^^^^^^^^^^^^^^^^^^^^^
  File "/home/cintradu/miniconda3/envs/resilience_env/lib/python3.13/site-packages/wntr/epanet/toolkit.py", line 196, in ENopen
    self._error()
    ~~~~~~~~~~~^^
  File "/home/cintradu/miniconda3/envs/resilience_env/lib/python3.13/site-packages/wntr/epanet/toolkit.py", line 159, in _error
    raise EpanetException(self.errcode)
wntr.epanet.exceptions.EpanetException: (Error 223) not enough nodes in network
2026-05-17 18:40:17,931 [ERROR] (wntr.epanet.toolkit) EPANET error 200 - one or more errors in input file %s
2026-05-17 18:40:17,931 [ERROR] (wntr.epanet.toolkit) EPANET error 200 - one or more errors in input file %s
2026-05-17 18:40:17,931 [ERROR] (core.simulation) Fatal error in hydraulic simulation
Traceback (most recent call last):
  File "/home/cintradu/IC/ENAU/ENAU-Modelling/src/core/simulation.py", line 25, in run_hydraulic_simulation
    results = sim.run_sim(convergence_error=True)
  File "/home/cintradu/miniconda3/envs/resilience_env/lib/python3.13/site-packages/wntr/sim/epanet.py", line 115, in run_sim
    enData.ENopen(inpfile, rptfile, outfile)
    ~~~~~~~~~~~~~^^^^^^^^^^^^^^^^^^^^^^^^^^^
  File "/home/cintradu/miniconda3/envs/resilience_env/lib/python3.13/site-packages/wntr/epanet/toolkit.py", line 196, in ENopen
    self._error()
    ~~~~~~~~~~~^^
  File "/home/cintradu/miniconda3/envs/resilience_env/lib/python3.13/site-packages/wntr/epanet/toolkit.py", line 159, in _error
    raise EpanetException(self.errcode)
wntr.epanet.exceptions.EpanetException: (Error 200) one or more errors in input file %s
2026-05-17 18:40:17,931 [ERROR] (core.simulation) Fatal error in hydraulic simulation
Traceback (most recent call last):
  File "/home/cintradu/IC/ENAU/ENAU-Modelling/src/core/simulation.py", line 25, in run_hydraulic_simulation
    results = sim.run_sim(convergence_error=True)
  File "/home/cintradu/miniconda3/envs/resilience_env/lib/python3.13/site-packages/wntr/sim/epanet.py", line 115, in run_sim
    enData.ENopen(inpfile, rptfile, outfile)
    ~~~~~~~~~~~~~^^^^^^^^^^^^^^^^^^^^^^^^^^^
  File "/home/cintradu/miniconda3/envs/resilience_env/lib/python3.13/site-packages/wntr/epanet/toolkit.py", line 196, in ENopen
    self._error()
    ~~~~~~~~~~~^^
  File "/home/cintradu/miniconda3/envs/resilience_env/lib/python3.13/site-packages/wntr/epanet/toolkit.py", line 159, in _error
    raise EpanetException(self.errcode)
wntr.epanet.exceptions.EpanetException: (Error 200) one or more errors in input file %s
2026-05-17 18:40:17,943 [ERROR] (core.simulation) Fatal error in hydraulic simulation
Traceback (most recent call last):
  File "/home/cintradu/IC/ENAU/ENAU-Modelling/src/core/simulation.py", line 25, in run_hydraulic_simulation
    results = sim.run_sim(convergence_error=True)
  File "/home/cintradu/miniconda3/envs/resilience_env/lib/python3.13/site-packages/wntr/sim/epanet.py", line 133, in run_sim
    results = self.reader.read(outfile, convergence_error, self._wn.options.hydraulic.headloss=='D-W')
  File "/home/cintradu/miniconda3/envs/resilience_env/lib/python3.13/site-packages/wntr/epanet/io.py", line 2857, in read
    if magic1 != magic2:
       ^^^^^^^^^^^^^^^^
ValueError: The truth value of an empty array is ambiguous. Use `array.size > 0` to check that an array is not empty.
2026-05-17 18:40:17,948 [ERROR] (wntr.epanet.toolkit) EPANET error 200 - one or more errors in input file %s
2026-05-17 18:40:17,949 [ERROR] (core.simulation) Fatal error in hydraulic simulation
Traceback (most recent call last):
  File "/home/cintradu/IC/ENAU/ENAU-Modelling/src/core/simulation.py", line 25, in run_hydraulic_simulation
    results = sim.run_sim(convergence_error=True)
  File "/home/cintradu/miniconda3/envs/resilience_env/lib/python3.13/site-packages/wntr/sim/epanet.py", line 115, in run_sim
    enData.ENopen(inpfile, rptfile, outfile)
    ~~~~~~~~~~~~~^^^^^^^^^^^^^^^^^^^^^^^^^^^
  File "/home/cintradu/miniconda3/envs/resilience_env/lib/python3.13/site-packages/wntr/epanet/toolkit.py", line 196, in ENopen
    self._error()
    ~~~~~~~~~~~^^
  File "/home/cintradu/miniconda3/envs/resilience_env/lib/python3.13/site-packages/wntr/epanet/toolkit.py", line 159, in _error
    raise EpanetException(self.errcode)
wntr.epanet.exceptions.EpanetException: (Error 200) one or more errors in input file %s
2026-05-17 18:40:17,970 [ERROR] (core.simulation) Fatal error in hydraulic simulation
Traceback (most recent call last):
  File "/home/cintradu/IC/ENAU/ENAU-Modelling/src/core/simulation.py", line 25, in run_hydraulic_simulation
    results = sim.run_sim(convergence_error=True)
  File "/home/cintradu/miniconda3/envs/resilience_env/lib/python3.13/site-packages/wntr/sim/epanet.py", line 133, in run_sim
    results = self.reader.read(outfile, convergence_error, self._wn.options.hydraulic.headloss=='D-W')
  File "/home/cintradu/miniconda3/envs/resilience_env/lib/python3.13/site-packages/wntr/epanet/io.py", line 2695, in read
    self.save_energy_line(pidx, linknames[pidx-1], energy)
                                ~~~~~~~~~^^^^^^^^
IndexError: list index out of range
2026-05-17 18:40:17,972 [ERROR] (wntr.epanet.toolkit) EPANET error 200 - one or more errors in input file %s
2026-05-17 18:40:17,972 [ERROR] (wntr.epanet.toolkit) EPANET error 200 - one or more errors in input file %s
2026-05-17 18:40:17,973 [ERROR] (wntr.epanet.toolkit) EPANET error 200 - one or more errors in input file %s
2026-05-17 18:40:17,972 [ERROR] (core.simulation) Fatal error in hydraulic simulation
Traceback (most recent call last):
  File "/home/cintradu/IC/ENAU/ENAU-Modelling/src/core/simulation.py", line 25, in run_hydraulic_simulation
    results = sim.run_sim(convergence_error=True)
  File "/home/cintradu/miniconda3/envs/resilience_env/lib/python3.13/site-packages/wntr/sim/epanet.py", line 115, in run_sim
    enData.ENopen(inpfile, rptfile, outfile)
    ~~~~~~~~~~~~~^^^^^^^^^^^^^^^^^^^^^^^^^^^
  File "/home/cintradu/miniconda3/envs/resilience_env/lib/python3.13/site-packages/wntr/epanet/toolkit.py", line 196, in ENopen
    self._error()
    ~~~~~~~~~~~^^
  File "/home/cintradu/miniconda3/envs/resilience_env/lib/python3.13/site-packages/wntr/epanet/toolkit.py", line 159, in _error
    raise EpanetException(self.errcode)
wntr.epanet.exceptions.EpanetException: (Error 200) one or more errors in input file %s
2026-05-17 18:40:17,972 [ERROR] (core.simulation) Fatal error in hydraulic simulation
Traceback (most recent call last):
  File "/home/cintradu/IC/ENAU/ENAU-Modelling/src/core/simulation.py", line 25, in run_hydraulic_simulation
    results = sim.run_sim(convergence_error=True)
  File "/home/cintradu/miniconda3/envs/resilience_env/lib/python3.13/site-packages/wntr/sim/epanet.py", line 115, in run_sim
    enData.ENopen(inpfile, rptfile, outfile)
    ~~~~~~~~~~~~~^^^^^^^^^^^^^^^^^^^^^^^^^^^
  File "/home/cintradu/miniconda3/envs/resilience_env/lib/python3.13/site-packages/wntr/epanet/toolkit.py", line 196, in ENopen
    self._error()
    ~~~~~~~~~~~^^
  File "/home/cintradu/miniconda3/envs/resilience_env/lib/python3.13/site-packages/wntr/epanet/toolkit.py", line 159, in _error
    raise EpanetException(self.errcode)
wntr.epanet.exceptions.EpanetException: (Error 200) one or more errors in input file %s
2026-05-17 18:40:17,973 [ERROR] (core.simulation) Fatal error in hydraulic simulation
Traceback (most recent call last):
  File "/home/cintradu/IC/ENAU/ENAU-Modelling/src/core/simulation.py", line 25, in run_hydraulic_simulation
    results = sim.run_sim(convergence_error=True)
  File "/home/cintradu/miniconda3/envs/resilience_env/lib/python3.13/site-packages/wntr/sim/epanet.py", line 115, in run_sim
    enData.ENopen(inpfile, rptfile, outfile)
    ~~~~~~~~~~~~~^^^^^^^^^^^^^^^^^^^^^^^^^^^
  File "/home/cintradu/miniconda3/envs/resilience_env/lib/python3.13/site-packages/wntr/epanet/toolkit.py", line 196, in ENopen
    self._error()
    ~~~~~~~~~~~^^
  File "/home/cintradu/miniconda3/envs/resilience_env/lib/python3.13/site-packages/wntr/epanet/toolkit.py", line 159, in _error
    raise EpanetException(self.errcode)
wntr.epanet.exceptions.EpanetException: (Error 200) one or more errors in input file %s
2026-05-17 18:40:17,981 [ERROR] (wntr.epanet.io) Simulation did not converge at time 03:00:00.
2026-05-17 18:40:17,982 [ERROR] (core.simulation) Fatal error in hydraulic simulation
Traceback (most recent call last):
  File "/home/cintradu/IC/ENAU/ENAU-Modelling/src/core/simulation.py", line 25, in run_hydraulic_simulation
    results = sim.run_sim(convergence_error=True)
  File "/home/cintradu/miniconda3/envs/resilience_env/lib/python3.13/site-packages/wntr/sim/epanet.py", line 133, in run_sim
    results = self.reader.read(outfile, convergence_error, self._wn.options.hydraulic.headloss=='D-W')
  File "/home/cintradu/miniconda3/envs/resilience_env/lib/python3.13/site-packages/wntr/epanet/io.py", line 2771, in read
    raise RuntimeError('Simulation did not converge at time ' + self._get_time(t) + '.')
RuntimeError: Simulation did not converge at time 03:00:00.
2026-05-17 18:40:17,991 [ERROR] (wntr.epanet.toolkit) EPANET error 200 - one or more errors in input file %s
2026-05-17 18:40:17,991 [ERROR] (core.simulation) Fatal error in hydraulic simulation
Traceback (most recent call last):
  File "/home/cintradu/IC/ENAU/ENAU-Modelling/src/core/simulation.py", line 25, in run_hydraulic_simulation
    results = sim.run_sim(convergence_error=True)
  File "/home/cintradu/miniconda3/envs/resilience_env/lib/python3.13/site-packages/wntr/sim/epanet.py", line 115, in run_sim
    enData.ENopen(inpfile, rptfile, outfile)
    ~~~~~~~~~~~~~^^^^^^^^^^^^^^^^^^^^^^^^^^^
  File "/home/cintradu/miniconda3/envs/resilience_env/lib/python3.13/site-packages/wntr/epanet/toolkit.py", line 196, in ENopen
    self._error()
    ~~~~~~~~~~~^^
  File "/home/cintradu/miniconda3/envs/resilience_env/lib/python3.13/site-packages/wntr/epanet/toolkit.py", line 159, in _error
    raise EpanetException(self.errcode)
wntr.epanet.exceptions.EpanetException: (Error 200) one or more errors in input file %s
2026-05-17 18:40:17,992 [ERROR] (wntr.epanet.toolkit) EPANET error 200 - one or more errors in input file %s
2026-05-17 18:40:17,992 [ERROR] (wntr.epanet.toolkit) EPANET error 200 - one or more errors in input file %s
2026-05-17 18:40:17,992 [ERROR] (core.simulation) Fatal error in hydraulic simulation
Traceback (most recent call last):
  File "/home/cintradu/IC/ENAU/ENAU-Modelling/src/core/simulation.py", line 25, in run_hydraulic_simulation
    results = sim.run_sim(convergence_error=True)
  File "/home/cintradu/miniconda3/envs/resilience_env/lib/python3.13/site-packages/wntr/sim/epanet.py", line 115, in run_sim
    enData.ENopen(inpfile, rptfile, outfile)
    ~~~~~~~~~~~~~^^^^^^^^^^^^^^^^^^^^^^^^^^^
  File "/home/cintradu/miniconda3/envs/resilience_env/lib/python3.13/site-packages/wntr/epanet/toolkit.py", line 196, in ENopen
    self._error()
    ~~~~~~~~~~~^^
  File "/home/cintradu/miniconda3/envs/resilience_env/lib/python3.13/site-packages/wntr/epanet/toolkit.py", line 159, in _error
    raise EpanetException(self.errcode)
wntr.epanet.exceptions.EpanetException: (Error 200) one or more errors in input file %s
2026-05-17 18:40:17,993 [ERROR] (core.simulation) Fatal error in hydraulic simulation
Traceback (most recent call last):
  File "/home/cintradu/IC/ENAU/ENAU-Modelling/src/core/simulation.py", line 25, in run_hydraulic_simulation
    results = sim.run_sim(convergence_error=True)
  File "/home/cintradu/miniconda3/envs/resilience_env/lib/python3.13/site-packages/wntr/sim/epanet.py", line 115, in run_sim
    enData.ENopen(inpfile, rptfile, outfile)
    ~~~~~~~~~~~~~^^^^^^^^^^^^^^^^^^^^^^^^^^^
  File "/home/cintradu/miniconda3/envs/resilience_env/lib/python3.13/site-packages/wntr/epanet/toolkit.py", line 196, in ENopen
    self._error()
    ~~~~~~~~~~~^^
  File "/home/cintradu/miniconda3/envs/resilience_env/lib/python3.13/site-packages/wntr/epanet/toolkit.py", line 159, in _error
    raise EpanetException(self.errcode)
wntr.epanet.exceptions.EpanetException: (Error 200) one or more errors in input file %s
2026-05-17 18:40:17,997 [ERROR] (wntr.epanet.toolkit) EPANET error 224 - no tanks or reservoirs in network
2026-05-17 18:40:17,997 [ERROR] (core.simulation) Fatal error in hydraulic simulation
Traceback (most recent call last):
  File "/home/cintradu/IC/ENAU/ENAU-Modelling/src/core/simulation.py", line 25, in run_hydraulic_simulation
    results = sim.run_sim(convergence_error=True)
  File "/home/cintradu/miniconda3/envs/resilience_env/lib/python3.13/site-packages/wntr/sim/epanet.py", line 115, in run_sim
    enData.ENopen(inpfile, rptfile, outfile)
    ~~~~~~~~~~~~~^^^^^^^^^^^^^^^^^^^^^^^^^^^
  File "/home/cintradu/miniconda3/envs/resilience_env/lib/python3.13/site-packages/wntr/epanet/toolkit.py", line 196, in ENopen
    self._error()
    ~~~~~~~~~~~^^
  File "/home/cintradu/miniconda3/envs/resilience_env/lib/python3.13/site-packages/wntr/epanet/toolkit.py", line 159, in _error
    raise EpanetException(self.errcode)
wntr.epanet.exceptions.EpanetException: (Error 224) no tanks or reservoirs in network
2026-05-17 18:40:18,001 [ERROR] (wntr.epanet.toolkit) EPANET error 200 - one or more errors in input file %s
2026-05-17 18:40:18,001 [ERROR] (core.simulation) Fatal error in hydraulic simulation
Traceback (most recent call last):
  File "/home/cintradu/IC/ENAU/ENAU-Modelling/src/core/simulation.py", line 25, in run_hydraulic_simulation
    results = sim.run_sim(convergence_error=True)
  File "/home/cintradu/miniconda3/envs/resilience_env/lib/python3.13/site-packages/wntr/sim/epanet.py", line 115, in run_sim
    enData.ENopen(inpfile, rptfile, outfile)
    ~~~~~~~~~~~~~^^^^^^^^^^^^^^^^^^^^^^^^^^^
  File "/home/cintradu/miniconda3/envs/resilience_env/lib/python3.13/site-packages/wntr/epanet/toolkit.py", line 196, in ENopen
    self._error()
    ~~~~~~~~~~~^^
  File "/home/cintradu/miniconda3/envs/resilience_env/lib/python3.13/site-packages/wntr/epanet/toolkit.py", line 159, in _error
    raise EpanetException(self.errcode)
wntr.epanet.exceptions.EpanetException: (Error 200) one or more errors in input file %s
2026-05-17 18:40:18,002 [ERROR] (wntr.epanet.toolkit) EPANET error 224 - no tanks or reservoirs in network
2026-05-17 18:40:18,002 [ERROR] (core.simulation) Fatal error in hydraulic simulation
Traceback (most recent call last):
  File "/home/cintradu/IC/ENAU/ENAU-Modelling/src/core/simulation.py", line 25, in run_hydraulic_simulation
    results = sim.run_sim(convergence_error=True)
  File "/home/cintradu/miniconda3/envs/resilience_env/lib/python3.13/site-packages/wntr/sim/epanet.py", line 115, in run_sim
    enData.ENopen(inpfile, rptfile, outfile)
    ~~~~~~~~~~~~~^^^^^^^^^^^^^^^^^^^^^^^^^^^
  File "/home/cintradu/miniconda3/envs/resilience_env/lib/python3.13/site-packages/wntr/epanet/toolkit.py", line 196, in ENopen
    self._error()
    ~~~~~~~~~~~^^
  File "/home/cintradu/miniconda3/envs/resilience_env/lib/python3.13/site-packages/wntr/epanet/toolkit.py", line 159, in _error
    raise EpanetException(self.errcode)
wntr.epanet.exceptions.EpanetException: (Error 224) no tanks or reservoirs in network
2026-05-17 18:40:18,007 [ERROR] (wntr.epanet.toolkit) EPANET error 200 - one or more errors in input file %s
2026-05-17 18:40:18,007 [ERROR] (core.simulation) Fatal error in hydraulic simulation
Traceback (most recent call last):
  File "/home/cintradu/IC/ENAU/ENAU-Modelling/src/core/simulation.py", line 25, in run_hydraulic_simulation
    results = sim.run_sim(convergence_error=True)
  File "/home/cintradu/miniconda3/envs/resilience_env/lib/python3.13/site-packages/wntr/sim/epanet.py", line 115, in run_sim
    enData.ENopen(inpfile, rptfile, outfile)
    ~~~~~~~~~~~~~^^^^^^^^^^^^^^^^^^^^^^^^^^^
  File "/home/cintradu/miniconda3/envs/resilience_env/lib/python3.13/site-packages/wntr/epanet/toolkit.py", line 196, in ENopen
    self._error()
    ~~~~~~~~~~~^^
  File "/home/cintradu/miniconda3/envs/resilience_env/lib/python3.13/site-packages/wntr/epanet/toolkit.py", line 159, in _error
    raise EpanetException(self.errcode)
wntr.epanet.exceptions.EpanetException: (Error 200) one or more errors in input file %s
2026-05-17 18:40:18,010 [ERROR] (wntr.epanet.toolkit) EPANET error 224 - no tanks or reservoirs in network
2026-05-17 18:40:18,011 [ERROR] (wntr.epanet.toolkit) EPANET error 224 - no tanks or reservoirs in network
2026-05-17 18:40:18,010 [ERROR] (core.simulation) Fatal error in hydraulic simulation
Traceback (most recent call last):
  File "/home/cintradu/IC/ENAU/ENAU-Modelling/src/core/simulation.py", line 25, in run_hydraulic_simulation
    results = sim.run_sim(convergence_error=True)
  File "/home/cintradu/miniconda3/envs/resilience_env/lib/python3.13/site-packages/wntr/sim/epanet.py", line 115, in run_sim
    enData.ENopen(inpfile, rptfile, outfile)
    ~~~~~~~~~~~~~^^^^^^^^^^^^^^^^^^^^^^^^^^^
  File "/home/cintradu/miniconda3/envs/resilience_env/lib/python3.13/site-packages/wntr/epanet/toolkit.py", line 196, in ENopen
    self._error()
    ~~~~~~~~~~~^^
  File "/home/cintradu/miniconda3/envs/resilience_env/lib/python3.13/site-packages/wntr/epanet/toolkit.py", line 159, in _error
    raise EpanetException(self.errcode)
wntr.epanet.exceptions.EpanetException: (Error 224) no tanks or reservoirs in network
2026-05-17 18:40:18,011 [ERROR] (core.simulation) Fatal error in hydraulic simulation
Traceback (most recent call last):
  File "/home/cintradu/IC/ENAU/ENAU-Modelling/src/core/simulation.py", line 25, in run_hydraulic_simulation
    results = sim.run_sim(convergence_error=True)
  File "/home/cintradu/miniconda3/envs/resilience_env/lib/python3.13/site-packages/wntr/sim/epanet.py", line 115, in run_sim
    enData.ENopen(inpfile, rptfile, outfile)
    ~~~~~~~~~~~~~^^^^^^^^^^^^^^^^^^^^^^^^^^^
  File "/home/cintradu/miniconda3/envs/resilience_env/lib/python3.13/site-packages/wntr/epanet/toolkit.py", line 196, in ENopen
    self._error()
    ~~~~~~~~~~~^^
  File "/home/cintradu/miniconda3/envs/resilience_env/lib/python3.13/site-packages/wntr/epanet/toolkit.py", line 159, in _error
    raise EpanetException(self.errcode)
wntr.epanet.exceptions.EpanetException: (Error 224) no tanks or reservoirs in network
2026-05-17 18:40:18,014 [ERROR] (wntr.epanet.toolkit) EPANET error 223 - not enough nodes in network
2026-05-17 18:40:18,014 [ERROR] (core.simulation) Fatal error in hydraulic simulation
Traceback (most recent call last):
  File "/home/cintradu/IC/ENAU/ENAU-Modelling/src/core/simulation.py", line 25, in run_hydraulic_simulation
    results = sim.run_sim(convergence_error=True)
  File "/home/cintradu/miniconda3/envs/resilience_env/lib/python3.13/site-packages/wntr/sim/epanet.py", line 115, in run_sim
    enData.ENopen(inpfile, rptfile, outfile)
    ~~~~~~~~~~~~~^^^^^^^^^^^^^^^^^^^^^^^^^^^
  File "/home/cintradu/miniconda3/envs/resilience_env/lib/python3.13/site-packages/wntr/epanet/toolkit.py", line 196, in ENopen
    self._error()
    ~~~~~~~~~~~^^
  File "/home/cintradu/miniconda3/envs/resilience_env/lib/python3.13/site-packages/wntr/epanet/toolkit.py", line 159, in _error
    raise EpanetException(self.errcode)
wntr.epanet.exceptions.EpanetException: (Error 223) not enough nodes in network
2026-05-17 18:40:18,016 [ERROR] (wntr.epanet.toolkit) EPANET error 224 - no tanks or reservoirs in network
2026-05-17 18:40:18,017 [ERROR] (core.simulation) Fatal error in hydraulic simulation
Traceback (most recent call last):
  File "/home/cintradu/IC/ENAU/ENAU-Modelling/src/core/simulation.py", line 25, in run_hydraulic_simulation
    results = sim.run_sim(convergence_error=True)
  File "/home/cintradu/miniconda3/envs/resilience_env/lib/python3.13/site-packages/wntr/sim/epanet.py", line 115, in run_sim
    enData.ENopen(inpfile, rptfile, outfile)
    ~~~~~~~~~~~~~^^^^^^^^^^^^^^^^^^^^^^^^^^^
  File "/home/cintradu/miniconda3/envs/resilience_env/lib/python3.13/site-packages/wntr/epanet/toolkit.py", line 196, in ENopen
    self._error()
    ~~~~~~~~~~~^^
  File "/home/cintradu/miniconda3/envs/resilience_env/lib/python3.13/site-packages/wntr/epanet/toolkit.py", line 159, in _error
    raise EpanetException(self.errcode)
wntr.epanet.exceptions.EpanetException: (Error 224) no tanks or reservoirs in network
2026-05-17 18:40:18,018 [ERROR] (wntr.epanet.toolkit) EPANET error 223 - not enough nodes in network
2026-05-17 18:40:18,018 [ERROR] (core.simulation) Fatal error in hydraulic simulation
Traceback (most recent call last):
  File "/home/cintradu/IC/ENAU/ENAU-Modelling/src/core/simulation.py", line 25, in run_hydraulic_simulation
    results = sim.run_sim(convergence_error=True)
  File "/home/cintradu/miniconda3/envs/resilience_env/lib/python3.13/site-packages/wntr/sim/epanet.py", line 115, in run_sim
    enData.ENopen(inpfile, rptfile, outfile)
    ~~~~~~~~~~~~~^^^^^^^^^^^^^^^^^^^^^^^^^^^
  File "/home/cintradu/miniconda3/envs/resilience_env/lib/python3.13/site-packages/wntr/epanet/toolkit.py", line 196, in ENopen
    self._error()
    ~~~~~~~~~~~^^
  File "/home/cintradu/miniconda3/envs/resilience_env/lib/python3.13/site-packages/wntr/epanet/toolkit.py", line 159, in _error
    raise EpanetException(self.errcode)
wntr.epanet.exceptions.EpanetException: (Error 223) not enough nodes in network
2026-05-17 18:40:18,020 [ERROR] (wntr.epanet.toolkit) EPANET error 200 - one or more errors in input file %s
2026-05-17 18:40:18,020 [ERROR] (core.simulation) Fatal error in hydraulic simulation
Traceback (most recent call last):
  File "/home/cintradu/IC/ENAU/ENAU-Modelling/src/core/simulation.py", line 25, in run_hydraulic_simulation
    results = sim.run_sim(convergence_error=True)
  File "/home/cintradu/miniconda3/envs/resilience_env/lib/python3.13/site-packages/wntr/sim/epanet.py", line 115, in run_sim
    enData.ENopen(inpfile, rptfile, outfile)
    ~~~~~~~~~~~~~^^^^^^^^^^^^^^^^^^^^^^^^^^^
  File "/home/cintradu/miniconda3/envs/resilience_env/lib/python3.13/site-packages/wntr/epanet/toolkit.py", line 196, in ENopen
    self._error()
    ~~~~~~~~~~~^^
  File "/home/cintradu/miniconda3/envs/resilience_env/lib/python3.13/site-packages/wntr/epanet/toolkit.py", line 159, in _error
    raise EpanetException(self.errcode)
wntr.epanet.exceptions.EpanetException: (Error 200) one or more errors in input file %s
2026-05-17 18:40:18,027 [ERROR] (wntr.epanet.toolkit) EPANET error 200 - one or more errors in input file %s
2026-05-17 18:40:18,028 [ERROR] (core.simulation) Fatal error in hydraulic simulation
Traceback (most recent call last):
  File "/home/cintradu/IC/ENAU/ENAU-Modelling/src/core/simulation.py", line 25, in run_hydraulic_simulation
    results = sim.run_sim(convergence_error=True)
  File "/home/cintradu/miniconda3/envs/resilience_env/lib/python3.13/site-packages/wntr/sim/epanet.py", line 115, in run_sim
    enData.ENopen(inpfile, rptfile, outfile)
    ~~~~~~~~~~~~~^^^^^^^^^^^^^^^^^^^^^^^^^^^
  File "/home/cintradu/miniconda3/envs/resilience_env/lib/python3.13/site-packages/wntr/epanet/toolkit.py", line 196, in ENopen
    self._error()
    ~~~~~~~~~~~^^
  File "/home/cintradu/miniconda3/envs/resilience_env/lib/python3.13/site-packages/wntr/epanet/toolkit.py", line 159, in _error
    raise EpanetException(self.errcode)
wntr.epanet.exceptions.EpanetException: (Error 200) one or more errors in input file %s
2026-05-17 18:40:18,031 [ERROR] (wntr.epanet.toolkit) EPANET error 224 - no tanks or reservoirs in network
2026-05-17 18:40:18,032 [ERROR] (wntr.epanet.toolkit) EPANET error 224 - no tanks or reservoirs in network
2026-05-17 18:40:18,033 [ERROR] (wntr.epanet.toolkit) EPANET error 224 - no tanks or reservoirs in network
2026-05-17 18:40:18,033 [ERROR] (core.simulation) Fatal error in hydraulic simulation
Traceback (most recent call last):
  File "/home/cintradu/IC/ENAU/ENAU-Modelling/src/core/simulation.py", line 25, in run_hydraulic_simulation
    results = sim.run_sim(convergence_error=True)
  File "/home/cintradu/miniconda3/envs/resilience_env/lib/python3.13/site-packages/wntr/sim/epanet.py", line 115, in run_sim
    enData.ENopen(inpfile, rptfile, outfile)
    ~~~~~~~~~~~~~^^^^^^^^^^^^^^^^^^^^^^^^^^^
  File "/home/cintradu/miniconda3/envs/resilience_env/lib/python3.13/site-packages/wntr/epanet/toolkit.py", line 196, in ENopen
    self._error()
    ~~~~~~~~~~~^^
  File "/home/cintradu/miniconda3/envs/resilience_env/lib/python3.13/site-packages/wntr/epanet/toolkit.py", line 159, in _error
    raise EpanetException(self.errcode)
wntr.epanet.exceptions.EpanetException: (Error 224) no tanks or reservoirs in network
2026-05-17 18:40:18,034 [ERROR] (wntr.epanet.toolkit) EPANET error 223 - not enough nodes in network
2026-05-17 18:40:18,032 [ERROR] (core.simulation) Fatal error in hydraulic simulation
Traceback (most recent call last):
  File "/home/cintradu/IC/ENAU/ENAU-Modelling/src/core/simulation.py", line 25, in run_hydraulic_simulation
    results = sim.run_sim(convergence_error=True)
  File "/home/cintradu/miniconda3/envs/resilience_env/lib/python3.13/site-packages/wntr/sim/epanet.py", line 115, in run_sim
    enData.ENopen(inpfile, rptfile, outfile)
    ~~~~~~~~~~~~~^^^^^^^^^^^^^^^^^^^^^^^^^^^
  File "/home/cintradu/miniconda3/envs/resilience_env/lib/python3.13/site-packages/wntr/epanet/toolkit.py", line 196, in ENopen
    self._error()
    ~~~~~~~~~~~^^
  File "/home/cintradu/miniconda3/envs/resilience_env/lib/python3.13/site-packages/wntr/epanet/toolkit.py", line 159, in _error
    raise EpanetException(self.errcode)
wntr.epanet.exceptions.EpanetException: (Error 224) no tanks or reservoirs in network
2026-05-17 18:40:18,034 [ERROR] (core.simulation) Fatal error in hydraulic simulation
Traceback (most recent call last):
  File "/home/cintradu/IC/ENAU/ENAU-Modelling/src/core/simulation.py", line 25, in run_hydraulic_simulation
    results = sim.run_sim(convergence_error=True)
  File "/home/cintradu/miniconda3/envs/resilience_env/lib/python3.13/site-packages/wntr/sim/epanet.py", line 115, in run_sim
    enData.ENopen(inpfile, rptfile, outfile)
    ~~~~~~~~~~~~~^^^^^^^^^^^^^^^^^^^^^^^^^^^
  File "/home/cintradu/miniconda3/envs/resilience_env/lib/python3.13/site-packages/wntr/epanet/toolkit.py", line 196, in ENopen
    self._error()
    ~~~~~~~~~~~^^
  File "/home/cintradu/miniconda3/envs/resilience_env/lib/python3.13/site-packages/wntr/epanet/toolkit.py", line 159, in _error
    raise EpanetException(self.errcode)
wntr.epanet.exceptions.EpanetException: (Error 223) not enough nodes in network
2026-05-17 18:40:18,033 [ERROR] (core.simulation) Fatal error in hydraulic simulation
Traceback (most recent call last):
  File "/home/cintradu/IC/ENAU/ENAU-Modelling/src/core/simulation.py", line 25, in run_hydraulic_simulation
    results = sim.run_sim(convergence_error=True)
  File "/home/cintradu/miniconda3/envs/resilience_env/lib/python3.13/site-packages/wntr/sim/epanet.py", line 115, in run_sim
    enData.ENopen(inpfile, rptfile, outfile)
    ~~~~~~~~~~~~~^^^^^^^^^^^^^^^^^^^^^^^^^^^
  File "/home/cintradu/miniconda3/envs/resilience_env/lib/python3.13/site-packages/wntr/epanet/toolkit.py", line 196, in ENopen
    self._error()
    ~~~~~~~~~~~^^
  File "/home/cintradu/miniconda3/envs/resilience_env/lib/python3.13/site-packages/wntr/epanet/toolkit.py", line 159, in _error
    raise EpanetException(self.errcode)
wntr.epanet.exceptions.EpanetException: (Error 224) no tanks or reservoirs in network
2026-05-17 18:40:18,036 [ERROR] (wntr.epanet.toolkit) EPANET error 223 - not enough nodes in network
2026-05-17 18:40:18,036 [ERROR] (wntr.epanet.toolkit) EPANET error 223 - not enough nodes in network
2026-05-17 18:40:18,036 [ERROR] (core.simulation) Fatal error in hydraulic simulation
Traceback (most recent call last):
  File "/home/cintradu/IC/ENAU/ENAU-Modelling/src/core/simulation.py", line 25, in run_hydraulic_simulation
    results = sim.run_sim(convergence_error=True)
  File "/home/cintradu/miniconda3/envs/resilience_env/lib/python3.13/site-packages/wntr/sim/epanet.py", line 115, in run_sim
    enData.ENopen(inpfile, rptfile, outfile)
    ~~~~~~~~~~~~~^^^^^^^^^^^^^^^^^^^^^^^^^^^
  File "/home/cintradu/miniconda3/envs/resilience_env/lib/python3.13/site-packages/wntr/epanet/toolkit.py", line 196, in ENopen
    self._error()
    ~~~~~~~~~~~^^
  File "/home/cintradu/miniconda3/envs/resilience_env/lib/python3.13/site-packages/wntr/epanet/toolkit.py", line 159, in _error
    raise EpanetException(self.errcode)
wntr.epanet.exceptions.EpanetException: (Error 223) not enough nodes in network
2026-05-17 18:40:18,036 [ERROR] (core.simulation) Fatal error in hydraulic simulation
Traceback (most recent call last):
  File "/home/cintradu/IC/ENAU/ENAU-Modelling/src/core/simulation.py", line 25, in run_hydraulic_simulation
    results = sim.run_sim(convergence_error=True)
  File "/home/cintradu/miniconda3/envs/resilience_env/lib/python3.13/site-packages/wntr/sim/epanet.py", line 115, in run_sim
    enData.ENopen(inpfile, rptfile, outfile)
    ~~~~~~~~~~~~~^^^^^^^^^^^^^^^^^^^^^^^^^^^
  File "/home/cintradu/miniconda3/envs/resilience_env/lib/python3.13/site-packages/wntr/epanet/toolkit.py", line 196, in ENopen
    self._error()
    ~~~~~~~~~~~^^
  File "/home/cintradu/miniconda3/envs/resilience_env/lib/python3.13/site-packages/wntr/epanet/toolkit.py", line 159, in _error
    raise EpanetException(self.errcode)
wntr.epanet.exceptions.EpanetException: (Error 223) not enough nodes in network
2026-05-17 18:40:18,041 [ERROR] (wntr.epanet.toolkit) EPANET error 200 - one or more errors in input file %s
2026-05-17 18:40:18,041 [ERROR] (core.simulation) Fatal error in hydraulic simulation
Traceback (most recent call last):
  File "/home/cintradu/IC/ENAU/ENAU-Modelling/src/core/simulation.py", line 25, in run_hydraulic_simulation
    results = sim.run_sim(convergence_error=True)
  File "/home/cintradu/miniconda3/envs/resilience_env/lib/python3.13/site-packages/wntr/sim/epanet.py", line 115, in run_sim
    enData.ENopen(inpfile, rptfile, outfile)
    ~~~~~~~~~~~~~^^^^^^^^^^^^^^^^^^^^^^^^^^^
  File "/home/cintradu/miniconda3/envs/resilience_env/lib/python3.13/site-packages/wntr/epanet/toolkit.py", line 196, in ENopen
    self._error()
    ~~~~~~~~~~~^^
  File "/home/cintradu/miniconda3/envs/resilience_env/lib/python3.13/site-packages/wntr/epanet/toolkit.py", line 159, in _error
    raise EpanetException(self.errcode)
wntr.epanet.exceptions.EpanetException: (Error 200) one or more errors in input file %s
2026-05-17 18:40:18,046 [ERROR] (wntr.epanet.toolkit) EPANET error 224 - no tanks or reservoirs in network
2026-05-17 18:40:18,046 [ERROR] (core.simulation) Fatal error in hydraulic simulation
Traceback (most recent call last):
  File "/home/cintradu/IC/ENAU/ENAU-Modelling/src/core/simulation.py", line 25, in run_hydraulic_simulation
    results = sim.run_sim(convergence_error=True)
  File "/home/cintradu/miniconda3/envs/resilience_env/lib/python3.13/site-packages/wntr/sim/epanet.py", line 115, in run_sim
    enData.ENopen(inpfile, rptfile, outfile)
    ~~~~~~~~~~~~~^^^^^^^^^^^^^^^^^^^^^^^^^^^
  File "/home/cintradu/miniconda3/envs/resilience_env/lib/python3.13/site-packages/wntr/epanet/toolkit.py", line 196, in ENopen
    self._error()
    ~~~~~~~~~~~^^
  File "/home/cintradu/miniconda3/envs/resilience_env/lib/python3.13/site-packages/wntr/epanet/toolkit.py", line 159, in _error
    raise EpanetException(self.errcode)
wntr.epanet.exceptions.EpanetException: (Error 224) no tanks or reservoirs in network
2026-05-17 18:40:18,052 [ERROR] (wntr.epanet.toolkit) EPANET error 200 - one or more errors in input file %s
2026-05-17 18:40:18,053 [ERROR] (wntr.epanet.toolkit) EPANET error 200 - one or more errors in input file %s
2026-05-17 18:40:18,053 [ERROR] (core.simulation) Fatal error in hydraulic simulation
Traceback (most recent call last):
  File "/home/cintradu/IC/ENAU/ENAU-Modelling/src/core/simulation.py", line 25, in run_hydraulic_simulation
    results = sim.run_sim(convergence_error=True)
  File "/home/cintradu/miniconda3/envs/resilience_env/lib/python3.13/site-packages/wntr/sim/epanet.py", line 115, in run_sim
    enData.ENopen(inpfile, rptfile, outfile)
    ~~~~~~~~~~~~~^^^^^^^^^^^^^^^^^^^^^^^^^^^
  File "/home/cintradu/miniconda3/envs/resilience_env/lib/python3.13/site-packages/wntr/epanet/toolkit.py", line 196, in ENopen
    self._error()
    ~~~~~~~~~~~^^
  File "/home/cintradu/miniconda3/envs/resilience_env/lib/python3.13/site-packages/wntr/epanet/toolkit.py", line 159, in _error
    raise EpanetException(self.errcode)
wntr.epanet.exceptions.EpanetException: (Error 200) one or more errors in input file %s
2026-05-17 18:40:18,053 [ERROR] (core.simulation) Fatal error in hydraulic simulation
Traceback (most recent call last):
  File "/home/cintradu/IC/ENAU/ENAU-Modelling/src/core/simulation.py", line 25, in run_hydraulic_simulation
    results = sim.run_sim(convergence_error=True)
  File "/home/cintradu/miniconda3/envs/resilience_env/lib/python3.13/site-packages/wntr/sim/epanet.py", line 115, in run_sim
    enData.ENopen(inpfile, rptfile, outfile)
    ~~~~~~~~~~~~~^^^^^^^^^^^^^^^^^^^^^^^^^^^
  File "/home/cintradu/miniconda3/envs/resilience_env/lib/python3.13/site-packages/wntr/epanet/toolkit.py", line 196, in ENopen
    self._error()
    ~~~~~~~~~~~^^
  File "/home/cintradu/miniconda3/envs/resilience_env/lib/python3.13/site-packages/wntr/epanet/toolkit.py", line 159, in _error
    raise EpanetException(self.errcode)
wntr.epanet.exceptions.EpanetException: (Error 200) one or more errors in input file %s
2026-05-17 18:40:18,053 [ERROR] (wntr.epanet.toolkit) EPANET error 200 - one or more errors in input file %s
2026-05-17 18:40:18,054 [ERROR] (core.simulation) Fatal error in hydraulic simulation
Traceback (most recent call last):
  File "/home/cintradu/IC/ENAU/ENAU-Modelling/src/core/simulation.py", line 25, in run_hydraulic_simulation
    results = sim.run_sim(convergence_error=True)
  File "/home/cintradu/miniconda3/envs/resilience_env/lib/python3.13/site-packages/wntr/sim/epanet.py", line 115, in run_sim
    enData.ENopen(inpfile, rptfile, outfile)
    ~~~~~~~~~~~~~^^^^^^^^^^^^^^^^^^^^^^^^^^^
  File "/home/cintradu/miniconda3/envs/resilience_env/lib/python3.13/site-packages/wntr/epanet/toolkit.py", line 196, in ENopen
    self._error()
    ~~~~~~~~~~~^^
  File "/home/cintradu/miniconda3/envs/resilience_env/lib/python3.13/site-packages/wntr/epanet/toolkit.py", line 159, in _error
    raise EpanetException(self.errcode)
wntr.epanet.exceptions.EpanetException: (Error 200) one or more errors in input file %s
2026-05-17 18:40:18,056 [ERROR] (wntr.epanet.toolkit) EPANET error 223 - not enough nodes in network
2026-05-17 18:40:18,057 [ERROR] (core.simulation) Fatal error in hydraulic simulation
Traceback (most recent call last):
  File "/home/cintradu/IC/ENAU/ENAU-Modelling/src/core/simulation.py", line 25, in run_hydraulic_simulation
    results = sim.run_sim(convergence_error=True)
  File "/home/cintradu/miniconda3/envs/resilience_env/lib/python3.13/site-packages/wntr/sim/epanet.py", line 115, in run_sim
    enData.ENopen(inpfile, rptfile, outfile)
    ~~~~~~~~~~~~~^^^^^^^^^^^^^^^^^^^^^^^^^^^
  File "/home/cintradu/miniconda3/envs/resilience_env/lib/python3.13/site-packages/wntr/epanet/toolkit.py", line 196, in ENopen
    self._error()
    ~~~~~~~~~~~^^
  File "/home/cintradu/miniconda3/envs/resilience_env/lib/python3.13/site-packages/wntr/epanet/toolkit.py", line 159, in _error
    raise EpanetException(self.errcode)
wntr.epanet.exceptions.EpanetException: (Error 223) not enough nodes in network
2026-05-17 18:40:18,058 [ERROR] (wntr.epanet.toolkit) EPANET error 223 - not enough nodes in network
2026-05-17 18:40:18,058 [ERROR] (core.simulation) Fatal error in hydraulic simulation
Traceback (most recent call last):
  File "/home/cintradu/IC/ENAU/ENAU-Modelling/src/core/simulation.py", line 25, in run_hydraulic_simulation
    results = sim.run_sim(convergence_error=True)
  File "/home/cintradu/miniconda3/envs/resilience_env/lib/python3.13/site-packages/wntr/sim/epanet.py", line 115, in run_sim
    enData.ENopen(inpfile, rptfile, outfile)
    ~~~~~~~~~~~~~^^^^^^^^^^^^^^^^^^^^^^^^^^^
  File "/home/cintradu/miniconda3/envs/resilience_env/lib/python3.13/site-packages/wntr/epanet/toolkit.py", line 196, in ENopen
    self._error()
    ~~~~~~~~~~~^^
  File "/home/cintradu/miniconda3/envs/resilience_env/lib/python3.13/site-packages/wntr/epanet/toolkit.py", line 159, in _error
    raise EpanetException(self.errcode)
wntr.epanet.exceptions.EpanetException: (Error 223) not enough nodes in network
2026-05-17 18:40:18,060 [ERROR] (wntr.epanet.toolkit) EPANET error 223 - not enough nodes in network
2026-05-17 18:40:18,060 [ERROR] (core.simulation) Fatal error in hydraulic simulation
Traceback (most recent call last):
  File "/home/cintradu/IC/ENAU/ENAU-Modelling/src/core/simulation.py", line 25, in run_hydraulic_simulation
    results = sim.run_sim(convergence_error=True)
  File "/home/cintradu/miniconda3/envs/resilience_env/lib/python3.13/site-packages/wntr/sim/epanet.py", line 115, in run_sim
    enData.ENopen(inpfile, rptfile, outfile)
    ~~~~~~~~~~~~~^^^^^^^^^^^^^^^^^^^^^^^^^^^
  File "/home/cintradu/miniconda3/envs/resilience_env/lib/python3.13/site-packages/wntr/epanet/toolkit.py", line 196, in ENopen
    self._error()
    ~~~~~~~~~~~^^
  File "/home/cintradu/miniconda3/envs/resilience_env/lib/python3.13/site-packages/wntr/epanet/toolkit.py", line 159, in _error
    raise EpanetException(self.errcode)
wntr.epanet.exceptions.EpanetException: (Error 223) not enough nodes in network
2026-05-17 18:40:18,061 [ERROR] (wntr.epanet.toolkit) EPANET error 200 - one or more errors in input file %s
2026-05-17 18:40:18,063 [ERROR] (wntr.epanet.toolkit) EPANET error 223 - not enough nodes in network
2026-05-17 18:40:18,062 [ERROR] (core.simulation) Fatal error in hydraulic simulation
Traceback (most recent call last):
  File "/home/cintradu/IC/ENAU/ENAU-Modelling/src/core/simulation.py", line 25, in run_hydraulic_simulation
    results = sim.run_sim(convergence_error=True)
  File "/home/cintradu/miniconda3/envs/resilience_env/lib/python3.13/site-packages/wntr/sim/epanet.py", line 115, in run_sim
    enData.ENopen(inpfile, rptfile, outfile)
    ~~~~~~~~~~~~~^^^^^^^^^^^^^^^^^^^^^^^^^^^
  File "/home/cintradu/miniconda3/envs/resilience_env/lib/python3.13/site-packages/wntr/epanet/toolkit.py", line 196, in ENopen
    self._error()
    ~~~~~~~~~~~^^
  File "/home/cintradu/miniconda3/envs/resilience_env/lib/python3.13/site-packages/wntr/epanet/toolkit.py", line 159, in _error
    raise EpanetException(self.errcode)
wntr.epanet.exceptions.EpanetException: (Error 200) one or more errors in input file %s
2026-05-17 18:40:18,063 [ERROR] (core.simulation) Fatal error in hydraulic simulation
Traceback (most recent call last):
  File "/home/cintradu/IC/ENAU/ENAU-Modelling/src/core/simulation.py", line 25, in run_hydraulic_simulation
    results = sim.run_sim(convergence_error=True)
  File "/home/cintradu/miniconda3/envs/resilience_env/lib/python3.13/site-packages/wntr/sim/epanet.py", line 115, in run_sim
    enData.ENopen(inpfile, rptfile, outfile)
    ~~~~~~~~~~~~~^^^^^^^^^^^^^^^^^^^^^^^^^^^
  File "/home/cintradu/miniconda3/envs/resilience_env/lib/python3.13/site-packages/wntr/epanet/toolkit.py", line 196, in ENopen
    self._error()
    ~~~~~~~~~~~^^
  File "/home/cintradu/miniconda3/envs/resilience_env/lib/python3.13/site-packages/wntr/epanet/toolkit.py", line 159, in _error
    raise EpanetException(self.errcode)
wntr.epanet.exceptions.EpanetException: (Error 223) not enough nodes in network
2026-05-17 18:40:18,068 [ERROR] (wntr.epanet.toolkit) EPANET error 224 - no tanks or reservoirs in network
2026-05-17 18:40:18,068 [ERROR] (wntr.epanet.toolkit) EPANET error 224 - no tanks or reservoirs in network
2026-05-17 18:40:18,068 [ERROR] (core.simulation) Fatal error in hydraulic simulation
Traceback (most recent call last):
  File "/home/cintradu/IC/ENAU/ENAU-Modelling/src/core/simulation.py", line 25, in run_hydraulic_simulation
    results = sim.run_sim(convergence_error=True)
  File "/home/cintradu/miniconda3/envs/resilience_env/lib/python3.13/site-packages/wntr/sim/epanet.py", line 115, in run_sim
    enData.ENopen(inpfile, rptfile, outfile)
    ~~~~~~~~~~~~~^^^^^^^^^^^^^^^^^^^^^^^^^^^
  File "/home/cintradu/miniconda3/envs/resilience_env/lib/python3.13/site-packages/wntr/epanet/toolkit.py", line 196, in ENopen
    self._error()
    ~~~~~~~~~~~^^
  File "/home/cintradu/miniconda3/envs/resilience_env/lib/python3.13/site-packages/wntr/epanet/toolkit.py", line 159, in _error
    raise EpanetException(self.errcode)
wntr.epanet.exceptions.EpanetException: (Error 224) no tanks or reservoirs in network
2026-05-17 18:40:18,068 [ERROR] (core.simulation) Fatal error in hydraulic simulation
Traceback (most recent call last):
  File "/home/cintradu/IC/ENAU/ENAU-Modelling/src/core/simulation.py", line 25, in run_hydraulic_simulation
    results = sim.run_sim(convergence_error=True)
  File "/home/cintradu/miniconda3/envs/resilience_env/lib/python3.13/site-packages/wntr/sim/epanet.py", line 115, in run_sim
    enData.ENopen(inpfile, rptfile, outfile)
    ~~~~~~~~~~~~~^^^^^^^^^^^^^^^^^^^^^^^^^^^
  File "/home/cintradu/miniconda3/envs/resilience_env/lib/python3.13/site-packages/wntr/epanet/toolkit.py", line 196, in ENopen
    self._error()
    ~~~~~~~~~~~^^
  File "/home/cintradu/miniconda3/envs/resilience_env/lib/python3.13/site-packages/wntr/epanet/toolkit.py", line 159, in _error
    raise EpanetException(self.errcode)
wntr.epanet.exceptions.EpanetException: (Error 224) no tanks or reservoirs in network
2026-05-17 18:40:18,073 [ERROR] (wntr.epanet.toolkit) EPANET error 224 - no tanks or reservoirs in network
2026-05-17 18:40:18,073 [ERROR] (core.simulation) Fatal error in hydraulic simulation
Traceback (most recent call last):
  File "/home/cintradu/IC/ENAU/ENAU-Modelling/src/core/simulation.py", line 25, in run_hydraulic_simulation
    results = sim.run_sim(convergence_error=True)
  File "/home/cintradu/miniconda3/envs/resilience_env/lib/python3.13/site-packages/wntr/sim/epanet.py", line 115, in run_sim
    enData.ENopen(inpfile, rptfile, outfile)
    ~~~~~~~~~~~~~^^^^^^^^^^^^^^^^^^^^^^^^^^^
  File "/home/cintradu/miniconda3/envs/resilience_env/lib/python3.13/site-packages/wntr/epanet/toolkit.py", line 196, in ENopen
    self._error()
    ~~~~~~~~~~~^^
  File "/home/cintradu/miniconda3/envs/resilience_env/lib/python3.13/site-packages/wntr/epanet/toolkit.py", line 159, in _error
    raise EpanetException(self.errcode)
wntr.epanet.exceptions.EpanetException: (Error 224) no tanks or reservoirs in network
2026-05-17 18:40:18,078 [ERROR] (wntr.epanet.toolkit) EPANET error 200 - one or more errors in input file %s
2026-05-17 18:40:18,079 [ERROR] (core.simulation) Fatal error in hydraulic simulation
Traceback (most recent call last):
  File "/home/cintradu/IC/ENAU/ENAU-Modelling/src/core/simulation.py", line 25, in run_hydraulic_simulation
    results = sim.run_sim(convergence_error=True)
  File "/home/cintradu/miniconda3/envs/resilience_env/lib/python3.13/site-packages/wntr/sim/epanet.py", line 115, in run_sim
    enData.ENopen(inpfile, rptfile, outfile)
    ~~~~~~~~~~~~~^^^^^^^^^^^^^^^^^^^^^^^^^^^
  File "/home/cintradu/miniconda3/envs/resilience_env/lib/python3.13/site-packages/wntr/epanet/toolkit.py", line 196, in ENopen
    self._error()
    ~~~~~~~~~~~^^
  File "/home/cintradu/miniconda3/envs/resilience_env/lib/python3.13/site-packages/wntr/epanet/toolkit.py", line 159, in _error
    raise EpanetException(self.errcode)
wntr.epanet.exceptions.EpanetException: (Error 200) one or more errors in input file %s
2026-05-17 18:40:18,081 [ERROR] (wntr.epanet.toolkit) EPANET error 224 - no tanks or reservoirs in network
2026-05-17 18:40:18,081 [ERROR] (core.simulation) Fatal error in hydraulic simulation
Traceback (most recent call last):
  File "/home/cintradu/IC/ENAU/ENAU-Modelling/src/core/simulation.py", line 25, in run_hydraulic_simulation
    results = sim.run_sim(convergence_error=True)
  File "/home/cintradu/miniconda3/envs/resilience_env/lib/python3.13/site-packages/wntr/sim/epanet.py", line 115, in run_sim
    enData.ENopen(inpfile, rptfile, outfile)
    ~~~~~~~~~~~~~^^^^^^^^^^^^^^^^^^^^^^^^^^^
  File "/home/cintradu/miniconda3/envs/resilience_env/lib/python3.13/site-packages/wntr/epanet/toolkit.py", line 196, in ENopen
    self._error()
    ~~~~~~~~~~~^^
  File "/home/cintradu/miniconda3/envs/resilience_env/lib/python3.13/site-packages/wntr/epanet/toolkit.py", line 159, in _error
    raise EpanetException(self.errcode)
wntr.epanet.exceptions.EpanetException: (Error 224) no tanks or reservoirs in network
2026-05-17 18:40:18,082 [ERROR] (wntr.epanet.toolkit) EPANET error 200 - one or more errors in input file %s
2026-05-17 18:40:18,082 [ERROR] (core.simulation) Fatal error in hydraulic simulation
Traceback (most recent call last):
  File "/home/cintradu/IC/ENAU/ENAU-Modelling/src/core/simulation.py", line 25, in run_hydraulic_simulation
    results = sim.run_sim(convergence_error=True)
  File "/home/cintradu/miniconda3/envs/resilience_env/lib/python3.13/site-packages/wntr/sim/epanet.py", line 115, in run_sim
    enData.ENopen(inpfile, rptfile, outfile)
    ~~~~~~~~~~~~~^^^^^^^^^^^^^^^^^^^^^^^^^^^
  File "/home/cintradu/miniconda3/envs/resilience_env/lib/python3.13/site-packages/wntr/epanet/toolkit.py", line 196, in ENopen
    self._error()
    ~~~~~~~~~~~^^
  File "/home/cintradu/miniconda3/envs/resilience_env/lib/python3.13/site-packages/wntr/epanet/toolkit.py", line 159, in _error
    raise EpanetException(self.errcode)
wntr.epanet.exceptions.EpanetException: (Error 200) one or more errors in input file %s
2026-05-17 18:40:18,084 [ERROR] (wntr.epanet.toolkit) EPANET error 223 - not enough nodes in network
2026-05-17 18:40:18,084 [ERROR] (core.simulation) Fatal error in hydraulic simulation
Traceback (most recent call last):
  File "/home/cintradu/IC/ENAU/ENAU-Modelling/src/core/simulation.py", line 25, in run_hydraulic_simulation
    results = sim.run_sim(convergence_error=True)
  File "/home/cintradu/miniconda3/envs/resilience_env/lib/python3.13/site-packages/wntr/sim/epanet.py", line 115, in run_sim
    enData.ENopen(inpfile, rptfile, outfile)
    ~~~~~~~~~~~~~^^^^^^^^^^^^^^^^^^^^^^^^^^^
  File "/home/cintradu/miniconda3/envs/resilience_env/lib/python3.13/site-packages/wntr/epanet/toolkit.py", line 196, in ENopen
    self._error()
    ~~~~~~~~~~~^^
  File "/home/cintradu/miniconda3/envs/resilience_env/lib/python3.13/site-packages/wntr/epanet/toolkit.py", line 159, in _error
    raise EpanetException(self.errcode)
wntr.epanet.exceptions.EpanetException: (Error 223) not enough nodes in network
2026-05-17 18:40:18,088 [ERROR] (wntr.epanet.toolkit) EPANET error 200 - one or more errors in input file %s
2026-05-17 18:40:18,088 [ERROR] (core.simulation) Fatal error in hydraulic simulation
Traceback (most recent call last):
  File "/home/cintradu/IC/ENAU/ENAU-Modelling/src/core/simulation.py", line 25, in run_hydraulic_simulation
    results = sim.run_sim(convergence_error=True)
  File "/home/cintradu/miniconda3/envs/resilience_env/lib/python3.13/site-packages/wntr/sim/epanet.py", line 115, in run_sim
    enData.ENopen(inpfile, rptfile, outfile)
    ~~~~~~~~~~~~~^^^^^^^^^^^^^^^^^^^^^^^^^^^
  File "/home/cintradu/miniconda3/envs/resilience_env/lib/python3.13/site-packages/wntr/epanet/toolkit.py", line 196, in ENopen
    self._error()
    ~~~~~~~~~~~^^
  File "/home/cintradu/miniconda3/envs/resilience_env/lib/python3.13/site-packages/wntr/epanet/toolkit.py", line 159, in _error
    raise EpanetException(self.errcode)
wntr.epanet.exceptions.EpanetException: (Error 200) one or more errors in input file %s
2026-05-17 18:40:18,091 [ERROR] (wntr.epanet.toolkit) EPANET error 200 - one or more errors in input file %s
2026-05-17 18:40:18,091 [ERROR] (core.simulation) Fatal error in hydraulic simulation
Traceback (most recent call last):
  File "/home/cintradu/IC/ENAU/ENAU-Modelling/src/core/simulation.py", line 25, in run_hydraulic_simulation
    results = sim.run_sim(convergence_error=True)
  File "/home/cintradu/miniconda3/envs/resilience_env/lib/python3.13/site-packages/wntr/sim/epanet.py", line 115, in run_sim
    enData.ENopen(inpfile, rptfile, outfile)
    ~~~~~~~~~~~~~^^^^^^^^^^^^^^^^^^^^^^^^^^^
  File "/home/cintradu/miniconda3/envs/resilience_env/lib/python3.13/site-packages/wntr/epanet/toolkit.py", line 196, in ENopen
    self._error()
    ~~~~~~~~~~~^^
  File "/home/cintradu/miniconda3/envs/resilience_env/lib/python3.13/site-packages/wntr/epanet/toolkit.py", line 159, in _error
    raise EpanetException(self.errcode)
wntr.epanet.exceptions.EpanetException: (Error 200) one or more errors in input file %s
2026-05-17 18:40:18,141 [ERROR] (core.simulation) Fatal error in hydraulic simulation
Traceback (most recent call last):
  File "/home/cintradu/IC/ENAU/ENAU-Modelling/src/core/simulation.py", line 25, in run_hydraulic_simulation
    results = sim.run_sim(convergence_error=True)
  File "/home/cintradu/miniconda3/envs/resilience_env/lib/python3.13/site-packages/wntr/sim/epanet.py", line 133, in run_sim
    results = self.reader.read(outfile, convergence_error, self._wn.options.hydraulic.headloss=='D-W')
  File "/home/cintradu/miniconda3/envs/resilience_env/lib/python3.13/site-packages/wntr/epanet/io.py", line 2695, in read
    self.save_energy_line(pidx, linknames[pidx-1], energy)
                                ~~~~~~~~~^^^^^^^^
IndexError: list index out of range
2026-05-17 18:40:18,147 [ERROR] (core.simulation) Fatal error in hydraulic simulation
Traceback (most recent call last):
  File "/home/cintradu/IC/ENAU/ENAU-Modelling/src/core/simulation.py", line 25, in run_hydraulic_simulation
    results = sim.run_sim(convergence_error=True)
  File "/home/cintradu/miniconda3/envs/resilience_env/lib/python3.13/site-packages/wntr/sim/epanet.py", line 133, in run_sim
    results = self.reader.read(outfile, convergence_error, self._wn.options.hydraulic.headloss=='D-W')
  File "/home/cintradu/miniconda3/envs/resilience_env/lib/python3.13/site-packages/wntr/epanet/io.py", line 2695, in read
    self.save_energy_line(pidx, linknames[pidx-1], energy)
                                ~~~~~~~~~^^^^^^^^
IndexError: list index out of range
2026-05-17 18:40:18,151 [ERROR] (core.simulation) Fatal error in hydraulic simulation
Traceback (most recent call last):
  File "/home/cintradu/IC/ENAU/ENAU-Modelling/src/core/simulation.py", line 25, in run_hydraulic_simulation
    results = sim.run_sim(convergence_error=True)
  File "/home/cintradu/miniconda3/envs/resilience_env/lib/python3.13/site-packages/wntr/sim/epanet.py", line 133, in run_sim
    results = self.reader.read(outfile, convergence_error, self._wn.options.hydraulic.headloss=='D-W')
  File "/home/cintradu/miniconda3/envs/resilience_env/lib/python3.13/site-packages/wntr/epanet/io.py", line 2695, in read
    self.save_energy_line(pidx, linknames[pidx-1], energy)
                                ~~~~~~~~~^^^^^^^^
IndexError: list index out of range
2026-05-17 18:40:18,152 [ERROR] (core.simulation) Fatal error in hydraulic simulation
Traceback (most recent call last):
  File "/home/cintradu/IC/ENAU/ENAU-Modelling/src/core/simulation.py", line 25, in run_hydraulic_simulation
    results = sim.run_sim(convergence_error=True)
  File "/home/cintradu/miniconda3/envs/resilience_env/lib/python3.13/site-packages/wntr/sim/epanet.py", line 133, in run_sim
    results = self.reader.read(outfile, convergence_error, self._wn.options.hydraulic.headloss=='D-W')
  File "/home/cintradu/miniconda3/envs/resilience_env/lib/python3.13/site-packages/wntr/epanet/io.py", line 2695, in read
    self.save_energy_line(pidx, linknames[pidx-1], energy)
                                ~~~~~~~~~^^^^^^^^
IndexError: list index out of range
2026-05-17 18:40:18,153 [ERROR] (core.simulation) Fatal error in hydraulic simulation
Traceback (most recent call last):
  File "/home/cintradu/IC/ENAU/ENAU-Modelling/src/core/simulation.py", line 25, in run_hydraulic_simulation
    results = sim.run_sim(convergence_error=True)
  File "/home/cintradu/miniconda3/envs/resilience_env/lib/python3.13/site-packages/wntr/sim/epanet.py", line 133, in run_sim
    results = self.reader.read(outfile, convergence_error, self._wn.options.hydraulic.headloss=='D-W')
  File "/home/cintradu/miniconda3/envs/resilience_env/lib/python3.13/site-packages/wntr/epanet/io.py", line 2695, in read
    self.save_energy_line(pidx, linknames[pidx-1], energy)
                                ~~~~~~~~~^^^^^^^^
IndexError: list index out of range
2026-05-17 18:40:18,159 [ERROR] (core.simulation) Fatal error in hydraulic simulation
Traceback (most recent call last):
  File "/home/cintradu/IC/ENAU/ENAU-Modelling/src/core/simulation.py", line 25, in run_hydraulic_simulation
    results = sim.run_sim(convergence_error=True)
  File "/home/cintradu/miniconda3/envs/resilience_env/lib/python3.13/site-packages/wntr/sim/epanet.py", line 133, in run_sim
    results = self.reader.read(outfile, convergence_error, self._wn.options.hydraulic.headloss=='D-W')
  File "/home/cintradu/miniconda3/envs/resilience_env/lib/python3.13/site-packages/wntr/epanet/io.py", line 2695, in read
    self.save_energy_line(pidx, linknames[pidx-1], energy)
                                ~~~~~~~~~^^^^^^^^
IndexError: list index out of range
2026-05-17 18:40:18,161 [ERROR] (wntr.epanet.toolkit) EPANET error 200 - one or more errors in input file %s
2026-05-17 18:40:18,161 [ERROR] (core.simulation) Fatal error in hydraulic simulation
Traceback (most recent call last):
  File "/home/cintradu/IC/ENAU/ENAU-Modelling/src/core/simulation.py", line 25, in run_hydraulic_simulation
    results = sim.run_sim(convergence_error=True)
  File "/home/cintradu/miniconda3/envs/resilience_env/lib/python3.13/site-packages/wntr/sim/epanet.py", line 115, in run_sim
    enData.ENopen(inpfile, rptfile, outfile)
    ~~~~~~~~~~~~~^^^^^^^^^^^^^^^^^^^^^^^^^^^
  File "/home/cintradu/miniconda3/envs/resilience_env/lib/python3.13/site-packages/wntr/epanet/toolkit.py", line 196, in ENopen
    self._error()
    ~~~~~~~~~~~^^
  File "/home/cintradu/miniconda3/envs/resilience_env/lib/python3.13/site-packages/wntr/epanet/toolkit.py", line 159, in _error
    raise EpanetException(self.errcode)
wntr.epanet.exceptions.EpanetException: (Error 200) one or more errors in input file %s
2026-05-17 18:40:18,164 [ERROR] (wntr.epanet.toolkit) EPANET error 224 - no tanks or reservoirs in network
2026-05-17 18:40:18,164 [ERROR] (core.simulation) Fatal error in hydraulic simulation
Traceback (most recent call last):
  File "/home/cintradu/IC/ENAU/ENAU-Modelling/src/core/simulation.py", line 25, in run_hydraulic_simulation
    results = sim.run_sim(convergence_error=True)
  File "/home/cintradu/miniconda3/envs/resilience_env/lib/python3.13/site-packages/wntr/sim/epanet.py", line 115, in run_sim
    enData.ENopen(inpfile, rptfile, outfile)
    ~~~~~~~~~~~~~^^^^^^^^^^^^^^^^^^^^^^^^^^^
  File "/home/cintradu/miniconda3/envs/resilience_env/lib/python3.13/site-packages/wntr/epanet/toolkit.py", line 196, in ENopen
    self._error()
    ~~~~~~~~~~~^^
  File "/home/cintradu/miniconda3/envs/resilience_env/lib/python3.13/site-packages/wntr/epanet/toolkit.py", line 159, in _error
    raise EpanetException(self.errcode)
wntr.epanet.exceptions.EpanetException: (Error 224) no tanks or reservoirs in network
2026-05-17 18:40:18,169 [ERROR] (wntr.epanet.toolkit) EPANET error 200 - one or more errors in input file %s
2026-05-17 18:40:18,169 [ERROR] (wntr.epanet.toolkit) EPANET error 200 - one or more errors in input file %s
2026-05-17 18:40:18,169 [ERROR] (core.simulation) Fatal error in hydraulic simulation
Traceback (most recent call last):
  File "/home/cintradu/IC/ENAU/ENAU-Modelling/src/core/simulation.py", line 25, in run_hydraulic_simulation
    results = sim.run_sim(convergence_error=True)
  File "/home/cintradu/miniconda3/envs/resilience_env/lib/python3.13/site-packages/wntr/sim/epanet.py", line 115, in run_sim
    enData.ENopen(inpfile, rptfile, outfile)
    ~~~~~~~~~~~~~^^^^^^^^^^^^^^^^^^^^^^^^^^^
  File "/home/cintradu/miniconda3/envs/resilience_env/lib/python3.13/site-packages/wntr/epanet/toolkit.py", line 196, in ENopen
    self._error()
    ~~~~~~~~~~~^^
  File "/home/cintradu/miniconda3/envs/resilience_env/lib/python3.13/site-packages/wntr/epanet/toolkit.py", line 159, in _error
    raise EpanetException(self.errcode)
wntr.epanet.exceptions.EpanetException: (Error 200) one or more errors in input file %s
2026-05-17 18:40:18,169 [ERROR] (core.simulation) Fatal error in hydraulic simulation
Traceback (most recent call last):
  File "/home/cintradu/IC/ENAU/ENAU-Modelling/src/core/simulation.py", line 25, in run_hydraulic_simulation
    results = sim.run_sim(convergence_error=True)
  File "/home/cintradu/miniconda3/envs/resilience_env/lib/python3.13/site-packages/wntr/sim/epanet.py", line 115, in run_sim
    enData.ENopen(inpfile, rptfile, outfile)
    ~~~~~~~~~~~~~^^^^^^^^^^^^^^^^^^^^^^^^^^^
  File "/home/cintradu/miniconda3/envs/resilience_env/lib/python3.13/site-packages/wntr/epanet/toolkit.py", line 196, in ENopen
    self._error()
    ~~~~~~~~~~~^^
  File "/home/cintradu/miniconda3/envs/resilience_env/lib/python3.13/site-packages/wntr/epanet/toolkit.py", line 159, in _error
    raise EpanetException(self.errcode)
wntr.epanet.exceptions.EpanetException: (Error 200) one or more errors in input file %s
2026-05-17 18:40:18,190 [ERROR] (wntr.epanet.toolkit) EPANET error 200 - one or more errors in input file %s
2026-05-17 18:40:18,191 [ERROR] (core.simulation) Fatal error in hydraulic simulation
Traceback (most recent call last):
  File "/home/cintradu/IC/ENAU/ENAU-Modelling/src/core/simulation.py", line 25, in run_hydraulic_simulation
    results = sim.run_sim(convergence_error=True)
  File "/home/cintradu/miniconda3/envs/resilience_env/lib/python3.13/site-packages/wntr/sim/epanet.py", line 115, in run_sim
    enData.ENopen(inpfile, rptfile, outfile)
    ~~~~~~~~~~~~~^^^^^^^^^^^^^^^^^^^^^^^^^^^
  File "/home/cintradu/miniconda3/envs/resilience_env/lib/python3.13/site-packages/wntr/epanet/toolkit.py", line 196, in ENopen
    self._error()
    ~~~~~~~~~~~^^
  File "/home/cintradu/miniconda3/envs/resilience_env/lib/python3.13/site-packages/wntr/epanet/toolkit.py", line 159, in _error
    raise EpanetException(self.errcode)
wntr.epanet.exceptions.EpanetException: (Error 200) one or more errors in input file %s
2026-05-17 18:40:18,200 [ERROR] (core.simulation) Fatal error in hydraulic simulation
Traceback (most recent call last):
  File "/home/cintradu/IC/ENAU/ENAU-Modelling/src/core/simulation.py", line 25, in run_hydraulic_simulation
    results = sim.run_sim(convergence_error=True)
  File "/home/cintradu/miniconda3/envs/resilience_env/lib/python3.13/site-packages/wntr/sim/epanet.py", line 133, in run_sim
    results = self.reader.read(outfile, convergence_error, self._wn.options.hydraulic.headloss=='D-W')
  File "/home/cintradu/miniconda3/envs/resilience_env/lib/python3.13/site-packages/wntr/epanet/io.py", line 2857, in read
    if magic1 != magic2:
       ^^^^^^^^^^^^^^^^
ValueError: The truth value of an empty array is ambiguous. Use `array.size > 0` to check that an array is not empty.
2026-05-17 18:40:18,209 [ERROR] (wntr.epanet.toolkit) EPANET error 223 - not enough nodes in network
2026-05-17 18:40:18,213 [ERROR] (wntr.epanet.toolkit) EPANET error 224 - no tanks or reservoirs in network
2026-05-17 18:40:18,210 [ERROR] (core.simulation) Fatal error in hydraulic simulation
Traceback (most recent call last):
  File "/home/cintradu/IC/ENAU/ENAU-Modelling/src/core/simulation.py", line 25, in run_hydraulic_simulation
    results = sim.run_sim(convergence_error=True)
  File "/home/cintradu/miniconda3/envs/resilience_env/lib/python3.13/site-packages/wntr/sim/epanet.py", line 115, in run_sim
    enData.ENopen(inpfile, rptfile, outfile)
    ~~~~~~~~~~~~~^^^^^^^^^^^^^^^^^^^^^^^^^^^
  File "/home/cintradu/miniconda3/envs/resilience_env/lib/python3.13/site-packages/wntr/epanet/toolkit.py", line 196, in ENopen
    self._error()
    ~~~~~~~~~~~^^
  File "/home/cintradu/miniconda3/envs/resilience_env/lib/python3.13/site-packages/wntr/epanet/toolkit.py", line 159, in _error
    raise EpanetException(self.errcode)
wntr.epanet.exceptions.EpanetException: (Error 223) not enough nodes in network
2026-05-17 18:40:18,213 [ERROR] (core.simulation) Fatal error in hydraulic simulation
Traceback (most recent call last):
  File "/home/cintradu/IC/ENAU/ENAU-Modelling/src/core/simulation.py", line 25, in run_hydraulic_simulation
    results = sim.run_sim(convergence_error=True)
  File "/home/cintradu/miniconda3/envs/resilience_env/lib/python3.13/site-packages/wntr/sim/epanet.py", line 115, in run_sim
    enData.ENopen(inpfile, rptfile, outfile)
    ~~~~~~~~~~~~~^^^^^^^^^^^^^^^^^^^^^^^^^^^
  File "/home/cintradu/miniconda3/envs/resilience_env/lib/python3.13/site-packages/wntr/epanet/toolkit.py", line 196, in ENopen
    self._error()
    ~~~~~~~~~~~^^
  File "/home/cintradu/miniconda3/envs/resilience_env/lib/python3.13/site-packages/wntr/epanet/toolkit.py", line 159, in _error
    raise EpanetException(self.errcode)
wntr.epanet.exceptions.EpanetException: (Error 224) no tanks or reservoirs in network
2026-05-17 18:40:18,222 [ERROR] (core.simulation) Fatal error in hydraulic simulation
Traceback (most recent call last):
  File "/home/cintradu/IC/ENAU/ENAU-Modelling/src/core/simulation.py", line 25, in run_hydraulic_simulation
    results = sim.run_sim(convergence_error=True)
  File "/home/cintradu/miniconda3/envs/resilience_env/lib/python3.13/site-packages/wntr/sim/epanet.py", line 133, in run_sim
    results = self.reader.read(outfile, convergence_error, self._wn.options.hydraulic.headloss=='D-W')
  File "/home/cintradu/miniconda3/envs/resilience_env/lib/python3.13/site-packages/wntr/epanet/io.py", line 2695, in read
    self.save_energy_line(pidx, linknames[pidx-1], energy)
                                ~~~~~~~~~^^^^^^^^
IndexError: list index out of range
2026-05-17 18:40:18,230 [ERROR] (wntr.epanet.toolkit) EPANET error 224 - no tanks or reservoirs in network
2026-05-17 18:40:18,230 [ERROR] (wntr.epanet.toolkit) EPANET error 224 - no tanks or reservoirs in network
2026-05-17 18:40:18,230 [ERROR] (core.simulation) Fatal error in hydraulic simulation
Traceback (most recent call last):
  File "/home/cintradu/IC/ENAU/ENAU-Modelling/src/core/simulation.py", line 25, in run_hydraulic_simulation
    results = sim.run_sim(convergence_error=True)
  File "/home/cintradu/miniconda3/envs/resilience_env/lib/python3.13/site-packages/wntr/sim/epanet.py", line 115, in run_sim
    enData.ENopen(inpfile, rptfile, outfile)
    ~~~~~~~~~~~~~^^^^^^^^^^^^^^^^^^^^^^^^^^^
  File "/home/cintradu/miniconda3/envs/resilience_env/lib/python3.13/site-packages/wntr/epanet/toolkit.py", line 196, in ENopen
    self._error()
    ~~~~~~~~~~~^^
  File "/home/cintradu/miniconda3/envs/resilience_env/lib/python3.13/site-packages/wntr/epanet/toolkit.py", line 159, in _error
    raise EpanetException(self.errcode)
wntr.epanet.exceptions.EpanetException: (Error 224) no tanks or reservoirs in network
2026-05-17 18:40:18,230 [ERROR] (core.simulation) Fatal error in hydraulic simulation
Traceback (most recent call last):
  File "/home/cintradu/IC/ENAU/ENAU-Modelling/src/core/simulation.py", line 25, in run_hydraulic_simulation
    results = sim.run_sim(convergence_error=True)
  File "/home/cintradu/miniconda3/envs/resilience_env/lib/python3.13/site-packages/wntr/sim/epanet.py", line 115, in run_sim
    enData.ENopen(inpfile, rptfile, outfile)
    ~~~~~~~~~~~~~^^^^^^^^^^^^^^^^^^^^^^^^^^^
  File "/home/cintradu/miniconda3/envs/resilience_env/lib/python3.13/site-packages/wntr/epanet/toolkit.py", line 196, in ENopen
    self._error()
    ~~~~~~~~~~~^^
  File "/home/cintradu/miniconda3/envs/resilience_env/lib/python3.13/site-packages/wntr/epanet/toolkit.py", line 159, in _error
    raise EpanetException(self.errcode)
wntr.epanet.exceptions.EpanetException: (Error 224) no tanks or reservoirs in network
2026-05-17 18:40:18,234 [ERROR] (wntr.epanet.toolkit) EPANET error 224 - no tanks or reservoirs in network
2026-05-17 18:40:18,235 [ERROR] (core.simulation) Fatal error in hydraulic simulation
Traceback (most recent call last):
  File "/home/cintradu/IC/ENAU/ENAU-Modelling/src/core/simulation.py", line 25, in run_hydraulic_simulation
    results = sim.run_sim(convergence_error=True)
  File "/home/cintradu/miniconda3/envs/resilience_env/lib/python3.13/site-packages/wntr/sim/epanet.py", line 115, in run_sim
    enData.ENopen(inpfile, rptfile, outfile)
    ~~~~~~~~~~~~~^^^^^^^^^^^^^^^^^^^^^^^^^^^
  File "/home/cintradu/miniconda3/envs/resilience_env/lib/python3.13/site-packages/wntr/epanet/toolkit.py", line 196, in ENopen
    self._error()
    ~~~~~~~~~~~^^
  File "/home/cintradu/miniconda3/envs/resilience_env/lib/python3.13/site-packages/wntr/epanet/toolkit.py", line 159, in _error
    raise EpanetException(self.errcode)
wntr.epanet.exceptions.EpanetException: (Error 224) no tanks or reservoirs in network
2026-05-17 18:40:18,239 [ERROR] (core.simulation) Fatal error in hydraulic simulation
Traceback (most recent call last):
  File "/home/cintradu/IC/ENAU/ENAU-Modelling/src/core/simulation.py", line 25, in run_hydraulic_simulation
    results = sim.run_sim(convergence_error=True)
  File "/home/cintradu/miniconda3/envs/resilience_env/lib/python3.13/site-packages/wntr/sim/epanet.py", line 133, in run_sim
    results = self.reader.read(outfile, convergence_error, self._wn.options.hydraulic.headloss=='D-W')
  File "/home/cintradu/miniconda3/envs/resilience_env/lib/python3.13/site-packages/wntr/epanet/io.py", line 2695, in read
    self.save_energy_line(pidx, linknames[pidx-1], energy)
                                ~~~~~~~~~^^^^^^^^
IndexError: list index out of range
2026-05-17 18:40:18,246 [ERROR] (wntr.epanet.toolkit) EPANET error 223 - not enough nodes in network
2026-05-17 18:40:18,246 [ERROR] (core.simulation) Fatal error in hydraulic simulation
Traceback (most recent call last):
  File "/home/cintradu/IC/ENAU/ENAU-Modelling/src/core/simulation.py", line 25, in run_hydraulic_simulation
    results = sim.run_sim(convergence_error=True)
  File "/home/cintradu/miniconda3/envs/resilience_env/lib/python3.13/site-packages/wntr/sim/epanet.py", line 115, in run_sim
    enData.ENopen(inpfile, rptfile, outfile)
    ~~~~~~~~~~~~~^^^^^^^^^^^^^^^^^^^^^^^^^^^
  File "/home/cintradu/miniconda3/envs/resilience_env/lib/python3.13/site-packages/wntr/epanet/toolkit.py", line 196, in ENopen
    self._error()
    ~~~~~~~~~~~^^
  File "/home/cintradu/miniconda3/envs/resilience_env/lib/python3.13/site-packages/wntr/epanet/toolkit.py", line 159, in _error
    raise EpanetException(self.errcode)
wntr.epanet.exceptions.EpanetException: (Error 223) not enough nodes in network
2026-05-17 18:40:18,251 [ERROR] (wntr.epanet.toolkit) EPANET error 200 - one or more errors in input file %s
2026-05-17 18:40:18,252 [ERROR] (core.simulation) Fatal error in hydraulic simulation
Traceback (most recent call last):
  File "/home/cintradu/IC/ENAU/ENAU-Modelling/src/core/simulation.py", line 25, in run_hydraulic_simulation
    results = sim.run_sim(convergence_error=True)
  File "/home/cintradu/miniconda3/envs/resilience_env/lib/python3.13/site-packages/wntr/sim/epanet.py", line 115, in run_sim
    enData.ENopen(inpfile, rptfile, outfile)
    ~~~~~~~~~~~~~^^^^^^^^^^^^^^^^^^^^^^^^^^^
  File "/home/cintradu/miniconda3/envs/resilience_env/lib/python3.13/site-packages/wntr/epanet/toolkit.py", line 196, in ENopen
    self._error()
    ~~~~~~~~~~~^^
  File "/home/cintradu/miniconda3/envs/resilience_env/lib/python3.13/site-packages/wntr/epanet/toolkit.py", line 159, in _error
    raise EpanetException(self.errcode)
wntr.epanet.exceptions.EpanetException: (Error 200) one or more errors in input file %s
2026-05-17 18:40:18,257 [ERROR] (wntr.epanet.toolkit) EPANET error 200 - one or more errors in input file %s
2026-05-17 18:40:18,257 [ERROR] (wntr.epanet.toolkit) EPANET error 200 - one or more errors in input file %s
2026-05-17 18:40:18,257 [ERROR] (core.simulation) Fatal error in hydraulic simulation
Traceback (most recent call last):
  File "/home/cintradu/IC/ENAU/ENAU-Modelling/src/core/simulation.py", line 25, in run_hydraulic_simulation
    results = sim.run_sim(convergence_error=True)
  File "/home/cintradu/miniconda3/envs/resilience_env/lib/python3.13/site-packages/wntr/sim/epanet.py", line 115, in run_sim
    enData.ENopen(inpfile, rptfile, outfile)
    ~~~~~~~~~~~~~^^^^^^^^^^^^^^^^^^^^^^^^^^^
  File "/home/cintradu/miniconda3/envs/resilience_env/lib/python3.13/site-packages/wntr/epanet/toolkit.py", line 196, in ENopen
    self._error()
    ~~~~~~~~~~~^^
  File "/home/cintradu/miniconda3/envs/resilience_env/lib/python3.13/site-packages/wntr/epanet/toolkit.py", line 159, in _error
    raise EpanetException(self.errcode)
wntr.epanet.exceptions.EpanetException: (Error 200) one or more errors in input file %s
2026-05-17 18:40:18,257 [ERROR] (core.simulation) Fatal error in hydraulic simulation
Traceback (most recent call last):
  File "/home/cintradu/IC/ENAU/ENAU-Modelling/src/core/simulation.py", line 25, in run_hydraulic_simulation
    results = sim.run_sim(convergence_error=True)
  File "/home/cintradu/miniconda3/envs/resilience_env/lib/python3.13/site-packages/wntr/sim/epanet.py", line 115, in run_sim
    enData.ENopen(inpfile, rptfile, outfile)
    ~~~~~~~~~~~~~^^^^^^^^^^^^^^^^^^^^^^^^^^^
  File "/home/cintradu/miniconda3/envs/resilience_env/lib/python3.13/site-packages/wntr/epanet/toolkit.py", line 196, in ENopen
    self._error()
    ~~~~~~~~~~~^^
  File "/home/cintradu/miniconda3/envs/resilience_env/lib/python3.13/site-packages/wntr/epanet/toolkit.py", line 159, in _error
    raise EpanetException(self.errcode)
wntr.epanet.exceptions.EpanetException: (Error 200) one or more errors in input file %s
2026-05-17 18:40:18,260 [ERROR] (wntr.epanet.toolkit) EPANET error 224 - no tanks or reservoirs in network
2026-05-17 18:40:18,261 [ERROR] (core.simulation) Fatal error in hydraulic simulation
Traceback (most recent call last):
  File "/home/cintradu/IC/ENAU/ENAU-Modelling/src/core/simulation.py", line 25, in run_hydraulic_simulation
    results = sim.run_sim(convergence_error=True)
  File "/home/cintradu/miniconda3/envs/resilience_env/lib/python3.13/site-packages/wntr/sim/epanet.py", line 115, in run_sim
    enData.ENopen(inpfile, rptfile, outfile)
    ~~~~~~~~~~~~~^^^^^^^^^^^^^^^^^^^^^^^^^^^
  File "/home/cintradu/miniconda3/envs/resilience_env/lib/python3.13/site-packages/wntr/epanet/toolkit.py", line 196, in ENopen
    self._error()
    ~~~~~~~~~~~^^
  File "/home/cintradu/miniconda3/envs/resilience_env/lib/python3.13/site-packages/wntr/epanet/toolkit.py", line 159, in _error
    raise EpanetException(self.errcode)
wntr.epanet.exceptions.EpanetException: (Error 224) no tanks or reservoirs in network
2026-05-17 18:40:18,263 [ERROR] (wntr.epanet.toolkit) EPANET error 224 - no tanks or reservoirs in network
2026-05-17 18:40:18,263 [ERROR] (wntr.epanet.toolkit) EPANET error 224 - no tanks or reservoirs in network
2026-05-17 18:40:18,264 [ERROR] (core.simulation) Fatal error in hydraulic simulation
Traceback (most recent call last):
  File "/home/cintradu/IC/ENAU/ENAU-Modelling/src/core/simulation.py", line 25, in run_hydraulic_simulation
    results = sim.run_sim(convergence_error=True)
  File "/home/cintradu/miniconda3/envs/resilience_env/lib/python3.13/site-packages/wntr/sim/epanet.py", line 115, in run_sim
    enData.ENopen(inpfile, rptfile, outfile)
    ~~~~~~~~~~~~~^^^^^^^^^^^^^^^^^^^^^^^^^^^
  File "/home/cintradu/miniconda3/envs/resilience_env/lib/python3.13/site-packages/wntr/epanet/toolkit.py", line 196, in ENopen
    self._error()
    ~~~~~~~~~~~^^
  File "/home/cintradu/miniconda3/envs/resilience_env/lib/python3.13/site-packages/wntr/epanet/toolkit.py", line 159, in _error
    raise EpanetException(self.errcode)
wntr.epanet.exceptions.EpanetException: (Error 224) no tanks or reservoirs in network
2026-05-17 18:40:18,263 [ERROR] (core.simulation) Fatal error in hydraulic simulation
Traceback (most recent call last):
  File "/home/cintradu/IC/ENAU/ENAU-Modelling/src/core/simulation.py", line 25, in run_hydraulic_simulation
    results = sim.run_sim(convergence_error=True)
  File "/home/cintradu/miniconda3/envs/resilience_env/lib/python3.13/site-packages/wntr/sim/epanet.py", line 115, in run_sim
    enData.ENopen(inpfile, rptfile, outfile)
    ~~~~~~~~~~~~~^^^^^^^^^^^^^^^^^^^^^^^^^^^
  File "/home/cintradu/miniconda3/envs/resilience_env/lib/python3.13/site-packages/wntr/epanet/toolkit.py", line 196, in ENopen
    self._error()
    ~~~~~~~~~~~^^
  File "/home/cintradu/miniconda3/envs/resilience_env/lib/python3.13/site-packages/wntr/epanet/toolkit.py", line 159, in _error
    raise EpanetException(self.errcode)
wntr.epanet.exceptions.EpanetException: (Error 224) no tanks or reservoirs in network
2026-05-17 18:40:18,267 [ERROR] (wntr.epanet.toolkit) EPANET error 224 - no tanks or reservoirs in network
2026-05-17 18:40:18,268 [ERROR] (wntr.epanet.toolkit) EPANET error 200 - one or more errors in input file %s
2026-05-17 18:40:18,267 [ERROR] (core.simulation) Fatal error in hydraulic simulation
Traceback (most recent call last):
  File "/home/cintradu/IC/ENAU/ENAU-Modelling/src/core/simulation.py", line 25, in run_hydraulic_simulation
    results = sim.run_sim(convergence_error=True)
  File "/home/cintradu/miniconda3/envs/resilience_env/lib/python3.13/site-packages/wntr/sim/epanet.py", line 115, in run_sim
    enData.ENopen(inpfile, rptfile, outfile)
    ~~~~~~~~~~~~~^^^^^^^^^^^^^^^^^^^^^^^^^^^
  File "/home/cintradu/miniconda3/envs/resilience_env/lib/python3.13/site-packages/wntr/epanet/toolkit.py", line 196, in ENopen
    self._error()
    ~~~~~~~~~~~^^
  File "/home/cintradu/miniconda3/envs/resilience_env/lib/python3.13/site-packages/wntr/epanet/toolkit.py", line 159, in _error
    raise EpanetException(self.errcode)
wntr.epanet.exceptions.EpanetException: (Error 224) no tanks or reservoirs in network
2026-05-17 18:40:18,268 [ERROR] (core.simulation) Fatal error in hydraulic simulation
Traceback (most recent call last):
  File "/home/cintradu/IC/ENAU/ENAU-Modelling/src/core/simulation.py", line 25, in run_hydraulic_simulation
    results = sim.run_sim(convergence_error=True)
  File "/home/cintradu/miniconda3/envs/resilience_env/lib/python3.13/site-packages/wntr/sim/epanet.py", line 115, in run_sim
    enData.ENopen(inpfile, rptfile, outfile)
    ~~~~~~~~~~~~~^^^^^^^^^^^^^^^^^^^^^^^^^^^
  File "/home/cintradu/miniconda3/envs/resilience_env/lib/python3.13/site-packages/wntr/epanet/toolkit.py", line 196, in ENopen
    self._error()
    ~~~~~~~~~~~^^
  File "/home/cintradu/miniconda3/envs/resilience_env/lib/python3.13/site-packages/wntr/epanet/toolkit.py", line 159, in _error
    raise EpanetException(self.errcode)
wntr.epanet.exceptions.EpanetException: (Error 200) one or more errors in input file %s
2026-05-17 18:40:18,268 [ERROR] (wntr.epanet.toolkit) EPANET error 200 - one or more errors in input file %s
2026-05-17 18:40:18,270 [ERROR] (core.simulation) Fatal error in hydraulic simulation
Traceback (most recent call last):
  File "/home/cintradu/IC/ENAU/ENAU-Modelling/src/core/simulation.py", line 25, in run_hydraulic_simulation
    results = sim.run_sim(convergence_error=True)
  File "/home/cintradu/miniconda3/envs/resilience_env/lib/python3.13/site-packages/wntr/sim/epanet.py", line 115, in run_sim
    enData.ENopen(inpfile, rptfile, outfile)
    ~~~~~~~~~~~~~^^^^^^^^^^^^^^^^^^^^^^^^^^^
  File "/home/cintradu/miniconda3/envs/resilience_env/lib/python3.13/site-packages/wntr/epanet/toolkit.py", line 196, in ENopen
    self._error()
    ~~~~~~~~~~~^^
  File "/home/cintradu/miniconda3/envs/resilience_env/lib/python3.13/site-packages/wntr/epanet/toolkit.py", line 159, in _error
    raise EpanetException(self.errcode)
wntr.epanet.exceptions.EpanetException: (Error 200) one or more errors in input file %s
2026-05-17 18:40:18,277 [ERROR] (wntr.epanet.toolkit) EPANET error 200 - one or more errors in input file %s
2026-05-17 18:40:18,278 [ERROR] (core.simulation) Fatal error in hydraulic simulation
Traceback (most recent call last):
  File "/home/cintradu/IC/ENAU/ENAU-Modelling/src/core/simulation.py", line 25, in run_hydraulic_simulation
    results = sim.run_sim(convergence_error=True)
  File "/home/cintradu/miniconda3/envs/resilience_env/lib/python3.13/site-packages/wntr/sim/epanet.py", line 115, in run_sim
    enData.ENopen(inpfile, rptfile, outfile)
    ~~~~~~~~~~~~~^^^^^^^^^^^^^^^^^^^^^^^^^^^
  File "/home/cintradu/miniconda3/envs/resilience_env/lib/python3.13/site-packages/wntr/epanet/toolkit.py", line 196, in ENopen
    self._error()
    ~~~~~~~~~~~^^
  File "/home/cintradu/miniconda3/envs/resilience_env/lib/python3.13/site-packages/wntr/epanet/toolkit.py", line 159, in _error
    raise EpanetException(self.errcode)
wntr.epanet.exceptions.EpanetException: (Error 200) one or more errors in input file %s
2026-05-17 18:40:18,280 [ERROR] (wntr.epanet.toolkit) EPANET error 200 - one or more errors in input file %s
2026-05-17 18:40:18,280 [ERROR] (core.simulation) Fatal error in hydraulic simulation
Traceback (most recent call last):
  File "/home/cintradu/IC/ENAU/ENAU-Modelling/src/core/simulation.py", line 25, in run_hydraulic_simulation
    results = sim.run_sim(convergence_error=True)
  File "/home/cintradu/miniconda3/envs/resilience_env/lib/python3.13/site-packages/wntr/sim/epanet.py", line 115, in run_sim
    enData.ENopen(inpfile, rptfile, outfile)
    ~~~~~~~~~~~~~^^^^^^^^^^^^^^^^^^^^^^^^^^^
  File "/home/cintradu/miniconda3/envs/resilience_env/lib/python3.13/site-packages/wntr/epanet/toolkit.py", line 196, in ENopen
    self._error()
    ~~~~~~~~~~~^^
  File "/home/cintradu/miniconda3/envs/resilience_env/lib/python3.13/site-packages/wntr/epanet/toolkit.py", line 159, in _error
    raise EpanetException(self.errcode)
wntr.epanet.exceptions.EpanetException: (Error 200) one or more errors in input file %s
2026-05-17 18:40:18,281 [ERROR] (wntr.epanet.toolkit) EPANET error 223 - not enough nodes in network
2026-05-17 18:40:18,282 [ERROR] (core.simulation) Fatal error in hydraulic simulation
Traceback (most recent call last):
  File "/home/cintradu/IC/ENAU/ENAU-Modelling/src/core/simulation.py", line 25, in run_hydraulic_simulation
    results = sim.run_sim(convergence_error=True)
  File "/home/cintradu/miniconda3/envs/resilience_env/lib/python3.13/site-packages/wntr/sim/epanet.py", line 115, in run_sim
    enData.ENopen(inpfile, rptfile, outfile)
    ~~~~~~~~~~~~~^^^^^^^^^^^^^^^^^^^^^^^^^^^
  File "/home/cintradu/miniconda3/envs/resilience_env/lib/python3.13/site-packages/wntr/epanet/toolkit.py", line 196, in ENopen
    self._error()
    ~~~~~~~~~~~^^
  File "/home/cintradu/miniconda3/envs/resilience_env/lib/python3.13/site-packages/wntr/epanet/toolkit.py", line 159, in _error
    raise EpanetException(self.errcode)
wntr.epanet.exceptions.EpanetException: (Error 223) not enough nodes in network
2026-05-17 18:40:18,283 [ERROR] (wntr.epanet.toolkit) EPANET error 223 - not enough nodes in network
2026-05-17 18:40:18,283 [ERROR] (core.simulation) Fatal error in hydraulic simulation
Traceback (most recent call last):
  File "/home/cintradu/IC/ENAU/ENAU-Modelling/src/core/simulation.py", line 25, in run_hydraulic_simulation
    results = sim.run_sim(convergence_error=True)
  File "/home/cintradu/miniconda3/envs/resilience_env/lib/python3.13/site-packages/wntr/sim/epanet.py", line 115, in run_sim
    enData.ENopen(inpfile, rptfile, outfile)
    ~~~~~~~~~~~~~^^^^^^^^^^^^^^^^^^^^^^^^^^^
  File "/home/cintradu/miniconda3/envs/resilience_env/lib/python3.13/site-packages/wntr/epanet/toolkit.py", line 196, in ENopen
    self._error()
    ~~~~~~~~~~~^^
  File "/home/cintradu/miniconda3/envs/resilience_env/lib/python3.13/site-packages/wntr/epanet/toolkit.py", line 159, in _error
    raise EpanetException(self.errcode)
wntr.epanet.exceptions.EpanetException: (Error 223) not enough nodes in network
2026-05-17 18:40:18,324 [ERROR] (core.simulation) Fatal error in hydraulic simulation
Traceback (most recent call last):
  File "/home/cintradu/IC/ENAU/ENAU-Modelling/src/core/simulation.py", line 25, in run_hydraulic_simulation
    results = sim.run_sim(convergence_error=True)
  File "/home/cintradu/miniconda3/envs/resilience_env/lib/python3.13/site-packages/wntr/sim/epanet.py", line 133, in run_sim
    results = self.reader.read(outfile, convergence_error, self._wn.options.hydraulic.headloss=='D-W')
  File "/home/cintradu/miniconda3/envs/resilience_env/lib/python3.13/site-packages/wntr/epanet/io.py", line 2695, in read
    self.save_energy_line(pidx, linknames[pidx-1], energy)
                                ~~~~~~~~~^^^^^^^^
IndexError: list index out of range
2026-05-17 18:40:18,339 [ERROR] (core.simulation) Fatal error in hydraulic simulation
Traceback (most recent call last):
  File "/home/cintradu/IC/ENAU/ENAU-Modelling/src/core/simulation.py", line 25, in run_hydraulic_simulation
    results = sim.run_sim(convergence_error=True)
  File "/home/cintradu/miniconda3/envs/resilience_env/lib/python3.13/site-packages/wntr/sim/epanet.py", line 133, in run_sim
    results = self.reader.read(outfile, convergence_error, self._wn.options.hydraulic.headloss=='D-W')
  File "/home/cintradu/miniconda3/envs/resilience_env/lib/python3.13/site-packages/wntr/epanet/io.py", line 2695, in read
    self.save_energy_line(pidx, linknames[pidx-1], energy)
                                ~~~~~~~~~^^^^^^^^
IndexError: list index out of range
2026-05-17 18:40:18,341 [ERROR] (core.simulation) Fatal error in hydraulic simulation
Traceback (most recent call last):
  File "/home/cintradu/IC/ENAU/ENAU-Modelling/src/core/simulation.py", line 25, in run_hydraulic_simulation
    results = sim.run_sim(convergence_error=True)
  File "/home/cintradu/miniconda3/envs/resilience_env/lib/python3.13/site-packages/wntr/sim/epanet.py", line 133, in run_sim
    results = self.reader.read(outfile, convergence_error, self._wn.options.hydraulic.headloss=='D-W')
  File "/home/cintradu/miniconda3/envs/resilience_env/lib/python3.13/site-packages/wntr/epanet/io.py", line 2695, in read
    self.save_energy_line(pidx, linknames[pidx-1], energy)
                                ~~~~~~~~~^^^^^^^^
IndexError: list index out of range
2026-05-17 18:40:18,344 [ERROR] (wntr.epanet.toolkit) EPANET error 224 - no tanks or reservoirs in network
2026-05-17 18:40:18,344 [ERROR] (core.simulation) Fatal error in hydraulic simulation
Traceback (most recent call last):
  File "/home/cintradu/IC/ENAU/ENAU-Modelling/src/core/simulation.py", line 25, in run_hydraulic_simulation
    results = sim.run_sim(convergence_error=True)
  File "/home/cintradu/miniconda3/envs/resilience_env/lib/python3.13/site-packages/wntr/sim/epanet.py", line 115, in run_sim
    enData.ENopen(inpfile, rptfile, outfile)
    ~~~~~~~~~~~~~^^^^^^^^^^^^^^^^^^^^^^^^^^^
  File "/home/cintradu/miniconda3/envs/resilience_env/lib/python3.13/site-packages/wntr/epanet/toolkit.py", line 196, in ENopen
    self._error()
    ~~~~~~~~~~~^^
  File "/home/cintradu/miniconda3/envs/resilience_env/lib/python3.13/site-packages/wntr/epanet/toolkit.py", line 159, in _error
    raise EpanetException(self.errcode)
wntr.epanet.exceptions.EpanetException: (Error 224) no tanks or reservoirs in network
2026-05-17 18:40:18,358 [ERROR] (core.simulation) Fatal error in hydraulic simulation
Traceback (most recent call last):
  File "/home/cintradu/IC/ENAU/ENAU-Modelling/src/core/simulation.py", line 25, in run_hydraulic_simulation
    results = sim.run_sim(convergence_error=True)
  File "/home/cintradu/miniconda3/envs/resilience_env/lib/python3.13/site-packages/wntr/sim/epanet.py", line 133, in run_sim
    results = self.reader.read(outfile, convergence_error, self._wn.options.hydraulic.headloss=='D-W')
  File "/home/cintradu/miniconda3/envs/resilience_env/lib/python3.13/site-packages/wntr/epanet/io.py", line 2695, in read
    self.save_energy_line(pidx, linknames[pidx-1], energy)
                                ~~~~~~~~~^^^^^^^^
IndexError: list index out of range
2026-05-17 18:40:18,381 [ERROR] (wntr.epanet.toolkit) EPANET error 200 - one or more errors in input file %s
2026-05-17 18:40:18,377 [ERROR] (core.simulation) Fatal error in hydraulic simulation
Traceback (most recent call last):
  File "/home/cintradu/IC/ENAU/ENAU-Modelling/src/core/simulation.py", line 25, in run_hydraulic_simulation
    results = sim.run_sim(convergence_error=True)
  File "/home/cintradu/miniconda3/envs/resilience_env/lib/python3.13/site-packages/wntr/sim/epanet.py", line 133, in run_sim
    results = self.reader.read(outfile, convergence_error, self._wn.options.hydraulic.headloss=='D-W')
  File "/home/cintradu/miniconda3/envs/resilience_env/lib/python3.13/site-packages/wntr/epanet/io.py", line 2857, in read
    if magic1 != magic2:
       ^^^^^^^^^^^^^^^^
ValueError: The truth value of an empty array is ambiguous. Use `array.size > 0` to check that an array is not empty.
2026-05-17 18:40:18,381 [ERROR] (core.simulation) Fatal error in hydraulic simulation
Traceback (most recent call last):
  File "/home/cintradu/IC/ENAU/ENAU-Modelling/src/core/simulation.py", line 25, in run_hydraulic_simulation
    results = sim.run_sim(convergence_error=True)
  File "/home/cintradu/miniconda3/envs/resilience_env/lib/python3.13/site-packages/wntr/sim/epanet.py", line 115, in run_sim
    enData.ENopen(inpfile, rptfile, outfile)
    ~~~~~~~~~~~~~^^^^^^^^^^^^^^^^^^^^^^^^^^^
  File "/home/cintradu/miniconda3/envs/resilience_env/lib/python3.13/site-packages/wntr/epanet/toolkit.py", line 196, in ENopen
    self._error()
    ~~~~~~~~~~~^^
  File "/home/cintradu/miniconda3/envs/resilience_env/lib/python3.13/site-packages/wntr/epanet/toolkit.py", line 159, in _error
    raise EpanetException(self.errcode)
wntr.epanet.exceptions.EpanetException: (Error 200) one or more errors in input file %s
2026-05-17 18:40:18,387 [ERROR] (wntr.epanet.toolkit) EPANET error 224 - no tanks or reservoirs in network
2026-05-17 18:40:18,387 [ERROR] (core.simulation) Fatal error in hydraulic simulation
Traceback (most recent call last):
  File "/home/cintradu/IC/ENAU/ENAU-Modelling/src/core/simulation.py", line 25, in run_hydraulic_simulation
    results = sim.run_sim(convergence_error=True)
  File "/home/cintradu/miniconda3/envs/resilience_env/lib/python3.13/site-packages/wntr/sim/epanet.py", line 115, in run_sim
    enData.ENopen(inpfile, rptfile, outfile)
    ~~~~~~~~~~~~~^^^^^^^^^^^^^^^^^^^^^^^^^^^
  File "/home/cintradu/miniconda3/envs/resilience_env/lib/python3.13/site-packages/wntr/epanet/toolkit.py", line 196, in ENopen
    self._error()
    ~~~~~~~~~~~^^
  File "/home/cintradu/miniconda3/envs/resilience_env/lib/python3.13/site-packages/wntr/epanet/toolkit.py", line 159, in _error
    raise EpanetException(self.errcode)
wntr.epanet.exceptions.EpanetException: (Error 224) no tanks or reservoirs in network
2026-05-17 18:40:18,391 [ERROR] (wntr.epanet.toolkit) EPANET error 224 - no tanks or reservoirs in network
2026-05-17 18:40:18,391 [ERROR] (core.simulation) Fatal error in hydraulic simulation
Traceback (most recent call last):
  File "/home/cintradu/IC/ENAU/ENAU-Modelling/src/core/simulation.py", line 25, in run_hydraulic_simulation
    results = sim.run_sim(convergence_error=True)
  File "/home/cintradu/miniconda3/envs/resilience_env/lib/python3.13/site-packages/wntr/sim/epanet.py", line 115, in run_sim
    enData.ENopen(inpfile, rptfile, outfile)
    ~~~~~~~~~~~~~^^^^^^^^^^^^^^^^^^^^^^^^^^^
  File "/home/cintradu/miniconda3/envs/resilience_env/lib/python3.13/site-packages/wntr/epanet/toolkit.py", line 196, in ENopen
    self._error()
    ~~~~~~~~~~~^^
  File "/home/cintradu/miniconda3/envs/resilience_env/lib/python3.13/site-packages/wntr/epanet/toolkit.py", line 159, in _error
    raise EpanetException(self.errcode)
wntr.epanet.exceptions.EpanetException: (Error 224) no tanks or reservoirs in network
2026-05-17 18:40:18,396 [ERROR] (wntr.epanet.toolkit) EPANET error 200 - one or more errors in input file %s
2026-05-17 18:40:18,396 [ERROR] (core.simulation) Fatal error in hydraulic simulation
Traceback (most recent call last):
  File "/home/cintradu/IC/ENAU/ENAU-Modelling/src/core/simulation.py", line 25, in run_hydraulic_simulation
    results = sim.run_sim(convergence_error=True)
  File "/home/cintradu/miniconda3/envs/resilience_env/lib/python3.13/site-packages/wntr/sim/epanet.py", line 115, in run_sim
    enData.ENopen(inpfile, rptfile, outfile)
    ~~~~~~~~~~~~~^^^^^^^^^^^^^^^^^^^^^^^^^^^
  File "/home/cintradu/miniconda3/envs/resilience_env/lib/python3.13/site-packages/wntr/epanet/toolkit.py", line 196, in ENopen
    self._error()
    ~~~~~~~~~~~^^
  File "/home/cintradu/miniconda3/envs/resilience_env/lib/python3.13/site-packages/wntr/epanet/toolkit.py", line 159, in _error
    raise EpanetException(self.errcode)
wntr.epanet.exceptions.EpanetException: (Error 200) one or more errors in input file %s
2026-05-17 18:40:18,400 [ERROR] (wntr.epanet.toolkit) EPANET error 200 - one or more errors in input file %s
2026-05-17 18:40:18,400 [ERROR] (core.simulation) Fatal error in hydraulic simulation
Traceback (most recent call last):
  File "/home/cintradu/IC/ENAU/ENAU-Modelling/src/core/simulation.py", line 25, in run_hydraulic_simulation
    results = sim.run_sim(convergence_error=True)
  File "/home/cintradu/miniconda3/envs/resilience_env/lib/python3.13/site-packages/wntr/sim/epanet.py", line 115, in run_sim
    enData.ENopen(inpfile, rptfile, outfile)
    ~~~~~~~~~~~~~^^^^^^^^^^^^^^^^^^^^^^^^^^^
  File "/home/cintradu/miniconda3/envs/resilience_env/lib/python3.13/site-packages/wntr/epanet/toolkit.py", line 196, in ENopen
    self._error()
    ~~~~~~~~~~~^^
  File "/home/cintradu/miniconda3/envs/resilience_env/lib/python3.13/site-packages/wntr/epanet/toolkit.py", line 159, in _error
    raise EpanetException(self.errcode)
wntr.epanet.exceptions.EpanetException: (Error 200) one or more errors in input file %s
2026-05-17 18:40:18,410 [ERROR] (wntr.epanet.toolkit) EPANET error 200 - one or more errors in input file %s
2026-05-17 18:43:28,936 [ERROR] (core.simulation) Fatal error in hydraulic simulation
Traceback (most recent call last):
  File "/home/cintradu/IC/ENAU/ENAU-Modelling/src/core/simulation.py", line 26, in run_hydraulic_simulation
    results = sim.run_sim(convergence_error=True)
  File "/home/cintradu/miniconda3/envs/resilience_env/lib/python3.13/site-packages/wntr/sim/epanet.py", line 133, in run_sim
    results = self.reader.read(outfile, convergence_error, self._wn.options.hydraulic.headloss=='D-W')
  File "/home/cintradu/miniconda3/envs/resilience_env/lib/python3.13/site-packages/wntr/epanet/io.py", line 2695, in read
    self.save_energy_line(pidx, linknames[pidx-1], energy)
                                ~~~~~~~~~^^^^^^^^
IndexError: list index out of range
2026-05-17 18:43:28,938 [ERROR] (core.simulation) Fatal error in hydraulic simulation
Traceback (most recent call last):
  File "/home/cintradu/IC/ENAU/ENAU-Modelling/src/core/simulation.py", line 26, in run_hydraulic_simulation
    results = sim.run_sim(convergence_error=True)
  File "/home/cintradu/miniconda3/envs/resilience_env/lib/python3.13/site-packages/wntr/sim/epanet.py", line 133, in run_sim
    results = self.reader.read(outfile, convergence_error, self._wn.options.hydraulic.headloss=='D-W')
  File "/home/cintradu/miniconda3/envs/resilience_env/lib/python3.13/site-packages/wntr/epanet/io.py", line 2695, in read
    self.save_energy_line(pidx, linknames[pidx-1], energy)
                                ~~~~~~~~~^^^^^^^^
IndexError: list index out of range
2026-05-17 18:43:28,940 [ERROR] (core.simulation) Fatal error in hydraulic simulation
Traceback (most recent call last):
  File "/home/cintradu/IC/ENAU/ENAU-Modelling/src/core/simulation.py", line 26, in run_hydraulic_simulation
    results = sim.run_sim(convergence_error=True)
  File "/home/cintradu/miniconda3/envs/resilience_env/lib/python3.13/site-packages/wntr/sim/epanet.py", line 133, in run_sim
    results = self.reader.read(outfile, convergence_error, self._wn.options.hydraulic.headloss=='D-W')
  File "/home/cintradu/miniconda3/envs/resilience_env/lib/python3.13/site-packages/wntr/epanet/io.py", line 2695, in read
    self.save_energy_line(pidx, linknames[pidx-1], energy)
                                ~~~~~~~~~^^^^^^^^
IndexError: list index out of range
2026-05-17 18:43:28,945 [ERROR] (core.simulation) Fatal error in hydraulic simulation
Traceback (most recent call last):
  File "/home/cintradu/IC/ENAU/ENAU-Modelling/src/core/simulation.py", line 26, in run_hydraulic_simulation
    results = sim.run_sim(convergence_error=True)
  File "/home/cintradu/miniconda3/envs/resilience_env/lib/python3.13/site-packages/wntr/sim/epanet.py", line 133, in run_sim
    results = self.reader.read(outfile, convergence_error, self._wn.options.hydraulic.headloss=='D-W')
  File "/home/cintradu/miniconda3/envs/resilience_env/lib/python3.13/site-packages/wntr/epanet/io.py", line 2695, in read
    self.save_energy_line(pidx, linknames[pidx-1], energy)
                                ~~~~~~~~~^^^^^^^^
IndexError: list index out of range
2026-05-17 18:43:28,977 [ERROR] (wntr.epanet.toolkit) EPANET error 223 - not enough nodes in network
2026-05-17 18:43:28,978 [ERROR] (core.simulation) Fatal error in hydraulic simulation
Traceback (most recent call last):
  File "/home/cintradu/IC/ENAU/ENAU-Modelling/src/core/simulation.py", line 26, in run_hydraulic_simulation
    results = sim.run_sim(convergence_error=True)
  File "/home/cintradu/miniconda3/envs/resilience_env/lib/python3.13/site-packages/wntr/sim/epanet.py", line 115, in run_sim
    enData.ENopen(inpfile, rptfile, outfile)
    ~~~~~~~~~~~~~^^^^^^^^^^^^^^^^^^^^^^^^^^^
  File "/home/cintradu/miniconda3/envs/resilience_env/lib/python3.13/site-packages/wntr/epanet/toolkit.py", line 196, in ENopen
    self._error()
    ~~~~~~~~~~~^^
  File "/home/cintradu/miniconda3/envs/resilience_env/lib/python3.13/site-packages/wntr/epanet/toolkit.py", line 159, in _error
    raise EpanetException(self.errcode)
wntr.epanet.exceptions.EpanetException: (Error 223) not enough nodes in network
2026-05-17 18:43:28,994 [ERROR] (wntr.epanet.toolkit) EPANET error 223 - not enough nodes in network
2026-05-17 18:43:28,994 [ERROR] (wntr.epanet.toolkit) EPANET error 200 - one or more errors in input file %s
2026-05-17 18:43:28,997 [ERROR] (wntr.epanet.toolkit) EPANET error 200 - one or more errors in input file %s
2026-05-17 18:43:28,995 [ERROR] (core.simulation) Fatal error in hydraulic simulation
Traceback (most recent call last):
  File "/home/cintradu/IC/ENAU/ENAU-Modelling/src/core/simulation.py", line 26, in run_hydraulic_simulation
    results = sim.run_sim(convergence_error=True)
  File "/home/cintradu/miniconda3/envs/resilience_env/lib/python3.13/site-packages/wntr/sim/epanet.py", line 115, in run_sim
    enData.ENopen(inpfile, rptfile, outfile)
    ~~~~~~~~~~~~~^^^^^^^^^^^^^^^^^^^^^^^^^^^
  File "/home/cintradu/miniconda3/envs/resilience_env/lib/python3.13/site-packages/wntr/epanet/toolkit.py", line 196, in ENopen
    self._error()
    ~~~~~~~~~~~^^
  File "/home/cintradu/miniconda3/envs/resilience_env/lib/python3.13/site-packages/wntr/epanet/toolkit.py", line 159, in _error
    raise EpanetException(self.errcode)
wntr.epanet.exceptions.EpanetException: (Error 223) not enough nodes in network
2026-05-17 18:43:28,995 [ERROR] (core.simulation) Fatal error in hydraulic simulation
Traceback (most recent call last):
  File "/home/cintradu/IC/ENAU/ENAU-Modelling/src/core/simulation.py", line 26, in run_hydraulic_simulation
    results = sim.run_sim(convergence_error=True)
  File "/home/cintradu/miniconda3/envs/resilience_env/lib/python3.13/site-packages/wntr/sim/epanet.py", line 115, in run_sim
    enData.ENopen(inpfile, rptfile, outfile)
    ~~~~~~~~~~~~~^^^^^^^^^^^^^^^^^^^^^^^^^^^
  File "/home/cintradu/miniconda3/envs/resilience_env/lib/python3.13/site-packages/wntr/epanet/toolkit.py", line 196, in ENopen
    self._error()
    ~~~~~~~~~~~^^
  File "/home/cintradu/miniconda3/envs/resilience_env/lib/python3.13/site-packages/wntr/epanet/toolkit.py", line 159, in _error
    raise EpanetException(self.errcode)
wntr.epanet.exceptions.EpanetException: (Error 200) one or more errors in input file %s
2026-05-17 18:43:29,000 [ERROR] (wntr.epanet.toolkit) EPANET error 224 - no tanks or reservoirs in network
2026-05-17 18:43:28,997 [ERROR] (core.simulation) Fatal error in hydraulic simulation
Traceback (most recent call last):
  File "/home/cintradu/IC/ENAU/ENAU-Modelling/src/core/simulation.py", line 26, in run_hydraulic_simulation
    results = sim.run_sim(convergence_error=True)
  File "/home/cintradu/miniconda3/envs/resilience_env/lib/python3.13/site-packages/wntr/sim/epanet.py", line 115, in run_sim
    enData.ENopen(inpfile, rptfile, outfile)
    ~~~~~~~~~~~~~^^^^^^^^^^^^^^^^^^^^^^^^^^^
  File "/home/cintradu/miniconda3/envs/resilience_env/lib/python3.13/site-packages/wntr/epanet/toolkit.py", line 196, in ENopen
    self._error()
    ~~~~~~~~~~~^^
  File "/home/cintradu/miniconda3/envs/resilience_env/lib/python3.13/site-packages/wntr/epanet/toolkit.py", line 159, in _error
    raise EpanetException(self.errcode)
wntr.epanet.exceptions.EpanetException: (Error 200) one or more errors in input file %s
2026-05-17 18:43:29,000 [ERROR] (core.simulation) Fatal error in hydraulic simulation
Traceback (most recent call last):
  File "/home/cintradu/IC/ENAU/ENAU-Modelling/src/core/simulation.py", line 26, in run_hydraulic_simulation
    results = sim.run_sim(convergence_error=True)
  File "/home/cintradu/miniconda3/envs/resilience_env/lib/python3.13/site-packages/wntr/sim/epanet.py", line 115, in run_sim
    enData.ENopen(inpfile, rptfile, outfile)
    ~~~~~~~~~~~~~^^^^^^^^^^^^^^^^^^^^^^^^^^^
  File "/home/cintradu/miniconda3/envs/resilience_env/lib/python3.13/site-packages/wntr/epanet/toolkit.py", line 196, in ENopen
    self._error()
    ~~~~~~~~~~~^^
  File "/home/cintradu/miniconda3/envs/resilience_env/lib/python3.13/site-packages/wntr/epanet/toolkit.py", line 159, in _error
    raise EpanetException(self.errcode)
wntr.epanet.exceptions.EpanetException: (Error 224) no tanks or reservoirs in network
2026-05-17 18:43:29,020 [ERROR] (wntr.epanet.toolkit) EPANET error 224 - no tanks or reservoirs in network
2026-05-17 18:43:29,020 [ERROR] (core.simulation) Fatal error in hydraulic simulation
Traceback (most recent call last):
  File "/home/cintradu/IC/ENAU/ENAU-Modelling/src/core/simulation.py", line 26, in run_hydraulic_simulation
    results = sim.run_sim(convergence_error=True)
  File "/home/cintradu/miniconda3/envs/resilience_env/lib/python3.13/site-packages/wntr/sim/epanet.py", line 115, in run_sim
    enData.ENopen(inpfile, rptfile, outfile)
    ~~~~~~~~~~~~~^^^^^^^^^^^^^^^^^^^^^^^^^^^
  File "/home/cintradu/miniconda3/envs/resilience_env/lib/python3.13/site-packages/wntr/epanet/toolkit.py", line 196, in ENopen
    self._error()
    ~~~~~~~~~~~^^
  File "/home/cintradu/miniconda3/envs/resilience_env/lib/python3.13/site-packages/wntr/epanet/toolkit.py", line 159, in _error
    raise EpanetException(self.errcode)
wntr.epanet.exceptions.EpanetException: (Error 224) no tanks or reservoirs in network
2026-05-17 18:43:29,036 [ERROR] (wntr.epanet.toolkit) EPANET error 200 - one or more errors in input file %s
2026-05-17 18:43:29,038 [ERROR] (wntr.epanet.toolkit) EPANET error 224 - no tanks or reservoirs in network
2026-05-17 18:43:29,039 [ERROR] (core.simulation) Fatal error in hydraulic simulation
Traceback (most recent call last):
  File "/home/cintradu/IC/ENAU/ENAU-Modelling/src/core/simulation.py", line 26, in run_hydraulic_simulation
    results = sim.run_sim(convergence_error=True)
  File "/home/cintradu/miniconda3/envs/resilience_env/lib/python3.13/site-packages/wntr/sim/epanet.py", line 115, in run_sim
    enData.ENopen(inpfile, rptfile, outfile)
    ~~~~~~~~~~~~~^^^^^^^^^^^^^^^^^^^^^^^^^^^
  File "/home/cintradu/miniconda3/envs/resilience_env/lib/python3.13/site-packages/wntr/epanet/toolkit.py", line 196, in ENopen
    self._error()
    ~~~~~~~~~~~^^
  File "/home/cintradu/miniconda3/envs/resilience_env/lib/python3.13/site-packages/wntr/epanet/toolkit.py", line 159, in _error
    raise EpanetException(self.errcode)
wntr.epanet.exceptions.EpanetException: (Error 224) no tanks or reservoirs in network
2026-05-17 18:43:29,036 [ERROR] (core.simulation) Fatal error in hydraulic simulation
Traceback (most recent call last):
  File "/home/cintradu/IC/ENAU/ENAU-Modelling/src/core/simulation.py", line 26, in run_hydraulic_simulation
    results = sim.run_sim(convergence_error=True)
  File "/home/cintradu/miniconda3/envs/resilience_env/lib/python3.13/site-packages/wntr/sim/epanet.py", line 115, in run_sim
    enData.ENopen(inpfile, rptfile, outfile)
    ~~~~~~~~~~~~~^^^^^^^^^^^^^^^^^^^^^^^^^^^
  File "/home/cintradu/miniconda3/envs/resilience_env/lib/python3.13/site-packages/wntr/epanet/toolkit.py", line 196, in ENopen
    self._error()
    ~~~~~~~~~~~^^
  File "/home/cintradu/miniconda3/envs/resilience_env/lib/python3.13/site-packages/wntr/epanet/toolkit.py", line 159, in _error
    raise EpanetException(self.errcode)
wntr.epanet.exceptions.EpanetException: (Error 200) one or more errors in input file %s
2026-05-17 18:43:29,049 [ERROR] (wntr.epanet.toolkit) EPANET error 200 - one or more errors in input file %s
2026-05-17 18:43:29,050 [ERROR] (core.simulation) Fatal error in hydraulic simulation
Traceback (most recent call last):
  File "/home/cintradu/IC/ENAU/ENAU-Modelling/src/core/simulation.py", line 26, in run_hydraulic_simulation
    results = sim.run_sim(convergence_error=True)
  File "/home/cintradu/miniconda3/envs/resilience_env/lib/python3.13/site-packages/wntr/sim/epanet.py", line 115, in run_sim
    enData.ENopen(inpfile, rptfile, outfile)
    ~~~~~~~~~~~~~^^^^^^^^^^^^^^^^^^^^^^^^^^^
  File "/home/cintradu/miniconda3/envs/resilience_env/lib/python3.13/site-packages/wntr/epanet/toolkit.py", line 196, in ENopen
    self._error()
    ~~~~~~~~~~~^^
  File "/home/cintradu/miniconda3/envs/resilience_env/lib/python3.13/site-packages/wntr/epanet/toolkit.py", line 159, in _error
    raise EpanetException(self.errcode)
wntr.epanet.exceptions.EpanetException: (Error 200) one or more errors in input file %s
2026-05-17 18:43:29,060 [ERROR] (wntr.epanet.toolkit) EPANET error 200 - one or more errors in input file %s
2026-05-17 18:43:29,060 [ERROR] (core.simulation) Fatal error in hydraulic simulation
Traceback (most recent call last):
  File "/home/cintradu/IC/ENAU/ENAU-Modelling/src/core/simulation.py", line 26, in run_hydraulic_simulation
    results = sim.run_sim(convergence_error=True)
  File "/home/cintradu/miniconda3/envs/resilience_env/lib/python3.13/site-packages/wntr/sim/epanet.py", line 115, in run_sim
    enData.ENopen(inpfile, rptfile, outfile)
    ~~~~~~~~~~~~~^^^^^^^^^^^^^^^^^^^^^^^^^^^
  File "/home/cintradu/miniconda3/envs/resilience_env/lib/python3.13/site-packages/wntr/epanet/toolkit.py", line 196, in ENopen
    self._error()
    ~~~~~~~~~~~^^
  File "/home/cintradu/miniconda3/envs/resilience_env/lib/python3.13/site-packages/wntr/epanet/toolkit.py", line 159, in _error
    raise EpanetException(self.errcode)
wntr.epanet.exceptions.EpanetException: (Error 200) one or more errors in input file %s
2026-05-17 18:43:29,063 [ERROR] (wntr.epanet.toolkit) EPANET error 224 - no tanks or reservoirs in network
2026-05-17 18:43:29,063 [ERROR] (wntr.epanet.toolkit) EPANET error 224 - no tanks or reservoirs in network
2026-05-17 18:43:29,064 [ERROR] (wntr.epanet.toolkit) EPANET error 224 - no tanks or reservoirs in network
2026-05-17 18:43:29,064 [ERROR] (core.simulation) Fatal error in hydraulic simulation
Traceback (most recent call last):
  File "/home/cintradu/IC/ENAU/ENAU-Modelling/src/core/simulation.py", line 26, in run_hydraulic_simulation
    results = sim.run_sim(convergence_error=True)
  File "/home/cintradu/miniconda3/envs/resilience_env/lib/python3.13/site-packages/wntr/sim/epanet.py", line 115, in run_sim
    enData.ENopen(inpfile, rptfile, outfile)
    ~~~~~~~~~~~~~^^^^^^^^^^^^^^^^^^^^^^^^^^^
  File "/home/cintradu/miniconda3/envs/resilience_env/lib/python3.13/site-packages/wntr/epanet/toolkit.py", line 196, in ENopen
    self._error()
    ~~~~~~~~~~~^^
  File "/home/cintradu/miniconda3/envs/resilience_env/lib/python3.13/site-packages/wntr/epanet/toolkit.py", line 159, in _error
    raise EpanetException(self.errcode)
wntr.epanet.exceptions.EpanetException: (Error 224) no tanks or reservoirs in network
2026-05-17 18:43:29,066 [ERROR] (wntr.epanet.toolkit) EPANET error 224 - no tanks or reservoirs in network
2026-05-17 18:43:29,064 [ERROR] (core.simulation) Fatal error in hydraulic simulation
Traceback (most recent call last):
  File "/home/cintradu/IC/ENAU/ENAU-Modelling/src/core/simulation.py", line 26, in run_hydraulic_simulation
    results = sim.run_sim(convergence_error=True)
  File "/home/cintradu/miniconda3/envs/resilience_env/lib/python3.13/site-packages/wntr/sim/epanet.py", line 115, in run_sim
    enData.ENopen(inpfile, rptfile, outfile)
    ~~~~~~~~~~~~~^^^^^^^^^^^^^^^^^^^^^^^^^^^
  File "/home/cintradu/miniconda3/envs/resilience_env/lib/python3.13/site-packages/wntr/epanet/toolkit.py", line 196, in ENopen
    self._error()
    ~~~~~~~~~~~^^
  File "/home/cintradu/miniconda3/envs/resilience_env/lib/python3.13/site-packages/wntr/epanet/toolkit.py", line 159, in _error
    raise EpanetException(self.errcode)
wntr.epanet.exceptions.EpanetException: (Error 224) no tanks or reservoirs in network
2026-05-17 18:43:29,065 [ERROR] (core.simulation) Fatal error in hydraulic simulation
Traceback (most recent call last):
  File "/home/cintradu/IC/ENAU/ENAU-Modelling/src/core/simulation.py", line 26, in run_hydraulic_simulation
    results = sim.run_sim(convergence_error=True)
  File "/home/cintradu/miniconda3/envs/resilience_env/lib/python3.13/site-packages/wntr/sim/epanet.py", line 115, in run_sim
    enData.ENopen(inpfile, rptfile, outfile)
    ~~~~~~~~~~~~~^^^^^^^^^^^^^^^^^^^^^^^^^^^
  File "/home/cintradu/miniconda3/envs/resilience_env/lib/python3.13/site-packages/wntr/epanet/toolkit.py", line 196, in ENopen
    self._error()
    ~~~~~~~~~~~^^
  File "/home/cintradu/miniconda3/envs/resilience_env/lib/python3.13/site-packages/wntr/epanet/toolkit.py", line 159, in _error
    raise EpanetException(self.errcode)
wntr.epanet.exceptions.EpanetException: (Error 224) no tanks or reservoirs in network
2026-05-17 18:43:29,067 [ERROR] (core.simulation) Fatal error in hydraulic simulation
Traceback (most recent call last):
  File "/home/cintradu/IC/ENAU/ENAU-Modelling/src/core/simulation.py", line 26, in run_hydraulic_simulation
    results = sim.run_sim(convergence_error=True)
  File "/home/cintradu/miniconda3/envs/resilience_env/lib/python3.13/site-packages/wntr/sim/epanet.py", line 115, in run_sim
    enData.ENopen(inpfile, rptfile, outfile)
    ~~~~~~~~~~~~~^^^^^^^^^^^^^^^^^^^^^^^^^^^
  File "/home/cintradu/miniconda3/envs/resilience_env/lib/python3.13/site-packages/wntr/epanet/toolkit.py", line 196, in ENopen
    self._error()
    ~~~~~~~~~~~^^
  File "/home/cintradu/miniconda3/envs/resilience_env/lib/python3.13/site-packages/wntr/epanet/toolkit.py", line 159, in _error
    raise EpanetException(self.errcode)
wntr.epanet.exceptions.EpanetException: (Error 224) no tanks or reservoirs in network
2026-05-17 18:43:29,087 [ERROR] (wntr.epanet.toolkit) EPANET error 200 - one or more errors in input file %s
2026-05-17 18:43:29,087 [ERROR] (core.simulation) Fatal error in hydraulic simulation
Traceback (most recent call last):
  File "/home/cintradu/IC/ENAU/ENAU-Modelling/src/core/simulation.py", line 26, in run_hydraulic_simulation
    results = sim.run_sim(convergence_error=True)
  File "/home/cintradu/miniconda3/envs/resilience_env/lib/python3.13/site-packages/wntr/sim/epanet.py", line 115, in run_sim
    enData.ENopen(inpfile, rptfile, outfile)
    ~~~~~~~~~~~~~^^^^^^^^^^^^^^^^^^^^^^^^^^^
  File "/home/cintradu/miniconda3/envs/resilience_env/lib/python3.13/site-packages/wntr/epanet/toolkit.py", line 196, in ENopen
    self._error()
    ~~~~~~~~~~~^^
  File "/home/cintradu/miniconda3/envs/resilience_env/lib/python3.13/site-packages/wntr/epanet/toolkit.py", line 159, in _error
    raise EpanetException(self.errcode)
wntr.epanet.exceptions.EpanetException: (Error 200) one or more errors in input file %s
2026-05-17 18:43:29,093 [ERROR] (wntr.epanet.toolkit) EPANET error 223 - not enough nodes in network
2026-05-17 18:43:29,095 [ERROR] (wntr.epanet.toolkit) EPANET error 224 - no tanks or reservoirs in network
2026-05-17 18:43:29,095 [ERROR] (core.simulation) Fatal error in hydraulic simulation
Traceback (most recent call last):
  File "/home/cintradu/IC/ENAU/ENAU-Modelling/src/core/simulation.py", line 26, in run_hydraulic_simulation
    results = sim.run_sim(convergence_error=True)
  File "/home/cintradu/miniconda3/envs/resilience_env/lib/python3.13/site-packages/wntr/sim/epanet.py", line 115, in run_sim
    enData.ENopen(inpfile, rptfile, outfile)
    ~~~~~~~~~~~~~^^^^^^^^^^^^^^^^^^^^^^^^^^^
  File "/home/cintradu/miniconda3/envs/resilience_env/lib/python3.13/site-packages/wntr/epanet/toolkit.py", line 196, in ENopen
    self._error()
    ~~~~~~~~~~~^^
  File "/home/cintradu/miniconda3/envs/resilience_env/lib/python3.13/site-packages/wntr/epanet/toolkit.py", line 159, in _error
    raise EpanetException(self.errcode)
wntr.epanet.exceptions.EpanetException: (Error 224) no tanks or reservoirs in network
2026-05-17 18:43:29,093 [ERROR] (core.simulation) Fatal error in hydraulic simulation
Traceback (most recent call last):
  File "/home/cintradu/IC/ENAU/ENAU-Modelling/src/core/simulation.py", line 26, in run_hydraulic_simulation
    results = sim.run_sim(convergence_error=True)
  File "/home/cintradu/miniconda3/envs/resilience_env/lib/python3.13/site-packages/wntr/sim/epanet.py", line 115, in run_sim
    enData.ENopen(inpfile, rptfile, outfile)
    ~~~~~~~~~~~~~^^^^^^^^^^^^^^^^^^^^^^^^^^^
  File "/home/cintradu/miniconda3/envs/resilience_env/lib/python3.13/site-packages/wntr/epanet/toolkit.py", line 196, in ENopen
    self._error()
    ~~~~~~~~~~~^^
  File "/home/cintradu/miniconda3/envs/resilience_env/lib/python3.13/site-packages/wntr/epanet/toolkit.py", line 159, in _error
    raise EpanetException(self.errcode)
wntr.epanet.exceptions.EpanetException: (Error 223) not enough nodes in network
2026-05-17 18:43:29,104 [ERROR] (wntr.epanet.toolkit) EPANET error 223 - not enough nodes in network
2026-05-17 18:43:29,105 [ERROR] (core.simulation) Fatal error in hydraulic simulation
Traceback (most recent call last):
  File "/home/cintradu/IC/ENAU/ENAU-Modelling/src/core/simulation.py", line 26, in run_hydraulic_simulation
    results = sim.run_sim(convergence_error=True)
  File "/home/cintradu/miniconda3/envs/resilience_env/lib/python3.13/site-packages/wntr/sim/epanet.py", line 115, in run_sim
    enData.ENopen(inpfile, rptfile, outfile)
    ~~~~~~~~~~~~~^^^^^^^^^^^^^^^^^^^^^^^^^^^
  File "/home/cintradu/miniconda3/envs/resilience_env/lib/python3.13/site-packages/wntr/epanet/toolkit.py", line 196, in ENopen
    self._error()
    ~~~~~~~~~~~^^
  File "/home/cintradu/miniconda3/envs/resilience_env/lib/python3.13/site-packages/wntr/epanet/toolkit.py", line 159, in _error
    raise EpanetException(self.errcode)
wntr.epanet.exceptions.EpanetException: (Error 223) not enough nodes in network
2026-05-17 18:43:29,117 [ERROR] (wntr.epanet.toolkit) EPANET error 224 - no tanks or reservoirs in network
2026-05-17 18:43:29,117 [ERROR] (core.simulation) Fatal error in hydraulic simulation
Traceback (most recent call last):
  File "/home/cintradu/IC/ENAU/ENAU-Modelling/src/core/simulation.py", line 26, in run_hydraulic_simulation
    results = sim.run_sim(convergence_error=True)
  File "/home/cintradu/miniconda3/envs/resilience_env/lib/python3.13/site-packages/wntr/sim/epanet.py", line 115, in run_sim
    enData.ENopen(inpfile, rptfile, outfile)
    ~~~~~~~~~~~~~^^^^^^^^^^^^^^^^^^^^^^^^^^^
  File "/home/cintradu/miniconda3/envs/resilience_env/lib/python3.13/site-packages/wntr/epanet/toolkit.py", line 196, in ENopen
    self._error()
    ~~~~~~~~~~~^^
  File "/home/cintradu/miniconda3/envs/resilience_env/lib/python3.13/site-packages/wntr/epanet/toolkit.py", line 159, in _error
    raise EpanetException(self.errcode)
wntr.epanet.exceptions.EpanetException: (Error 224) no tanks or reservoirs in network
2026-05-17 18:43:29,125 [ERROR] (wntr.epanet.toolkit) EPANET error 200 - one or more errors in input file %s
2026-05-17 18:43:29,127 [ERROR] (wntr.epanet.toolkit) EPANET error 200 - one or more errors in input file %s
2026-05-17 18:43:29,125 [ERROR] (core.simulation) Fatal error in hydraulic simulation
Traceback (most recent call last):
  File "/home/cintradu/IC/ENAU/ENAU-Modelling/src/core/simulation.py", line 26, in run_hydraulic_simulation
    results = sim.run_sim(convergence_error=True)
  File "/home/cintradu/miniconda3/envs/resilience_env/lib/python3.13/site-packages/wntr/sim/epanet.py", line 115, in run_sim
    enData.ENopen(inpfile, rptfile, outfile)
    ~~~~~~~~~~~~~^^^^^^^^^^^^^^^^^^^^^^^^^^^
  File "/home/cintradu/miniconda3/envs/resilience_env/lib/python3.13/site-packages/wntr/epanet/toolkit.py", line 196, in ENopen
    self._error()
    ~~~~~~~~~~~^^
  File "/home/cintradu/miniconda3/envs/resilience_env/lib/python3.13/site-packages/wntr/epanet/toolkit.py", line 159, in _error
    raise EpanetException(self.errcode)
wntr.epanet.exceptions.EpanetException: (Error 200) one or more errors in input file %s
2026-05-17 18:43:29,127 [ERROR] (core.simulation) Fatal error in hydraulic simulation
Traceback (most recent call last):
  File "/home/cintradu/IC/ENAU/ENAU-Modelling/src/core/simulation.py", line 26, in run_hydraulic_simulation
    results = sim.run_sim(convergence_error=True)
  File "/home/cintradu/miniconda3/envs/resilience_env/lib/python3.13/site-packages/wntr/sim/epanet.py", line 115, in run_sim
    enData.ENopen(inpfile, rptfile, outfile)
    ~~~~~~~~~~~~~^^^^^^^^^^^^^^^^^^^^^^^^^^^
  File "/home/cintradu/miniconda3/envs/resilience_env/lib/python3.13/site-packages/wntr/epanet/toolkit.py", line 196, in ENopen
    self._error()
    ~~~~~~~~~~~^^
  File "/home/cintradu/miniconda3/envs/resilience_env/lib/python3.13/site-packages/wntr/epanet/toolkit.py", line 159, in _error
    raise EpanetException(self.errcode)
wntr.epanet.exceptions.EpanetException: (Error 200) one or more errors in input file %s
2026-05-17 18:43:29,134 [ERROR] (wntr.epanet.toolkit) EPANET error 224 - no tanks or reservoirs in network
2026-05-17 18:43:29,135 [ERROR] (wntr.epanet.toolkit) EPANET error 224 - no tanks or reservoirs in network
2026-05-17 18:43:29,136 [ERROR] (core.simulation) Fatal error in hydraulic simulation
Traceback (most recent call last):
  File "/home/cintradu/IC/ENAU/ENAU-Modelling/src/core/simulation.py", line 26, in run_hydraulic_simulation
    results = sim.run_sim(convergence_error=True)
  File "/home/cintradu/miniconda3/envs/resilience_env/lib/python3.13/site-packages/wntr/sim/epanet.py", line 115, in run_sim
    enData.ENopen(inpfile, rptfile, outfile)
    ~~~~~~~~~~~~~^^^^^^^^^^^^^^^^^^^^^^^^^^^
  File "/home/cintradu/miniconda3/envs/resilience_env/lib/python3.13/site-packages/wntr/epanet/toolkit.py", line 196, in ENopen
    self._error()
    ~~~~~~~~~~~^^
  File "/home/cintradu/miniconda3/envs/resilience_env/lib/python3.13/site-packages/wntr/epanet/toolkit.py", line 159, in _error
    raise EpanetException(self.errcode)
wntr.epanet.exceptions.EpanetException: (Error 224) no tanks or reservoirs in network
2026-05-17 18:43:29,135 [ERROR] (core.simulation) Fatal error in hydraulic simulation
Traceback (most recent call last):
  File "/home/cintradu/IC/ENAU/ENAU-Modelling/src/core/simulation.py", line 26, in run_hydraulic_simulation
    results = sim.run_sim(convergence_error=True)
  File "/home/cintradu/miniconda3/envs/resilience_env/lib/python3.13/site-packages/wntr/sim/epanet.py", line 115, in run_sim
    enData.ENopen(inpfile, rptfile, outfile)
    ~~~~~~~~~~~~~^^^^^^^^^^^^^^^^^^^^^^^^^^^
  File "/home/cintradu/miniconda3/envs/resilience_env/lib/python3.13/site-packages/wntr/epanet/toolkit.py", line 196, in ENopen
    self._error()
    ~~~~~~~~~~~^^
  File "/home/cintradu/miniconda3/envs/resilience_env/lib/python3.13/site-packages/wntr/epanet/toolkit.py", line 159, in _error
    raise EpanetException(self.errcode)
wntr.epanet.exceptions.EpanetException: (Error 224) no tanks or reservoirs in network
2026-05-17 18:43:29,146 [ERROR] (wntr.epanet.toolkit) EPANET error 200 - one or more errors in input file %s
2026-05-17 18:43:29,147 [ERROR] (core.simulation) Fatal error in hydraulic simulation
Traceback (most recent call last):
  File "/home/cintradu/IC/ENAU/ENAU-Modelling/src/core/simulation.py", line 26, in run_hydraulic_simulation
    results = sim.run_sim(convergence_error=True)
  File "/home/cintradu/miniconda3/envs/resilience_env/lib/python3.13/site-packages/wntr/sim/epanet.py", line 115, in run_sim
    enData.ENopen(inpfile, rptfile, outfile)
    ~~~~~~~~~~~~~^^^^^^^^^^^^^^^^^^^^^^^^^^^
  File "/home/cintradu/miniconda3/envs/resilience_env/lib/python3.13/site-packages/wntr/epanet/toolkit.py", line 196, in ENopen
    self._error()
    ~~~~~~~~~~~^^
  File "/home/cintradu/miniconda3/envs/resilience_env/lib/python3.13/site-packages/wntr/epanet/toolkit.py", line 159, in _error
    raise EpanetException(self.errcode)
wntr.epanet.exceptions.EpanetException: (Error 200) one or more errors in input file %s
2026-05-17 18:43:29,152 [ERROR] (wntr.epanet.toolkit) EPANET error 224 - no tanks or reservoirs in network
2026-05-17 18:43:29,152 [ERROR] (core.simulation) Fatal error in hydraulic simulation
Traceback (most recent call last):
  File "/home/cintradu/IC/ENAU/ENAU-Modelling/src/core/simulation.py", line 26, in run_hydraulic_simulation
    results = sim.run_sim(convergence_error=True)
  File "/home/cintradu/miniconda3/envs/resilience_env/lib/python3.13/site-packages/wntr/sim/epanet.py", line 115, in run_sim
    enData.ENopen(inpfile, rptfile, outfile)
    ~~~~~~~~~~~~~^^^^^^^^^^^^^^^^^^^^^^^^^^^
  File "/home/cintradu/miniconda3/envs/resilience_env/lib/python3.13/site-packages/wntr/epanet/toolkit.py", line 196, in ENopen
    self._error()
    ~~~~~~~~~~~^^
  File "/home/cintradu/miniconda3/envs/resilience_env/lib/python3.13/site-packages/wntr/epanet/toolkit.py", line 159, in _error
    raise EpanetException(self.errcode)
wntr.epanet.exceptions.EpanetException: (Error 224) no tanks or reservoirs in network
2026-05-17 18:43:29,183 [ERROR] (core.simulation) Fatal error in hydraulic simulation
Traceback (most recent call last):
  File "/home/cintradu/IC/ENAU/ENAU-Modelling/src/core/simulation.py", line 26, in run_hydraulic_simulation
    results = sim.run_sim(convergence_error=True)
  File "/home/cintradu/miniconda3/envs/resilience_env/lib/python3.13/site-packages/wntr/sim/epanet.py", line 133, in run_sim
    results = self.reader.read(outfile, convergence_error, self._wn.options.hydraulic.headloss=='D-W')
  File "/home/cintradu/miniconda3/envs/resilience_env/lib/python3.13/site-packages/wntr/epanet/io.py", line 2616, in read
    magic1 = prolog[0]
             ~~~~~~^^^
IndexError: index 0 is out of bounds for axis 0 with size 0
2026-05-17 18:43:29,199 [ERROR] (core.simulation) Fatal error in hydraulic simulation
Traceback (most recent call last):
  File "/home/cintradu/IC/ENAU/ENAU-Modelling/src/core/simulation.py", line 26, in run_hydraulic_simulation
    results = sim.run_sim(convergence_error=True)
  File "/home/cintradu/miniconda3/envs/resilience_env/lib/python3.13/site-packages/wntr/sim/epanet.py", line 133, in run_sim
    results = self.reader.read(outfile, convergence_error, self._wn.options.hydraulic.headloss=='D-W')
  File "/home/cintradu/miniconda3/envs/resilience_env/lib/python3.13/site-packages/wntr/epanet/io.py", line 2695, in read
    self.save_energy_line(pidx, linknames[pidx-1], energy)
                                ~~~~~~~~~^^^^^^^^
IndexError: list index out of range
2026-05-17 18:45:50,093 [ERROR] (wntr.epanet.io) Simulation did not converge at time 10:00:00.
2026-05-17 18:45:50,100 [ERROR] (wntr.epanet.toolkit) EPANET error 223 - not enough nodes in network
2026-05-17 18:45:50,118 [ERROR] (wntr.epanet.toolkit) EPANET error 224 - no tanks or reservoirs in network
2026-05-17 18:45:50,121 [ERROR] (wntr.epanet.toolkit) EPANET error 223 - not enough nodes in network
2026-05-17 18:45:50,125 [ERROR] (wntr.epanet.toolkit) EPANET error 224 - no tanks or reservoirs in network
2026-05-17 18:45:50,135 [ERROR] (wntr.epanet.toolkit) EPANET error 200 - one or more errors in input file %s
2026-05-17 18:45:50,135 [ERROR] (wntr.epanet.toolkit) EPANET error 224 - no tanks or reservoirs in network
2026-05-17 18:45:50,136 [ERROR] (wntr.epanet.toolkit) EPANET error 224 - no tanks or reservoirs in network
2026-05-17 18:45:50,144 [ERROR] (wntr.epanet.toolkit) EPANET error 224 - no tanks or reservoirs in network
2026-05-17 18:45:50,147 [ERROR] (wntr.epanet.toolkit) EPANET error 200 - one or more errors in input file %s
2026-05-17 18:45:50,150 [ERROR] (wntr.epanet.toolkit) EPANET error 224 - no tanks or reservoirs in network
2026-05-17 18:45:50,159 [ERROR] (wntr.epanet.toolkit) EPANET error 200 - one or more errors in input file %s
2026-05-17 18:45:50,159 [ERROR] (wntr.epanet.toolkit) EPANET error 200 - one or more errors in input file %s
2026-05-17 18:45:50,160 [ERROR] (wntr.epanet.toolkit) EPANET error 200 - one or more errors in input file %s
2026-05-17 18:45:50,160 [ERROR] (wntr.epanet.toolkit) EPANET error 200 - one or more errors in input file %s
2026-05-17 18:45:50,168 [ERROR] (wntr.epanet.toolkit) EPANET error 200 - one or more errors in input file %s
2026-05-17 18:45:50,169 [ERROR] (wntr.epanet.toolkit) EPANET error 200 - one or more errors in input file %s
2026-05-17 18:45:50,175 [ERROR] (wntr.epanet.toolkit) EPANET error 223 - not enough nodes in network
2026-05-17 18:45:50,175 [ERROR] (wntr.epanet.toolkit) EPANET error 223 - not enough nodes in network
2026-05-17 18:45:50,177 [ERROR] (wntr.epanet.toolkit) EPANET error 223 - not enough nodes in network
2026-05-17 18:45:50,177 [ERROR] (wntr.epanet.toolkit) EPANET error 200 - one or more errors in input file %s
2026-05-17 18:45:50,177 [ERROR] (wntr.epanet.toolkit) EPANET error 223 - not enough nodes in network
2026-05-17 18:45:50,177 [ERROR] (wntr.epanet.toolkit) EPANET error 223 - not enough nodes in network
2026-05-17 18:45:50,187 [ERROR] (wntr.epanet.toolkit) EPANET error 200 - one or more errors in input file %s
2026-05-17 18:45:50,303 [ERROR] (wntr.epanet.toolkit) EPANET error 224 - no tanks or reservoirs in network
2026-05-17 18:45:52,949 [ERROR] (app.pipeline) Fatal error in hydraulic simulation
multiprocessing.pool.RemoteTraceback: 
"""
Traceback (most recent call last):
  File "/home/cintradu/miniconda3/envs/resilience_env/lib/python3.13/multiprocessing/pool.py", line 125, in worker
    result = (True, func(*args, **kwds))
                    ~~~~^^^^^^^^^^^^^^^
  File "/home/cintradu/miniconda3/envs/resilience_env/lib/python3.13/multiprocessing/pool.py", line 48, in mapstar
    return list(map(*args))
  File "/home/cintradu/IC/ENAU/ENAU-Modelling/src/core/simulation.py", line 24, in run_hydraulic_simulation
    results = sim.run_sim(convergence_error=True)
  File "/home/cintradu/miniconda3/envs/resilience_env/lib/python3.13/site-packages/wntr/sim/epanet.py", line 133, in run_sim
    results = self.reader.read(outfile, convergence_error, self._wn.options.hydraulic.headloss=='D-W')
  File "/home/cintradu/miniconda3/envs/resilience_env/lib/python3.13/site-packages/wntr/epanet/io.py", line 2616, in read
    magic1 = prolog[0]
             ~~~~~~^^^
IndexError: index 0 is out of bounds for axis 0 with size 0
"""

The above exception was the direct cause of the following exception:

Traceback (most recent call last):
  File "/home/cintradu/IC/ENAU/ENAU-Modelling/src/app/pipeline.py", line 55, in run
    results = pool.map(simulation.run_hydraulic_simulation, scenarios)
  File "/home/cintradu/miniconda3/envs/resilience_env/lib/python3.13/multiprocessing/pool.py", line 367, in map
    return self._map_async(func, iterable, mapstar, chunksize).get()
           ~~~~~~~~~~~~~~~~~~~~~~~~~~~~~~~~~~~~~~~~~~~~~~~~~~~~~~~^^
  File "/home/cintradu/miniconda3/envs/resilience_env/lib/python3.13/multiprocessing/pool.py", line 774, in get
    raise self._value
IndexError: index 0 is out of bounds for axis 0 with size 0
2026-05-17 18:45:52,950 [ERROR] (__main__) Fatal error in pipeline
multiprocessing.pool.RemoteTraceback: 
"""
Traceback (most recent call last):
  File "/home/cintradu/miniconda3/envs/resilience_env/lib/python3.13/multiprocessing/pool.py", line 125, in worker
    result = (True, func(*args, **kwds))
                    ~~~~^^^^^^^^^^^^^^^
  File "/home/cintradu/miniconda3/envs/resilience_env/lib/python3.13/multiprocessing/pool.py", line 48, in mapstar
    return list(map(*args))
  File "/home/cintradu/IC/ENAU/ENAU-Modelling/src/core/simulation.py", line 24, in run_hydraulic_simulation
    results = sim.run_sim(convergence_error=True)
  File "/home/cintradu/miniconda3/envs/resilience_env/lib/python3.13/site-packages/wntr/sim/epanet.py", line 133, in run_sim
    results = self.reader.read(outfile, convergence_error, self._wn.options.hydraulic.headloss=='D-W')
  File "/home/cintradu/miniconda3/envs/resilience_env/lib/python3.13/site-packages/wntr/epanet/io.py", line 2616, in read
    magic1 = prolog[0]
             ~~~~~~^^^
IndexError: index 0 is out of bounds for axis 0 with size 0
"""

The above exception was the direct cause of the following exception:

Traceback (most recent call last):
  File "/home/cintradu/IC/ENAU/ENAU-Modelling/src/app/pipeline.py", line 55, in run
    results = pool.map(simulation.run_hydraulic_simulation, scenarios)
  File "/home/cintradu/miniconda3/envs/resilience_env/lib/python3.13/multiprocessing/pool.py", line 367, in map
    return self._map_async(func, iterable, mapstar, chunksize).get()
           ~~~~~~~~~~~~~~~~~~~~~~~~~~~~~~~~~~~~~~~~~~~~~~~~~~~~~~~^^
  File "/home/cintradu/miniconda3/envs/resilience_env/lib/python3.13/multiprocessing/pool.py", line 774, in get
    raise self._value
IndexError: index 0 is out of bounds for axis 0 with size 0

During handling of the above exception, another exception occurred:

Traceback (most recent call last):
  File "/home/cintradu/IC/ENAU/ENAU-Modelling/src/main.py", line 25, in main
    pipeline.run(inp_file_path, failure_type)
    ~~~~~~~~~~~~^^^^^^^^^^^^^^^^^^^^^^^^^^^^^
  File "/home/cintradu/IC/ENAU/ENAU-Modelling/src/app/pipeline.py", line 60, in run
    sys.exit(1)
    ^^^
NameError: name 'sys' is not defined. Did you forget to import 'sys'?
2026-05-17 18:46:16,615 [ERROR] (wntr.epanet.toolkit) EPANET error 200 - one or more errors in input file %s
2026-05-17 18:46:16,618 [ERROR] (wntr.epanet.toolkit) EPANET error 200 - one or more errors in input file %s
2026-05-17 18:46:16,623 [ERROR] (wntr.epanet.toolkit) EPANET error 223 - not enough nodes in network
2026-05-17 18:46:16,628 [ERROR] (wntr.epanet.toolkit) EPANET error 223 - not enough nodes in network
2026-05-17 18:46:16,630 [ERROR] (wntr.epanet.toolkit) EPANET error 224 - no tanks or reservoirs in network
2026-05-17 18:46:16,638 [ERROR] (wntr.epanet.toolkit) EPANET error 200 - one or more errors in input file %s
2026-05-17 18:46:16,643 [ERROR] (wntr.epanet.toolkit) EPANET error 200 - one or more errors in input file %s
2026-05-17 18:46:16,644 [ERROR] (wntr.epanet.toolkit) EPANET error 223 - not enough nodes in network
2026-05-17 18:46:16,646 [ERROR] (wntr.epanet.toolkit) EPANET error 224 - no tanks or reservoirs in network
2026-05-17 18:46:16,648 [ERROR] (wntr.epanet.toolkit) EPANET error 224 - no tanks or reservoirs in network
2026-05-17 18:46:16,648 [ERROR] (wntr.epanet.toolkit) EPANET error 224 - no tanks or reservoirs in network
2026-05-17 18:46:16,648 [ERROR] (wntr.epanet.toolkit) EPANET error 224 - no tanks or reservoirs in network
2026-05-17 18:46:16,661 [ERROR] (wntr.epanet.toolkit) EPANET error 200 - one or more errors in input file %s
2026-05-17 18:46:16,669 [ERROR] (wntr.epanet.toolkit) EPANET error 200 - one or more errors in input file %s
2026-05-17 18:46:16,669 [ERROR] (wntr.epanet.toolkit) EPANET error 200 - one or more errors in input file %s
2026-05-17 18:46:16,669 [ERROR] (wntr.epanet.toolkit) EPANET error 200 - one or more errors in input file %s
2026-05-17 18:46:16,670 [ERROR] (wntr.epanet.toolkit) EPANET error 223 - not enough nodes in network
2026-05-17 18:46:19,241 [ERROR] (app.pipeline) Fatal error in hydraulic simulation
multiprocessing.pool.RemoteTraceback: 
"""
Traceback (most recent call last):
  File "/home/cintradu/miniconda3/envs/resilience_env/lib/python3.13/multiprocessing/pool.py", line 125, in worker
    result = (True, func(*args, **kwds))
                    ~~~~^^^^^^^^^^^^^^^
  File "/home/cintradu/miniconda3/envs/resilience_env/lib/python3.13/multiprocessing/pool.py", line 48, in mapstar
    return list(map(*args))
  File "/home/cintradu/IC/ENAU/ENAU-Modelling/src/core/simulation.py", line 23, in run_hydraulic_simulation
    results = sim.run_sim(convergence_error=True)
  File "/home/cintradu/miniconda3/envs/resilience_env/lib/python3.13/site-packages/wntr/sim/epanet.py", line 133, in run_sim
    results = self.reader.read(outfile, convergence_error, self._wn.options.hydraulic.headloss=='D-W')
  File "/home/cintradu/miniconda3/envs/resilience_env/lib/python3.13/site-packages/wntr/epanet/io.py", line 2695, in read
    self.save_energy_line(pidx, linknames[pidx-1], energy)
                                ~~~~~~~~~^^^^^^^^
IndexError: list index out of range
"""

The above exception was the direct cause of the following exception:

Traceback (most recent call last):
  File "/home/cintradu/IC/ENAU/ENAU-Modelling/src/app/pipeline.py", line 56, in run
    results = pool.map(simulation.run_hydraulic_simulation, scenarios)
  File "/home/cintradu/miniconda3/envs/resilience_env/lib/python3.13/multiprocessing/pool.py", line 367, in map
    return self._map_async(func, iterable, mapstar, chunksize).get()
           ~~~~~~~~~~~~~~~~~~~~~~~~~~~~~~~~~~~~~~~~~~~~~~~~~~~~~~~^^
  File "/home/cintradu/miniconda3/envs/resilience_env/lib/python3.13/multiprocessing/pool.py", line 774, in get
    raise self._value
IndexError: list index out of range
2026-05-17 18:46:48,775 [ERROR] (wntr.epanet.toolkit) EPANET error 224 - no tanks or reservoirs in network
2026-05-17 18:46:48,791 [ERROR] (wntr.epanet.io) Simulation did not converge at time 00:00:00.
2026-05-17 18:46:48,798 [ERROR] (wntr.epanet.toolkit) EPANET error 224 - no tanks or reservoirs in network
2026-05-17 18:46:48,812 [ERROR] (wntr.epanet.toolkit) EPANET error 200 - one or more errors in input file %s
2026-05-17 18:46:48,812 [ERROR] (wntr.epanet.toolkit) EPANET error 200 - one or more errors in input file %s
2026-05-17 18:46:48,837 [ERROR] (wntr.epanet.toolkit) EPANET error 223 - not enough nodes in network
2026-05-17 18:46:48,838 [ERROR] (wntr.epanet.toolkit) EPANET error 200 - one or more errors in input file %s
2026-05-17 18:46:48,862 [ERROR] (wntr.epanet.toolkit) EPANET error 224 - no tanks or reservoirs in network
2026-05-17 18:46:48,869 [ERROR] (wntr.epanet.toolkit) EPANET error 200 - one or more errors in input file %s
2026-05-17 18:46:48,879 [ERROR] (wntr.epanet.toolkit) EPANET error 200 - one or more errors in input file %s
2026-05-17 18:46:48,882 [ERROR] (wntr.epanet.toolkit) EPANET error 200 - one or more errors in input file %s
2026-05-17 18:46:48,905 [ERROR] (wntr.epanet.toolkit) EPANET error 200 - one or more errors in input file %s
2026-05-17 18:46:48,914 [ERROR] (wntr.epanet.toolkit) EPANET error 200 - one or more errors in input file %s
2026-05-17 18:46:48,922 [ERROR] (wntr.epanet.toolkit) EPANET error 224 - no tanks or reservoirs in network
2026-05-17 18:46:48,934 [ERROR] (wntr.epanet.toolkit) EPANET error 224 - no tanks or reservoirs in network
2026-05-17 18:46:49,157 [ERROR] (wntr.epanet.toolkit) EPANET error 200 - one or more errors in input file %s
2026-05-17 18:46:51,747 [ERROR] (app.pipeline) Fatal error in hydraulic simulation
multiprocessing.pool.RemoteTraceback: 
"""
Traceback (most recent call last):
  File "/home/cintradu/miniconda3/envs/resilience_env/lib/python3.13/multiprocessing/pool.py", line 125, in worker
    result = (True, func(*args, **kwds))
                    ~~~~^^^^^^^^^^^^^^^
  File "/home/cintradu/miniconda3/envs/resilience_env/lib/python3.13/multiprocessing/pool.py", line 48, in mapstar
    return list(map(*args))
  File "/home/cintradu/IC/ENAU/ENAU-Modelling/src/core/simulation.py", line 23, in run_hydraulic_simulation
    results = sim.run_sim(convergence_error=True)
  File "/home/cintradu/miniconda3/envs/resilience_env/lib/python3.13/site-packages/wntr/sim/epanet.py", line 133, in run_sim
    results = self.reader.read(outfile, convergence_error, self._wn.options.hydraulic.headloss=='D-W')
  File "/home/cintradu/miniconda3/envs/resilience_env/lib/python3.13/site-packages/wntr/epanet/io.py", line 2695, in read
    self.save_energy_line(pidx, linknames[pidx-1], energy)
                                ~~~~~~~~~^^^^^^^^
IndexError: list index out of range
"""

The above exception was the direct cause of the following exception:

Traceback (most recent call last):
  File "/home/cintradu/IC/ENAU/ENAU-Modelling/src/app/pipeline.py", line 56, in run
    results = pool.map(simulation.run_hydraulic_simulation, scenarios)
  File "/home/cintradu/miniconda3/envs/resilience_env/lib/python3.13/multiprocessing/pool.py", line 367, in map
    return self._map_async(func, iterable, mapstar, chunksize).get()
           ~~~~~~~~~~~~~~~~~~~~~~~~~~~~~~~~~~~~~~~~~~~~~~~~~~~~~~~^^
  File "/home/cintradu/miniconda3/envs/resilience_env/lib/python3.13/multiprocessing/pool.py", line 774, in get
    raise self._value
IndexError: list index out of range
2026-05-17 18:48:45,676 [ERROR] (wntr.epanet.toolkit) EPANET error 200 - one or more errors in input file %s
2026-05-17 18:48:45,681 [ERROR] (wntr.epanet.toolkit) EPANET error 224 - no tanks or reservoirs in network
2026-05-17 18:48:45,681 [ERROR] (wntr.epanet.toolkit) EPANET error 224 - no tanks or reservoirs in network
2026-05-17 18:48:45,684 [ERROR] (wntr.epanet.toolkit) EPANET error 200 - one or more errors in input file %s
2026-05-17 18:48:45,687 [ERROR] (wntr.epanet.toolkit) EPANET error 224 - no tanks or reservoirs in network
2026-05-17 18:48:45,688 [ERROR] (wntr.epanet.toolkit) EPANET error 224 - no tanks or reservoirs in network
2026-05-17 18:48:45,771 [ERROR] (wntr.epanet.toolkit) EPANET error 200 - one or more errors in input file %s
2026-05-17 18:48:45,774 [ERROR] (wntr.epanet.toolkit) EPANET error 223 - not enough nodes in network
2026-05-17 18:48:45,868 [ERROR] (wntr.epanet.toolkit) EPANET error 200 - one or more errors in input file %s
2026-05-17 18:48:45,871 [ERROR] (wntr.epanet.toolkit) EPANET error 223 - not enough nodes in network
2026-05-17 18:48:45,951 [ERROR] (wntr.epanet.toolkit) EPANET error 223 - not enough nodes in network
2026-05-17 18:48:45,957 [ERROR] (wntr.epanet.toolkit) EPANET error 200 - one or more errors in input file %s
2026-05-17 18:48:45,985 [ERROR] (wntr.epanet.toolkit) EPANET error 200 - one or more errors in input file %s
2026-05-17 18:48:45,986 [ERROR] (wntr.epanet.toolkit) EPANET error 223 - not enough nodes in network
2026-05-17 18:48:45,989 [ERROR] (wntr.epanet.toolkit) EPANET error 224 - no tanks or reservoirs in network
2026-05-17 18:48:46,043 [ERROR] (wntr.epanet.toolkit) EPANET error 200 - one or more errors in input file %s
2026-05-17 18:48:46,044 [ERROR] (wntr.epanet.toolkit) EPANET error 224 - no tanks or reservoirs in network
2026-05-17 18:48:46,062 [ERROR] (wntr.epanet.toolkit) EPANET error 200 - one or more errors in input file %s
2026-05-17 18:48:46,079 [ERROR] (wntr.epanet.toolkit) EPANET error 200 - one or more errors in input file %s
2026-05-17 18:48:46,136 [ERROR] (wntr.epanet.toolkit) EPANET error 223 - not enough nodes in network
2026-05-17 18:48:46,140 [ERROR] (wntr.epanet.toolkit) EPANET error 224 - no tanks or reservoirs in network
2026-05-17 18:48:46,149 [ERROR] (wntr.epanet.toolkit) EPANET error 200 - one or more errors in input file %s
2026-05-17 18:48:46,155 [ERROR] (wntr.epanet.toolkit) EPANET error 200 - one or more errors in input file %s
2026-05-17 18:48:46,426 [ERROR] (wntr.epanet.toolkit) EPANET error 200 - one or more errors in input file %s
2026-05-17 18:48:48,648 [CRITICAL] (wntr.epanet.io) The magic number did not match -- binary incomplete or incorrectly read. If you believe this file IS complete, please try a different float type. Current type is "=f4"
2026-05-17 18:48:51,628 [ERROR] (app.pipeline) Fatal error in hydraulic simulation
multiprocessing.pool.RemoteTraceback: 
"""
Traceback (most recent call last):
  File "/home/cintradu/miniconda3/envs/resilience_env/lib/python3.13/multiprocessing/pool.py", line 125, in worker
    result = (True, func(*args, **kwds))
                    ~~~~^^^^^^^^^^^^^^^
  File "/home/cintradu/miniconda3/envs/resilience_env/lib/python3.13/multiprocessing/pool.py", line 48, in mapstar
    return list(map(*args))
  File "/home/cintradu/IC/ENAU/ENAU-Modelling/src/core/simulation.py", line 23, in run_hydraulic_simulation
    results = sim.run_sim(convergence_error=True)
  File "/home/cintradu/miniconda3/envs/resilience_env/lib/python3.13/site-packages/wntr/sim/epanet.py", line 115, in run_sim
    enData.ENopen(inpfile, rptfile, outfile)
    ~~~~~~~~~~~~~^^^^^^^^^^^^^^^^^^^^^^^^^^^
  File "/home/cintradu/miniconda3/envs/resilience_env/lib/python3.13/site-packages/wntr/epanet/toolkit.py", line 196, in ENopen
    self._error()
    ~~~~~~~~~~~^^
  File "/home/cintradu/miniconda3/envs/resilience_env/lib/python3.13/site-packages/wntr/epanet/toolkit.py", line 159, in _error
    raise EpanetException(self.errcode)
wntr.epanet.exceptions.EpanetException: (Error 200) one or more errors in input file %s
"""

The above exception was the direct cause of the following exception:

Traceback (most recent call last):
  File "/home/cintradu/IC/ENAU/ENAU-Modelling/src/app/pipeline.py", line 56, in run
    results = pool.map(simulation.run_hydraulic_simulation, scenarios)
  File "/home/cintradu/miniconda3/envs/resilience_env/lib/python3.13/multiprocessing/pool.py", line 367, in map
    return self._map_async(func, iterable, mapstar, chunksize).get()
           ~~~~~~~~~~~~~~~~~~~~~~~~~~~~~~~~~~~~~~~~~~~~~~~~~~~~~~~^^
  File "/home/cintradu/miniconda3/envs/resilience_env/lib/python3.13/multiprocessing/pool.py", line 774, in get
    raise self._value
wntr.epanet.exceptions.EpanetException: (Error (Error 200) one or more errors in input file %s) unknown error
2026-05-17 18:49:36,588 [ERROR] (app.pipeline) Fatal error in hydraulic simulation
Traceback (most recent call last):
  File "/home/cintradu/IC/ENAU/ENAU-Modelling/src/app/pipeline.py", line 56, in run
    results = pool.map(simulation.run_hydraulic_simulation, scenarios)
                                                            ^^^^^^^^^
UnboundLocalError: cannot access local variable 'scenarios' where it is not associated with a value
2026-05-17 18:51:17,813 [ERROR] (wntr.epanet.toolkit) EPANET error 224 - no tanks or reservoirs in network
2026-05-17 18:51:17,817 [ERROR] (wntr.epanet.toolkit) EPANET error 200 - one or more errors in input file %s
2026-05-17 18:51:17,832 [ERROR] (wntr.epanet.toolkit) EPANET error 200 - one or more errors in input file %s
2026-05-17 18:51:17,917 [ERROR] (wntr.epanet.toolkit) EPANET error 200 - one or more errors in input file %s
2026-05-17 18:51:17,977 [ERROR] (wntr.epanet.toolkit) EPANET error 224 - no tanks or reservoirs in network
2026-05-17 18:51:17,994 [ERROR] (wntr.epanet.toolkit) EPANET error 200 - one or more errors in input file %s
2026-05-17 18:51:18,004 [ERROR] (wntr.epanet.toolkit) EPANET error 200 - one or more errors in input file %s
2026-05-17 18:51:18,086 [ERROR] (wntr.epanet.toolkit) EPANET error 224 - no tanks or reservoirs in network
2026-05-17 18:51:18,090 [ERROR] (wntr.epanet.toolkit) EPANET error 200 - one or more errors in input file %s
2026-05-17 18:51:18,182 [ERROR] (wntr.epanet.toolkit) EPANET error 200 - one or more errors in input file %s
2026-05-17 18:51:18,187 [ERROR] (wntr.epanet.toolkit) EPANET error 224 - no tanks or reservoirs in network
2026-05-17 18:51:18,191 [ERROR] (wntr.epanet.toolkit) EPANET error 200 - one or more errors in input file %s
2026-05-17 18:51:18,238 [ERROR] (wntr.epanet.toolkit) EPANET error 224 - no tanks or reservoirs in network
2026-05-17 18:51:18,294 [ERROR] (wntr.epanet.toolkit) EPANET error 224 - no tanks or reservoirs in network
2026-05-17 18:51:18,315 [ERROR] (wntr.epanet.toolkit) EPANET error 224 - no tanks or reservoirs in network
2026-05-17 18:51:18,316 [ERROR] (wntr.epanet.toolkit) EPANET error 200 - one or more errors in input file %s
2026-05-17 18:51:18,338 [ERROR] (wntr.epanet.toolkit) EPANET error 223 - not enough nodes in network
2026-05-17 18:51:18,411 [ERROR] (wntr.epanet.toolkit) EPANET error 200 - one or more errors in input file %s
2026-05-17 18:51:23,468 [ERROR] (app.pipeline) Fatal error in hydraulic simulation
multiprocessing.pool.RemoteTraceback: 
"""
Traceback (most recent call last):
  File "/home/cintradu/miniconda3/envs/resilience_env/lib/python3.13/multiprocessing/pool.py", line 125, in worker
    result = (True, func(*args, **kwds))
                    ~~~~^^^^^^^^^^^^^^^
  File "/home/cintradu/miniconda3/envs/resilience_env/lib/python3.13/multiprocessing/pool.py", line 48, in mapstar
    return list(map(*args))
  File "/home/cintradu/IC/ENAU/ENAU-Modelling/src/core/simulation.py", line 23, in run_hydraulic_simulation
    results = sim.run_sim(convergence_error=True)
  File "/home/cintradu/miniconda3/envs/resilience_env/lib/python3.13/site-packages/wntr/sim/epanet.py", line 133, in run_sim
    results = self.reader.read(outfile, convergence_error, self._wn.options.hydraulic.headloss=='D-W')
  File "/home/cintradu/miniconda3/envs/resilience_env/lib/python3.13/site-packages/wntr/epanet/io.py", line 2695, in read
    self.save_energy_line(pidx, linknames[pidx-1], energy)
                                ~~~~~~~~~^^^^^^^^
IndexError: list index out of range
"""

The above exception was the direct cause of the following exception:

Traceback (most recent call last):
  File "/home/cintradu/IC/ENAU/ENAU-Modelling/src/app/pipeline.py", line 56, in run
    results = pool.map(simulation.run_hydraulic_simulation, scenarios)
  File "/home/cintradu/miniconda3/envs/resilience_env/lib/python3.13/multiprocessing/pool.py", line 367, in map
    return self._map_async(func, iterable, mapstar, chunksize).get()
           ~~~~~~~~~~~~~~~~~~~~~~~~~~~~~~~~~~~~~~~~~~~~~~~~~~~~~~~^^
  File "/home/cintradu/miniconda3/envs/resilience_env/lib/python3.13/multiprocessing/pool.py", line 774, in get
    raise self._value
IndexError: list index out of range
2026-05-17 18:52:41,585 [ERROR] (app.pipeline) Fatal error in hydraulic simulation
multiprocessing.pool.RemoteTraceback: 
"""
Traceback (most recent call last):
  File "/home/cintradu/miniconda3/envs/resilience_env/lib/python3.13/multiprocessing/pool.py", line 125, in worker
    result = (True, func(*args, **kwds))
                    ~~~~^^^^^^^^^^^^^^^
  File "/home/cintradu/miniconda3/envs/resilience_env/lib/python3.13/multiprocessing/pool.py", line 48, in mapstar
    return list(map(*args))
  File "/home/cintradu/IC/ENAU/ENAU-Modelling/src/core/simulation.py", line 20, in run_hydraulic_simulation
    scenario.apply(wn)
    ~~~~~~~~~~~~~~^^^^
  File "/home/cintradu/IC/ENAU/ENAU-Modelling/src/core/failures.py", line 53, in apply
    failure_wn.remove_link(self.element_name)
    ^^^^^^^^^^
NameError: name 'failure_wn' is not defined
"""

The above exception was the direct cause of the following exception:

Traceback (most recent call last):
  File "/home/cintradu/IC/ENAU/ENAU-Modelling/src/app/pipeline.py", line 56, in run
    results = pool.map(simulation.run_hydraulic_simulation, scenarios)
  File "/home/cintradu/miniconda3/envs/resilience_env/lib/python3.13/multiprocessing/pool.py", line 367, in map
    return self._map_async(func, iterable, mapstar, chunksize).get()
           ~~~~~~~~~~~~~~~~~~~~~~~~~~~~~~~~~~~~~~~~~~~~~~~~~~~~~~~^^
  File "/home/cintradu/miniconda3/envs/resilience_env/lib/python3.13/multiprocessing/pool.py", line 774, in get
    raise self._value
NameError: name 'failure_wn' is not defined
2026-05-17 18:54:34,380 [ERROR] (wntr.epanet.toolkit) EPANET error 200 - one or more errors in input file %s
2026-05-17 18:54:34,430 [ERROR] (wntr.epanet.io) Simulation did not converge at time 09:00:00.
2026-05-17 18:54:34,430 [ERROR] (wntr.epanet.io) Simulation did not converge at time 13:00:00.
2026-05-17 18:54:34,495 [ERROR] (wntr.epanet.toolkit) EPANET error 223 - not enough nodes in network
2026-05-17 18:54:34,517 [ERROR] (wntr.epanet.toolkit) EPANET error 224 - no tanks or reservoirs in network
2026-05-17 18:54:34,530 [ERROR] (wntr.epanet.toolkit) EPANET error 224 - no tanks or reservoirs in network
2026-05-17 18:54:34,533 [ERROR] (wntr.epanet.toolkit) EPANET error 224 - no tanks or reservoirs in network
2026-05-17 18:54:34,550 [ERROR] (wntr.epanet.toolkit) EPANET error 200 - one or more errors in input file %s
2026-05-17 18:54:34,582 [ERROR] (wntr.epanet.toolkit) EPANET error 224 - no tanks or reservoirs in network
2026-05-17 18:54:34,604 [ERROR] (wntr.epanet.toolkit) EPANET error 200 - one or more errors in input file %s
2026-05-17 18:54:34,615 [ERROR] (wntr.epanet.io) Simulation did not converge at time 22:00:00.
2026-05-17 18:54:34,637 [ERROR] (wntr.epanet.toolkit) EPANET error 200 - one or more errors in input file %s
2026-05-17 18:54:34,695 [ERROR] (wntr.epanet.toolkit) EPANET error 200 - one or more errors in input file %s
2026-05-17 18:54:34,701 [ERROR] (wntr.epanet.toolkit) EPANET error 224 - no tanks or reservoirs in network
2026-05-17 18:54:34,716 [ERROR] (wntr.epanet.toolkit) EPANET error 224 - no tanks or reservoirs in network
2026-05-17 18:54:34,744 [ERROR] (wntr.epanet.toolkit) EPANET error 224 - no tanks or reservoirs in network
2026-05-17 18:54:34,795 [ERROR] (wntr.epanet.toolkit) EPANET error 224 - no tanks or reservoirs in network
2026-05-17 18:54:34,871 [ERROR] (wntr.epanet.toolkit) EPANET error 224 - no tanks or reservoirs in network
2026-05-17 18:54:34,916 [ERROR] (wntr.epanet.io) Simulation did not converge at time 00:00:00.
2026-05-17 18:54:34,952 [CRITICAL] (wntr.epanet.io) The magic number did not match -- binary incomplete or incorrectly read. If you believe this file IS complete, please try a different float type. Current type is "=f4"
2026-05-17 18:54:34,953 [WARNING] (wntr.epanet.io) Warnings were issued during simulation
2026-05-17 18:54:34,975 [ERROR] (wntr.epanet.toolkit) EPANET error 224 - no tanks or reservoirs in network
2026-05-17 18:54:35,032 [ERROR] (wntr.epanet.toolkit) EPANET error 200 - one or more errors in input file %s
2026-05-17 18:54:35,041 [ERROR] (wntr.epanet.toolkit) EPANET error 200 - one or more errors in input file %s
2026-05-17 18:54:35,050 [ERROR] (wntr.epanet.toolkit) EPANET error 224 - no tanks or reservoirs in network
2026-05-17 18:54:35,058 [ERROR] (wntr.epanet.toolkit) EPANET error 223 - not enough nodes in network
2026-05-17 18:54:35,066 [ERROR] (wntr.epanet.toolkit) EPANET error 200 - one or more errors in input file %s
2026-05-17 18:54:35,320 [ERROR] (wntr.epanet.io) Simulation did not converge at time 07:00:00.
2026-05-17 18:54:35,754 [WARNING] (wntr.epanet.toolkit) EPANET warning 1 - At   0:00:00, system hydraulically unbalanced - convergence to a hydraulic solution was not achieved in the allowed number of trials
2026-05-17 18:54:35,782 [WARNING] (wntr.epanet.io) Warnings were issued during simulation
2026-05-17 18:54:36,679 [ERROR] (app.pipeline) Fatal error in hydraulic simulation
multiprocessing.pool.RemoteTraceback: 
"""
Traceback (most recent call last):
  File "/home/cintradu/miniconda3/envs/resilience_env/lib/python3.13/multiprocessing/pool.py", line 125, in worker
    result = (True, func(*args, **kwds))
                    ~~~~^^^^^^^^^^^^^^^
  File "/home/cintradu/miniconda3/envs/resilience_env/lib/python3.13/multiprocessing/pool.py", line 48, in mapstar
    return list(map(*args))
  File "/home/cintradu/IC/ENAU/ENAU-Modelling/src/core/simulation.py", line 23, in run_hydraulic_simulation
    results = sim.run_sim(convergence_error=True)
  File "/home/cintradu/miniconda3/envs/resilience_env/lib/python3.13/site-packages/wntr/sim/epanet.py", line 115, in run_sim
    enData.ENopen(inpfile, rptfile, outfile)
    ~~~~~~~~~~~~~^^^^^^^^^^^^^^^^^^^^^^^^^^^
  File "/home/cintradu/miniconda3/envs/resilience_env/lib/python3.13/site-packages/wntr/epanet/toolkit.py", line 196, in ENopen
    self._error()
    ~~~~~~~~~~~^^
  File "/home/cintradu/miniconda3/envs/resilience_env/lib/python3.13/site-packages/wntr/epanet/toolkit.py", line 159, in _error
    raise EpanetException(self.errcode)
wntr.epanet.exceptions.EpanetException: (Error 200) one or more errors in input file %s
"""

The above exception was the direct cause of the following exception:

Traceback (most recent call last):
  File "/home/cintradu/IC/ENAU/ENAU-Modelling/src/app/pipeline.py", line 56, in run
    results = pool.map(simulation.run_hydraulic_simulation, scenarios)
  File "/home/cintradu/miniconda3/envs/resilience_env/lib/python3.13/multiprocessing/pool.py", line 367, in map
    return self._map_async(func, iterable, mapstar, chunksize).get()
           ~~~~~~~~~~~~~~~~~~~~~~~~~~~~~~~~~~~~~~~~~~~~~~~~~~~~~~~^^
  File "/home/cintradu/miniconda3/envs/resilience_env/lib/python3.13/multiprocessing/pool.py", line 774, in get
    raise self._value
wntr.epanet.exceptions.EpanetException: (Error (Error 200) one or more errors in input file %s) unknown error
2026-05-17 18:55:02,858 [ERROR] (wntr.epanet.toolkit) EPANET error 200 - one or more errors in input file %s
2026-05-17 18:55:02,858 [ERROR] (wntr.epanet.toolkit) EPANET error 223 - not enough nodes in network
2026-05-17 18:55:02,877 [ERROR] (wntr.epanet.toolkit) EPANET error 224 - no tanks or reservoirs in network
2026-05-17 18:55:02,889 [ERROR] (wntr.epanet.toolkit) EPANET error 224 - no tanks or reservoirs in network
2026-05-17 18:55:02,903 [ERROR] (wntr.epanet.toolkit) EPANET error 224 - no tanks or reservoirs in network
2026-05-17 18:55:02,992 [ERROR] (wntr.epanet.toolkit) EPANET error 223 - not enough nodes in network
2026-05-17 18:55:03,006 [ERROR] (wntr.epanet.toolkit) EPANET error 200 - one or more errors in input file %s
2026-05-17 18:55:03,078 [ERROR] (wntr.epanet.toolkit) EPANET error 224 - no tanks or reservoirs in network
2026-05-17 18:55:03,095 [ERROR] (wntr.epanet.toolkit) EPANET error 223 - not enough nodes in network
2026-05-17 18:55:03,101 [ERROR] (wntr.epanet.toolkit) EPANET error 224 - no tanks or reservoirs in network
2026-05-17 18:55:03,120 [ERROR] (wntr.epanet.toolkit) EPANET error 200 - one or more errors in input file %s
2026-05-17 18:55:03,154 [ERROR] (wntr.epanet.toolkit) EPANET error 200 - one or more errors in input file %s
2026-05-17 18:55:03,188 [ERROR] (wntr.epanet.toolkit) EPANET error 224 - no tanks or reservoirs in network
2026-05-17 18:55:03,238 [ERROR] (wntr.epanet.toolkit) EPANET error 223 - not enough nodes in network
2026-05-17 18:55:03,261 [ERROR] (wntr.epanet.toolkit) EPANET error 200 - one or more errors in input file %s
2026-05-17 18:55:03,283 [ERROR] (wntr.epanet.toolkit) EPANET error 200 - one or more errors in input file %s
2026-05-17 18:55:03,378 [ERROR] (wntr.epanet.toolkit) EPANET error 200 - one or more errors in input file %s
2026-05-17 18:55:03,379 [ERROR] (wntr.epanet.toolkit) EPANET error 200 - one or more errors in input file %s
2026-05-17 18:55:03,521 [ERROR] (wntr.epanet.io) Simulation did not converge at time 04:00:00.
2026-05-17 18:55:08,323 [ERROR] (app.pipeline) Fatal error in hydraulic simulation
multiprocessing.pool.RemoteTraceback: 
"""
Traceback (most recent call last):
  File "/home/cintradu/miniconda3/envs/resilience_env/lib/python3.13/multiprocessing/pool.py", line 125, in worker
    result = (True, func(*args, **kwds))
                    ~~~~^^^^^^^^^^^^^^^
  File "/home/cintradu/miniconda3/envs/resilience_env/lib/python3.13/multiprocessing/pool.py", line 48, in mapstar
    return list(map(*args))
  File "/home/cintradu/IC/ENAU/ENAU-Modelling/src/core/simulation.py", line 23, in run_hydraulic_simulation
    results = sim.run_sim(convergence_error=True)
  File "/home/cintradu/miniconda3/envs/resilience_env/lib/python3.13/site-packages/wntr/sim/epanet.py", line 133, in run_sim
    results = self.reader.read(outfile, convergence_error, self._wn.options.hydraulic.headloss=='D-W')
  File "/home/cintradu/miniconda3/envs/resilience_env/lib/python3.13/site-packages/wntr/epanet/io.py", line 2695, in read
    self.save_energy_line(pidx, linknames[pidx-1], energy)
                                ~~~~~~~~~^^^^^^^^
IndexError: list index out of range
"""

The above exception was the direct cause of the following exception:

Traceback (most recent call last):
  File "/home/cintradu/IC/ENAU/ENAU-Modelling/src/app/pipeline.py", line 56, in run
    results = pool.map(simulation.run_hydraulic_simulation, scenarios)
  File "/home/cintradu/miniconda3/envs/resilience_env/lib/python3.13/multiprocessing/pool.py", line 367, in map
    return self._map_async(func, iterable, mapstar, chunksize).get()
           ~~~~~~~~~~~~~~~~~~~~~~~~~~~~~~~~~~~~~~~~~~~~~~~~~~~~~~~^^
  File "/home/cintradu/miniconda3/envs/resilience_env/lib/python3.13/multiprocessing/pool.py", line 774, in get
    raise self._value
IndexError: list index out of range
2026-05-17 19:00:10,741 [ERROR] (app.pipeline) Fatal error in hydraulic simulation
multiprocessing.pool.RemoteTraceback: 
"""
Traceback (most recent call last):
  File "/home/cintradu/miniconda3/envs/resilience_env/lib/python3.13/multiprocessing/pool.py", line 125, in worker
    result = (True, func(*args, **kwds))
                    ~~~~^^^^^^^^^^^^^^^
  File "/home/cintradu/miniconda3/envs/resilience_env/lib/python3.13/multiprocessing/pool.py", line 48, in mapstar
    return list(map(*args))
TypeError: run_hydraulic_simulation() missing 1 required positional argument: 'scenario'
"""

The above exception was the direct cause of the following exception:

Traceback (most recent call last):
  File "/home/cintradu/IC/ENAU/ENAU-Modelling/src/app/pipeline.py", line 58, in run
    results = pool.map(simulation.run_hydraulic_simulation, tasks)
  File "/home/cintradu/miniconda3/envs/resilience_env/lib/python3.13/multiprocessing/pool.py", line 367, in map
    return self._map_async(func, iterable, mapstar, chunksize).get()
           ~~~~~~~~~~~~~~~~~~~~~~~~~~~~~~~~~~~~~~~~~~~~~~~~~~~~~~~^^
  File "/home/cintradu/miniconda3/envs/resilience_env/lib/python3.13/multiprocessing/pool.py", line 774, in get
    raise self._value
TypeError: run_hydraulic_simulation() missing 1 required positional argument: 'scenario'
2026-05-17 19:00:35,107 [ERROR] (wntr.epanet.toolkit) EPANET error 223 - not enough nodes in network
2026-05-17 19:00:35,107 [ERROR] (wntr.epanet.toolkit) EPANET error 223 - not enough nodes in network
2026-05-17 19:00:35,135 [ERROR] (wntr.epanet.toolkit) EPANET error 200 - one or more errors in input file %s
2026-05-17 19:00:35,137 [ERROR] (wntr.epanet.toolkit) EPANET error 224 - no tanks or reservoirs in network
2026-05-17 19:00:35,158 [ERROR] (wntr.epanet.toolkit) EPANET error 223 - not enough nodes in network
2026-05-17 19:00:35,162 [ERROR] (wntr.epanet.toolkit) EPANET error 224 - no tanks or reservoirs in network
2026-05-17 19:00:35,179 [ERROR] (wntr.epanet.toolkit) EPANET error 223 - not enough nodes in network
2026-05-17 19:00:35,180 [ERROR] (wntr.epanet.toolkit) EPANET error 223 - not enough nodes in network
2026-05-17 19:00:35,200 [ERROR] (wntr.epanet.toolkit) EPANET error 200 - one or more errors in input file %s
2026-05-17 19:00:35,207 [ERROR] (wntr.epanet.toolkit) EPANET error 224 - no tanks or reservoirs in network
2026-05-17 19:00:35,222 [ERROR] (wntr.epanet.toolkit) EPANET error 200 - one or more errors in input file %s
2026-05-17 19:00:35,224 [ERROR] (wntr.epanet.toolkit) EPANET error 200 - one or more errors in input file %s
2026-05-17 19:00:35,231 [ERROR] (wntr.epanet.toolkit) EPANET error 223 - not enough nodes in network
2026-05-17 19:00:35,248 [ERROR] (wntr.epanet.toolkit) EPANET error 200 - one or more errors in input file %s
2026-05-17 19:00:35,253 [ERROR] (wntr.epanet.toolkit) EPANET error 224 - no tanks or reservoirs in network
2026-05-17 19:00:35,267 [ERROR] (wntr.epanet.toolkit) EPANET error 200 - one or more errors in input file %s
2026-05-17 19:00:35,268 [ERROR] (wntr.epanet.toolkit) EPANET error 224 - no tanks or reservoirs in network
2026-05-17 19:00:35,283 [ERROR] (wntr.epanet.toolkit) EPANET error 224 - no tanks or reservoirs in network
2026-05-17 19:00:35,295 [ERROR] (wntr.epanet.toolkit) EPANET error 224 - no tanks or reservoirs in network
2026-05-17 19:00:35,314 [ERROR] (wntr.epanet.toolkit) EPANET error 200 - one or more errors in input file %s
2026-05-17 19:00:35,323 [ERROR] (wntr.epanet.toolkit) EPANET error 200 - one or more errors in input file %s
2026-05-17 19:00:35,329 [ERROR] (wntr.epanet.toolkit) EPANET error 224 - no tanks or reservoirs in network
2026-05-17 19:00:35,346 [ERROR] (wntr.epanet.toolkit) EPANET error 224 - no tanks or reservoirs in network
2026-05-17 19:00:35,361 [ERROR] (wntr.epanet.toolkit) EPANET error 200 - one or more errors in input file %s
2026-05-17 19:00:35,362 [ERROR] (wntr.epanet.toolkit) EPANET error 224 - no tanks or reservoirs in network
2026-05-17 19:00:35,381 [ERROR] (wntr.epanet.toolkit) EPANET error 200 - one or more errors in input file %s
2026-05-17 19:00:35,384 [ERROR] (wntr.epanet.toolkit) EPANET error 224 - no tanks or reservoirs in network
2026-05-17 19:00:35,401 [ERROR] (wntr.epanet.toolkit) EPANET error 200 - one or more errors in input file %s
2026-05-17 19:00:35,414 [ERROR] (wntr.epanet.toolkit) EPANET error 200 - one or more errors in input file %s
2026-05-17 19:00:35,417 [ERROR] (wntr.epanet.toolkit) EPANET error 200 - one or more errors in input file %s
2026-05-17 19:00:35,426 [ERROR] (wntr.epanet.toolkit) EPANET error 224 - no tanks or reservoirs in network
2026-05-17 19:00:38,011 [ERROR] (app.pipeline) Fatal error in hydraulic simulation
multiprocessing.pool.RemoteTraceback: 
"""
Traceback (most recent call last):
  File "/home/cintradu/miniconda3/envs/resilience_env/lib/python3.13/multiprocessing/pool.py", line 125, in worker
    result = (True, func(*args, **kwds))
                    ~~~~^^^^^^^^^^^^^^^
  File "/home/cintradu/miniconda3/envs/resilience_env/lib/python3.13/multiprocessing/pool.py", line 51, in starmapstar
    return list(itertools.starmap(args[0], args[1]))
  File "/home/cintradu/IC/ENAU/ENAU-Modelling/src/core/simulation.py", line 23, in run_hydraulic_simulation
    results = sim.run_sim(convergence_error=True)
  File "/home/cintradu/miniconda3/envs/resilience_env/lib/python3.13/site-packages/wntr/sim/epanet.py", line 120, in run_sim
    enData.ENsolveH()
    ~~~~~~~~~~~~~~~^^
  File "/home/cintradu/miniconda3/envs/resilience_env/lib/python3.13/site-packages/wntr/epanet/toolkit.py", line 240, in ENsolveH
    self._error()
    ~~~~~~~~~~~^^
  File "/home/cintradu/miniconda3/envs/resilience_env/lib/python3.13/site-packages/wntr/epanet/toolkit.py", line 159, in _error
    raise EpanetException(self.errcode)
wntr.epanet.exceptions.EpanetException: (Error 223) not enough nodes in network
"""

The above exception was the direct cause of the following exception:

Traceback (most recent call last):
  File "/home/cintradu/IC/ENAU/ENAU-Modelling/src/app/pipeline.py", line 58, in run
    results = pool.starmap(simulation.run_hydraulic_simulation, tasks)
  File "/home/cintradu/miniconda3/envs/resilience_env/lib/python3.13/multiprocessing/pool.py", line 375, in starmap
    return self._map_async(func, iterable, starmapstar, chunksize).get()
           ~~~~~~~~~~~~~~~~~~~~~~~~~~~~~~~~~~~~~~~~~~~~~~~~~~~~~~~~~~~^^
  File "/home/cintradu/miniconda3/envs/resilience_env/lib/python3.13/multiprocessing/pool.py", line 774, in get
    raise self._value
wntr.epanet.exceptions.EpanetException: (Error (Error 223) not enough nodes in network) unknown error
2026-05-17 19:02:40,297 [ERROR] (app.pipeline) Fatal error in hydraulic simulation
multiprocessing.pool.RemoteTraceback: 
"""
Traceback (most recent call last):
  File "/home/cintradu/miniconda3/envs/resilience_env/lib/python3.13/multiprocessing/pool.py", line 125, in worker
    result = (True, func(*args, **kwds))
                    ~~~~^^^^^^^^^^^^^^^
  File "/home/cintradu/miniconda3/envs/resilience_env/lib/python3.13/multiprocessing/pool.py", line 51, in starmapstar
    return list(itertools.starmap(args[0], args[1]))
TypeError: 'LeakFailure' object is not iterable
"""

The above exception was the direct cause of the following exception:

Traceback (most recent call last):
  File "/home/cintradu/IC/ENAU/ENAU-Modelling/src/app/pipeline.py", line 55, in run
    results = pool.starmap(simulation.run_hydraulic_simulation, scenarios)
  File "/home/cintradu/miniconda3/envs/resilience_env/lib/python3.13/multiprocessing/pool.py", line 375, in starmap
    return self._map_async(func, iterable, starmapstar, chunksize).get()
           ~~~~~~~~~~~~~~~~~~~~~~~~~~~~~~~~~~~~~~~~~~~~~~~~~~~~~~~~~~~^^
  File "/home/cintradu/miniconda3/envs/resilience_env/lib/python3.13/multiprocessing/pool.py", line 774, in get
    raise self._value
TypeError: 'LeakFailure' object is not iterable
2026-05-17 19:03:10,910 [ERROR] (app.pipeline) Fatal error in hydraulic simulation
multiprocessing.pool.RemoteTraceback: 
"""
Traceback (most recent call last):
  File "/home/cintradu/miniconda3/envs/resilience_env/lib/python3.13/multiprocessing/pool.py", line 125, in worker
    result = (True, func(*args, **kwds))
                    ~~~~^^^^^^^^^^^^^^^
  File "/home/cintradu/miniconda3/envs/resilience_env/lib/python3.13/multiprocessing/pool.py", line 48, in mapstar
    return list(map(*args))
  File "/home/cintradu/IC/ENAU/ENAU-Modelling/src/core/simulation.py", line 20, in run_hydraulic_simulation
    scenario.apply(wn)
    ~~~~~~~~~~~~~~^^^^
  File "/home/cintradu/IC/ENAU/ENAU-Modelling/src/core/failures.py", line 28, in apply
    input()
    ~~~~~^^
EOFError: EOF when reading a line
"""

The above exception was the direct cause of the following exception:

Traceback (most recent call last):
  File "/home/cintradu/IC/ENAU/ENAU-Modelling/src/app/pipeline.py", line 55, in run
    results = pool.map(simulation.run_hydraulic_simulation, scenarios)
  File "/home/cintradu/miniconda3/envs/resilience_env/lib/python3.13/multiprocessing/pool.py", line 367, in map
    return self._map_async(func, iterable, mapstar, chunksize).get()
           ~~~~~~~~~~~~~~~~~~~~~~~~~~~~~~~~~~~~~~~~~~~~~~~~~~~~~~~^^
  File "/home/cintradu/miniconda3/envs/resilience_env/lib/python3.13/multiprocessing/pool.py", line 774, in get
    raise self._value
EOFError: EOF when reading a line
2026-05-17 19:04:25,516 [ERROR] (app.pipeline) Fatal error in hydraulic simulation
multiprocessing.pool.RemoteTraceback: 
"""
Traceback (most recent call last):
  File "/home/cintradu/miniconda3/envs/resilience_env/lib/python3.13/multiprocessing/pool.py", line 125, in worker
    result = (True, func(*args, **kwds))
                    ~~~~^^^^^^^^^^^^^^^
  File "/home/cintradu/miniconda3/envs/resilience_env/lib/python3.13/multiprocessing/pool.py", line 48, in mapstar
    return list(map(*args))
  File "/home/cintradu/IC/ENAU/ENAU-Modelling/src/core/simulation.py", line 20, in run_hydraulic_simulation
    scenario.apply(wn)
    ~~~~~~~~~~~~~~^^^^
  File "/home/cintradu/IC/ENAU/ENAU-Modelling/src/core/failures.py", line 39, in apply
    input()
    ~~~~~^^
EOFError: EOF when reading a line
"""

The above exception was the direct cause of the following exception:

Traceback (most recent call last):
  File "/home/cintradu/IC/ENAU/ENAU-Modelling/src/app/pipeline.py", line 55, in run
    results = pool.map(simulation.run_hydraulic_simulation, scenarios)
  File "/home/cintradu/miniconda3/envs/resilience_env/lib/python3.13/multiprocessing/pool.py", line 367, in map
    return self._map_async(func, iterable, mapstar, chunksize).get()
           ~~~~~~~~~~~~~~~~~~~~~~~~~~~~~~~~~~~~~~~~~~~~~~~~~~~~~~~^^
  File "/home/cintradu/miniconda3/envs/resilience_env/lib/python3.13/multiprocessing/pool.py", line 774, in get
    raise self._value
EOFError: EOF when reading a line
2026-05-17 19:05:44,164 [ERROR] (wntr.epanet.toolkit) EPANET error 224 - no tanks or reservoirs in network
2026-05-17 19:05:44,166 [ERROR] (wntr.epanet.toolkit) EPANET error 224 - no tanks or reservoirs in network
2026-05-17 19:05:44,175 [ERROR] (wntr.epanet.toolkit) EPANET error 200 - one or more errors in input file %s
2026-05-17 19:05:44,176 [ERROR] (wntr.epanet.toolkit) EPANET error 223 - not enough nodes in network
2026-05-17 19:05:44,185 [ERROR] (wntr.epanet.toolkit) EPANET error 200 - one or more errors in input file %s
2026-05-17 19:05:44,261 [ERROR] (wntr.epanet.toolkit) EPANET error 200 - one or more errors in input file %s
2026-05-17 19:05:44,275 [ERROR] (wntr.epanet.toolkit) EPANET error 200 - one or more errors in input file %s
2026-05-17 19:05:44,288 [ERROR] (wntr.epanet.toolkit) EPANET error 200 - one or more errors in input file %s
2026-05-17 19:05:44,306 [ERROR] (wntr.epanet.toolkit) EPANET error 224 - no tanks or reservoirs in network
2026-05-17 19:05:44,320 [ERROR] (wntr.epanet.toolkit) EPANET error 224 - no tanks or reservoirs in network
2026-05-17 19:05:44,392 [ERROR] (wntr.epanet.io) Simulation did not converge at time 04:00:00.
2026-05-17 19:05:44,406 [ERROR] (wntr.epanet.toolkit) EPANET error 200 - one or more errors in input file %s
2026-05-17 19:05:44,417 [ERROR] (wntr.epanet.toolkit) EPANET error 223 - not enough nodes in network
2026-05-17 19:05:44,446 [ERROR] (wntr.epanet.toolkit) EPANET error 224 - no tanks or reservoirs in network
2026-05-17 19:05:44,461 [ERROR] (wntr.epanet.toolkit) EPANET error 200 - one or more errors in input file %s
2026-05-17 19:05:44,498 [ERROR] (wntr.epanet.toolkit) EPANET error 200 - one or more errors in input file %s
2026-05-17 19:05:44,507 [ERROR] (wntr.epanet.toolkit) EPANET error 200 - one or more errors in input file %s
2026-05-17 19:05:44,547 [ERROR] (wntr.epanet.toolkit) EPANET error 200 - one or more errors in input file %s
2026-05-17 19:05:44,552 [ERROR] (wntr.epanet.toolkit) EPANET error 200 - one or more errors in input file %s
2026-05-17 19:05:44,591 [ERROR] (wntr.epanet.toolkit) EPANET error 224 - no tanks or reservoirs in network
2026-05-17 19:05:44,668 [ERROR] (wntr.epanet.toolkit) EPANET error 200 - one or more errors in input file %s
2026-05-17 19:05:44,675 [ERROR] (wntr.epanet.toolkit) EPANET error 224 - no tanks or reservoirs in network
2026-05-17 19:05:44,681 [ERROR] (wntr.epanet.toolkit) EPANET error 200 - one or more errors in input file %s
2026-05-17 19:05:44,683 [ERROR] (wntr.epanet.toolkit) EPANET error 200 - one or more errors in input file %s
2026-05-17 19:05:50,280 [ERROR] (app.pipeline) Fatal error in hydraulic simulation
multiprocessing.pool.RemoteTraceback: 
"""
Traceback (most recent call last):
  File "/home/cintradu/miniconda3/envs/resilience_env/lib/python3.13/multiprocessing/pool.py", line 125, in worker
    result = (True, func(*args, **kwds))
                    ~~~~^^^^^^^^^^^^^^^
  File "/home/cintradu/miniconda3/envs/resilience_env/lib/python3.13/multiprocessing/pool.py", line 48, in mapstar
    return list(map(*args))
  File "/home/cintradu/IC/ENAU/ENAU-Modelling/src/core/simulation.py", line 23, in run_hydraulic_simulation
    results = sim.run_sim(convergence_error=True)
  File "/home/cintradu/miniconda3/envs/resilience_env/lib/python3.13/site-packages/wntr/sim/epanet.py", line 115, in run_sim
    enData.ENopen(inpfile, rptfile, outfile)
    ~~~~~~~~~~~~~^^^^^^^^^^^^^^^^^^^^^^^^^^^
  File "/home/cintradu/miniconda3/envs/resilience_env/lib/python3.13/site-packages/wntr/epanet/toolkit.py", line 196, in ENopen
    self._error()
    ~~~~~~~~~~~^^
  File "/home/cintradu/miniconda3/envs/resilience_env/lib/python3.13/site-packages/wntr/epanet/toolkit.py", line 159, in _error
    raise EpanetException(self.errcode)
wntr.epanet.exceptions.EpanetException: (Error 224) no tanks or reservoirs in network
"""

The above exception was the direct cause of the following exception:

Traceback (most recent call last):
  File "/home/cintradu/IC/ENAU/ENAU-Modelling/src/app/pipeline.py", line 55, in run
    results = pool.map(simulation.run_hydraulic_simulation, scenarios)
  File "/home/cintradu/miniconda3/envs/resilience_env/lib/python3.13/multiprocessing/pool.py", line 367, in map
    return self._map_async(func, iterable, mapstar, chunksize).get()
           ~~~~~~~~~~~~~~~~~~~~~~~~~~~~~~~~~~~~~~~~~~~~~~~~~~~~~~~^^
  File "/home/cintradu/miniconda3/envs/resilience_env/lib/python3.13/multiprocessing/pool.py", line 774, in get
    raise self._value
wntr.epanet.exceptions.EpanetException: (Error (Error 224) no tanks or reservoirs in network) unknown error
2026-05-17 19:09:34,083 [ERROR] (app.pipeline) Fatal error in hydraulic simulation
multiprocessing.pool.RemoteTraceback: 
"""
Traceback (most recent call last):
  File "/home/cintradu/miniconda3/envs/resilience_env/lib/python3.13/multiprocessing/pool.py", line 125, in worker
    result = (True, func(*args, **kwds))
                    ~~~~^^^^^^^^^^^^^^^
  File "/home/cintradu/miniconda3/envs/resilience_env/lib/python3.13/multiprocessing/pool.py", line 48, in mapstar
    return list(map(*args))
  File "/home/cintradu/IC/ENAU/ENAU-Modelling/src/core/simulation.py", line 23, in run_hydraulic_simulation
    if node.emitter_coefficient != 0:
       ^^^^^^^^^^^^^^^^^^^^^^^^
AttributeError: 'Reservoir' object has no attribute 'emitter_coefficient'
"""

The above exception was the direct cause of the following exception:

Traceback (most recent call last):
  File "/home/cintradu/IC/ENAU/ENAU-Modelling/src/app/pipeline.py", line 55, in run
    results = pool.map(simulation.run_hydraulic_simulation, scenarios)
  File "/home/cintradu/miniconda3/envs/resilience_env/lib/python3.13/multiprocessing/pool.py", line 367, in map
    return self._map_async(func, iterable, mapstar, chunksize).get()
           ~~~~~~~~~~~~~~~~~~~~~~~~~~~~~~~~~~~~~~~~~~~~~~~~~~~~~~~^^
  File "/home/cintradu/miniconda3/envs/resilience_env/lib/python3.13/multiprocessing/pool.py", line 774, in get
    raise self._value
AttributeError: 'Reservoir' object has no attribute 'emitter_coefficient'
2026-05-17 19:10:25,556 [ERROR] (app.pipeline) Fatal error in hydraulic simulation
multiprocessing.pool.RemoteTraceback: 
"""
Traceback (most recent call last):
  File "/home/cintradu/miniconda3/envs/resilience_env/lib/python3.13/multiprocessing/pool.py", line 125, in worker
    result = (True, func(*args, **kwds))
                    ~~~~^^^^^^^^^^^^^^^
  File "/home/cintradu/miniconda3/envs/resilience_env/lib/python3.13/multiprocessing/pool.py", line 48, in mapstar
    return list(map(*args))
  File "/home/cintradu/IC/ENAU/ENAU-Modelling/src/core/simulation.py", line 23, in run_hydraulic_simulation
    if node.emitter_coefficient != 0:
       ^^^^^^^^^^^^^^^^^^^^^^^^
AttributeError: 'Reservoir' object has no attribute 'emitter_coefficient'
"""

The above exception was the direct cause of the following exception:

Traceback (most recent call last):
  File "/home/cintradu/IC/ENAU/ENAU-Modelling/src/app/pipeline.py", line 55, in run
    results = pool.map(simulation.run_hydraulic_simulation, scenarios)
  File "/home/cintradu/miniconda3/envs/resilience_env/lib/python3.13/multiprocessing/pool.py", line 367, in map
    return self._map_async(func, iterable, mapstar, chunksize).get()
           ~~~~~~~~~~~~~~~~~~~~~~~~~~~~~~~~~~~~~~~~~~~~~~~~~~~~~~~^^
  File "/home/cintradu/miniconda3/envs/resilience_env/lib/python3.13/multiprocessing/pool.py", line 774, in get
    raise self._value
AttributeError: 'Reservoir' object has no attribute 'emitter_coefficient'
2026-05-17 19:11:38,793 [ERROR] (app.pipeline) Fatal error in hydraulic simulation
multiprocessing.pool.RemoteTraceback: 
"""
Traceback (most recent call last):
  File "/home/cintradu/miniconda3/envs/resilience_env/lib/python3.13/multiprocessing/pool.py", line 125, in worker
    result = (True, func(*args, **kwds))
                    ~~~~^^^^^^^^^^^^^^^
  File "/home/cintradu/miniconda3/envs/resilience_env/lib/python3.13/multiprocessing/pool.py", line 48, in mapstar
    return list(map(*args))
  File "/home/cintradu/IC/ENAU/ENAU-Modelling/src/core/simulation.py", line 23, in run_hydraulic_simulation
    if node.emitter_coefficient != 0 and node.node_type != 'Reservoir':
       ^^^^^^^^^^^^^^^^^^^^^^^^
AttributeError: 'Reservoir' object has no attribute 'emitter_coefficient'
"""

The above exception was the direct cause of the following exception:

Traceback (most recent call last):
  File "/home/cintradu/IC/ENAU/ENAU-Modelling/src/app/pipeline.py", line 55, in run
    results = pool.map(simulation.run_hydraulic_simulation, scenarios)
  File "/home/cintradu/miniconda3/envs/resilience_env/lib/python3.13/multiprocessing/pool.py", line 367, in map
    return self._map_async(func, iterable, mapstar, chunksize).get()
           ~~~~~~~~~~~~~~~~~~~~~~~~~~~~~~~~~~~~~~~~~~~~~~~~~~~~~~~^^
  File "/home/cintradu/miniconda3/envs/resilience_env/lib/python3.13/multiprocessing/pool.py", line 774, in get
    raise self._value
AttributeError: 'Reservoir' object has no attribute 'emitter_coefficient'
2026-05-17 19:12:27,797 [ERROR] (app.pipeline) Fatal error in hydraulic simulation
multiprocessing.pool.RemoteTraceback: 
"""
Traceback (most recent call last):
  File "/home/cintradu/miniconda3/envs/resilience_env/lib/python3.13/multiprocessing/pool.py", line 125, in worker
    result = (True, func(*args, **kwds))
                    ~~~~^^^^^^^^^^^^^^^
  File "/home/cintradu/miniconda3/envs/resilience_env/lib/python3.13/multiprocessing/pool.py", line 48, in mapstar
    return list(map(*args))
  File "/home/cintradu/IC/ENAU/ENAU-Modelling/src/core/simulation.py", line 23, in run_hydraulic_simulation
    if node.node_type != 'Reservoir' and node.emitter_coefficient != 0:
                                         ^^^^^^^^^^^^^^^^^^^^^^^^
AttributeError: 'Tank' object has no attribute 'emitter_coefficient'
"""

The above exception was the direct cause of the following exception:

Traceback (most recent call last):
  File "/home/cintradu/IC/ENAU/ENAU-Modelling/src/app/pipeline.py", line 55, in run
    results = pool.map(simulation.run_hydraulic_simulation, scenarios)
  File "/home/cintradu/miniconda3/envs/resilience_env/lib/python3.13/multiprocessing/pool.py", line 367, in map
    return self._map_async(func, iterable, mapstar, chunksize).get()
           ~~~~~~~~~~~~~~~~~~~~~~~~~~~~~~~~~~~~~~~~~~~~~~~~~~~~~~~^^
  File "/home/cintradu/miniconda3/envs/resilience_env/lib/python3.13/multiprocessing/pool.py", line 774, in get
    raise self._value
AttributeError: 'Tank' object has no attribute 'emitter_coefficient'
2026-05-17 19:12:56,913 [ERROR] (app.pipeline) Fatal error in hydraulic simulation
multiprocessing.pool.RemoteTraceback: 
"""
Traceback (most recent call last):
  File "/home/cintradu/miniconda3/envs/resilience_env/lib/python3.13/multiprocessing/pool.py", line 125, in worker
    result = (True, func(*args, **kwds))
                    ~~~~^^^^^^^^^^^^^^^
  File "/home/cintradu/miniconda3/envs/resilience_env/lib/python3.13/multiprocessing/pool.py", line 48, in mapstar
    return list(map(*args))
  File "/home/cintradu/IC/ENAU/ENAU-Modelling/src/core/simulation.py", line 24, in run_hydraulic_simulation
    if node.emitter_coefficient != 0:
       ^^^^^^^^^^^^^^^^^^^^^^^^
AttributeError: 'Tank' object has no attribute 'emitter_coefficient'
"""

The above exception was the direct cause of the following exception:

Traceback (most recent call last):
  File "/home/cintradu/IC/ENAU/ENAU-Modelling/src/app/pipeline.py", line 55, in run
    results = pool.map(simulation.run_hydraulic_simulation, scenarios)
  File "/home/cintradu/miniconda3/envs/resilience_env/lib/python3.13/multiprocessing/pool.py", line 367, in map
    return self._map_async(func, iterable, mapstar, chunksize).get()
           ~~~~~~~~~~~~~~~~~~~~~~~~~~~~~~~~~~~~~~~~~~~~~~~~~~~~~~~^^
  File "/home/cintradu/miniconda3/envs/resilience_env/lib/python3.13/multiprocessing/pool.py", line 774, in get
    raise self._value
AttributeError: 'Tank' object has no attribute 'emitter_coefficient'
2026-05-17 19:13:26,727 [ERROR] (wntr.epanet.toolkit) EPANET error 224 - no tanks or reservoirs in network
2026-05-17 19:13:26,812 [ERROR] (wntr.epanet.toolkit) EPANET error 200 - one or more errors in input file %s
2026-05-17 19:13:26,927 [ERROR] (wntr.epanet.toolkit) EPANET error 223 - not enough nodes in network
2026-05-17 19:13:27,219 [ERROR] (wntr.epanet.toolkit) EPANET error 200 - one or more errors in input file %s
2026-05-17 19:13:27,416 [ERROR] (wntr.epanet.io) Simulation did not converge at time 20:00:00.
2026-05-17 19:13:28,532 [ERROR] (wntr.epanet.io) Simulation did not converge at time 21:00:00.
2026-05-17 19:13:28,709 [ERROR] (wntr.epanet.toolkit) EPANET error 200 - one or more errors in input file %s
2026-05-17 19:13:29,122 [ERROR] (wntr.epanet.toolkit) EPANET error 223 - not enough nodes in network
2026-05-17 19:13:29,308 [ERROR] (wntr.epanet.toolkit) EPANET error 223 - not enough nodes in network
2026-05-17 19:13:29,308 [ERROR] (wntr.epanet.toolkit) EPANET error 223 - not enough nodes in network
2026-05-17 19:13:29,367 [ERROR] (wntr.epanet.toolkit) EPANET error 224 - no tanks or reservoirs in network
2026-05-17 19:13:29,473 [ERROR] (wntr.epanet.io) Simulation did not converge at time 00:00:00.
2026-05-17 19:13:29,503 [ERROR] (wntr.epanet.io) Simulation did not converge at time 20:00:00.
2026-05-17 19:13:29,580 [ERROR] (wntr.epanet.toolkit) EPANET error 223 - not enough nodes in network
2026-05-17 19:13:29,610 [ERROR] (wntr.epanet.toolkit) EPANET error 200 - one or more errors in input file %s
2026-05-17 19:13:29,627 [ERROR] (wntr.epanet.toolkit) EPANET error 224 - no tanks or reservoirs in network
2026-05-17 19:13:30,712 [ERROR] (wntr.epanet.toolkit) EPANET error 223 - not enough nodes in network
2026-05-17 19:13:31,417 [CRITICAL] (wntr.epanet.io) The magic number did not match -- binary incomplete or incorrectly read. If you believe this file IS complete, please try a different float type. Current type is "=f4"
2026-05-17 19:13:45,241 [ERROR] (wntr.epanet.toolkit) EPANET error 224 - no tanks or reservoirs in network
2026-05-17 19:13:45,243 [ERROR] (wntr.epanet.toolkit) EPANET error 223 - not enough nodes in network
2026-05-17 19:13:45,244 [ERROR] (wntr.epanet.toolkit) EPANET error 223 - not enough nodes in network
2026-05-17 19:13:45,250 [ERROR] (wntr.epanet.toolkit) EPANET error 200 - one or more errors in input file %s
2026-05-17 19:15:56,721 [ERROR] (wntr.epanet.toolkit) EPANET error 200 - one or more errors in input file %s
2026-05-17 19:15:56,907 [ERROR] (wntr.epanet.toolkit) EPANET error 223 - not enough nodes in network
2026-05-17 19:15:56,919 [ERROR] (wntr.epanet.toolkit) EPANET error 200 - one or more errors in input file %s
2026-05-17 19:15:57,000 [ERROR] (wntr.epanet.toolkit) EPANET error 200 - one or more errors in input file %s
2026-05-17 19:15:57,018 [ERROR] (wntr.epanet.toolkit) EPANET error 224 - no tanks or reservoirs in network
2026-05-17 19:15:57,047 [ERROR] (wntr.epanet.toolkit) EPANET error 200 - one or more errors in input file %s
2026-05-17 19:15:57,056 [ERROR] (wntr.epanet.io) Simulation did not converge at time 03:00:00.
2026-05-17 19:15:57,119 [ERROR] (wntr.epanet.toolkit) EPANET error 200 - one or more errors in input file %s
2026-05-17 19:15:57,167 [ERROR] (wntr.epanet.toolkit) EPANET error 224 - no tanks or reservoirs in network
2026-05-17 19:15:57,169 [ERROR] (wntr.epanet.io) Simulation did not converge at time 01:00:00.
2026-05-17 19:15:57,183 [ERROR] (wntr.epanet.toolkit) EPANET error 224 - no tanks or reservoirs in network
2026-05-17 19:15:57,192 [ERROR] (wntr.epanet.toolkit) EPANET error 200 - one or more errors in input file %s
2026-05-17 19:15:57,199 [ERROR] (wntr.epanet.toolkit) EPANET error 200 - one or more errors in input file %s
2026-05-17 19:15:57,357 [ERROR] (wntr.epanet.toolkit) EPANET error 200 - one or more errors in input file %s
2026-05-17 19:16:21,172 [ERROR] (wntr.epanet.toolkit) EPANET error 200 - one or more errors in input file %s
2026-05-17 19:16:21,172 [ERROR] (wntr.epanet.toolkit) EPANET error 223 - not enough nodes in network
2026-05-17 19:16:21,173 [ERROR] (wntr.epanet.toolkit) EPANET error 223 - not enough nodes in network
2026-05-17 19:16:21,173 [ERROR] (wntr.epanet.toolkit) EPANET error 200 - one or more errors in input file %s
2026-05-17 19:16:21,182 [ERROR] (wntr.epanet.toolkit) EPANET error 200 - one or more errors in input file %s
2026-05-17 19:16:21,192 [ERROR] (wntr.epanet.toolkit) EPANET error 224 - no tanks or reservoirs in network
2026-05-17 19:16:21,206 [ERROR] (wntr.epanet.toolkit) EPANET error 200 - one or more errors in input file %s
2026-05-17 19:16:21,274 [ERROR] (wntr.epanet.toolkit) EPANET error 200 - one or more errors in input file %s
2026-05-17 19:16:21,275 [ERROR] (wntr.epanet.toolkit) EPANET error 200 - one or more errors in input file %s
2026-05-17 19:16:21,284 [ERROR] (wntr.epanet.toolkit) EPANET error 200 - one or more errors in input file %s
2026-05-17 19:16:21,284 [ERROR] (wntr.epanet.toolkit) EPANET error 200 - one or more errors in input file %s
2026-05-17 19:16:21,304 [ERROR] (wntr.epanet.toolkit) EPANET error 200 - one or more errors in input file %s
2026-05-17 19:16:21,376 [ERROR] (wntr.epanet.toolkit) EPANET error 223 - not enough nodes in network
2026-05-17 19:16:21,379 [ERROR] (wntr.epanet.toolkit) EPANET error 224 - no tanks or reservoirs in network
2026-05-17 19:16:21,450 [ERROR] (wntr.epanet.io) Simulation did not converge at time 08:00:00.
2026-05-17 19:16:21,474 [ERROR] (wntr.epanet.toolkit) EPANET error 224 - no tanks or reservoirs in network
2026-05-17 19:16:21,533 [ERROR] (wntr.epanet.toolkit) EPANET error 200 - one or more errors in input file %s
2026-05-17 19:16:21,551 [ERROR] (wntr.epanet.toolkit) EPANET error 224 - no tanks or reservoirs in network
2026-05-17 19:16:21,574 [ERROR] (wntr.epanet.toolkit) EPANET error 224 - no tanks or reservoirs in network
2026-05-17 19:16:21,655 [ERROR] (wntr.epanet.toolkit) EPANET error 200 - one or more errors in input file %s
2026-05-17 19:16:21,701 [ERROR] (wntr.epanet.io) Simulation did not converge at time 04:00:00.
2026-05-17 19:16:21,726 [ERROR] (wntr.epanet.io) Simulation did not converge at time 13:00:00.
2026-05-17 19:16:26,552 [ERROR] (app.pipeline) Fatal error in hydraulic simulation
multiprocessing.pool.RemoteTraceback: 
"""
Traceback (most recent call last):
  File "/home/cintradu/miniconda3/envs/resilience_env/lib/python3.13/multiprocessing/pool.py", line 125, in worker
    result = (True, func(*args, **kwds))
                    ~~~~^^^^^^^^^^^^^^^
  File "/home/cintradu/miniconda3/envs/resilience_env/lib/python3.13/multiprocessing/pool.py", line 48, in mapstar
    return list(map(*args))
  File "/home/cintradu/IC/ENAU/ENAU-Modelling/src/core/simulation.py", line 33, in run_hydraulic_simulation
    results = sim.run_sim(convergence_error=True)
  File "/home/cintradu/miniconda3/envs/resilience_env/lib/python3.13/site-packages/wntr/sim/epanet.py", line 115, in run_sim
    enData.ENopen(inpfile, rptfile, outfile)
    ~~~~~~~~~~~~~^^^^^^^^^^^^^^^^^^^^^^^^^^^
  File "/home/cintradu/miniconda3/envs/resilience_env/lib/python3.13/site-packages/wntr/epanet/toolkit.py", line 196, in ENopen
    self._error()
    ~~~~~~~~~~~^^
  File "/home/cintradu/miniconda3/envs/resilience_env/lib/python3.13/site-packages/wntr/epanet/toolkit.py", line 159, in _error
    raise EpanetException(self.errcode)
wntr.epanet.exceptions.EpanetException: (Error 200) one or more errors in input file %s
"""

The above exception was the direct cause of the following exception:

Traceback (most recent call last):
  File "/home/cintradu/IC/ENAU/ENAU-Modelling/src/app/pipeline.py", line 55, in run
    results = pool.map(simulation.run_hydraulic_simulation, scenarios)
  File "/home/cintradu/miniconda3/envs/resilience_env/lib/python3.13/multiprocessing/pool.py", line 367, in map
    return self._map_async(func, iterable, mapstar, chunksize).get()
           ~~~~~~~~~~~~~~~~~~~~~~~~~~~~~~~~~~~~~~~~~~~~~~~~~~~~~~~^^
  File "/home/cintradu/miniconda3/envs/resilience_env/lib/python3.13/multiprocessing/pool.py", line 774, in get
    raise self._value
wntr.epanet.exceptions.EpanetException: (Error (Error 200) one or more errors in input file %s) unknown error
2026-05-17 19:28:05,211 [ERROR] (__main__) Fatal error in pipeline
Traceback (most recent call last):
  File "/home/cintradu/IC/ENAU/ENAU-Modelling/src/main.py", line 25, in main
    pipeline.run(inp_file_path, failure_type)
    ~~~~~~~~~~~~^^^^^^^^^^^^^^^^^^^^^^^^^^^^^
  File "/home/cintradu/IC/ENAU/ENAU-Modelling/src/app/pipeline.py", line 47, in run
    tasks = [(inp_file_name, simulation_config, s) for s in scenarios]
                             ^^^^^^^^^^^^^^^^^
NameError: name 'simulation_config' is not defined. Did you mean: 'self.simulation_config'?
2026-05-17 19:28:19,625 [ERROR] (wntr.epanet.toolkit) EPANET error 223 - not enough nodes in network
2026-05-17 19:28:19,626 [ERROR] (wntr.epanet.toolkit) EPANET error 224 - no tanks or reservoirs in network
2026-05-17 19:28:19,640 [ERROR] (wntr.epanet.toolkit) EPANET error 200 - one or more errors in input file %s
2026-05-17 19:28:19,641 [ERROR] (wntr.epanet.toolkit) EPANET error 223 - not enough nodes in network
2026-05-17 19:28:19,649 [ERROR] (wntr.epanet.toolkit) EPANET error 200 - one or more errors in input file %s
2026-05-17 19:28:19,661 [ERROR] (wntr.epanet.toolkit) EPANET error 200 - one or more errors in input file %s
2026-05-17 19:28:19,680 [ERROR] (wntr.epanet.toolkit) EPANET error 224 - no tanks or reservoirs in network
2026-05-17 19:28:19,680 [ERROR] (wntr.epanet.toolkit) EPANET error 223 - not enough nodes in network
2026-05-17 19:28:19,729 [ERROR] (wntr.epanet.toolkit) EPANET error 224 - no tanks or reservoirs in network
2026-05-17 19:28:19,732 [ERROR] (wntr.epanet.toolkit) EPANET error 224 - no tanks or reservoirs in network
2026-05-17 19:28:19,741 [ERROR] (wntr.epanet.toolkit) EPANET error 200 - one or more errors in input file %s
2026-05-17 19:28:19,743 [ERROR] (wntr.epanet.toolkit) EPANET error 224 - no tanks or reservoirs in network
2026-05-17 19:28:19,760 [ERROR] (wntr.epanet.toolkit) EPANET error 223 - not enough nodes in network
2026-05-17 19:28:19,776 [ERROR] (wntr.epanet.toolkit) EPANET error 200 - one or more errors in input file %s
2026-05-17 19:28:19,784 [ERROR] (wntr.epanet.toolkit) EPANET error 200 - one or more errors in input file %s
2026-05-17 19:28:19,786 [ERROR] (wntr.epanet.toolkit) EPANET error 200 - one or more errors in input file %s
2026-05-17 19:28:19,788 [ERROR] (wntr.epanet.toolkit) EPANET error 223 - not enough nodes in network
2026-05-17 19:28:19,811 [ERROR] (wntr.epanet.toolkit) EPANET error 200 - one or more errors in input file %s
2026-05-17 19:28:19,876 [CRITICAL] (wntr.epanet.io) The magic number did not match -- binary incomplete or incorrectly read. If you believe this file IS complete, please try a different float type. Current type is "=f4"
2026-05-17 19:28:19,888 [ERROR] (wntr.epanet.io) Simulation did not converge at time 07:00:00.
2026-05-17 19:28:19,908 [CRITICAL] (wntr.epanet.io) The magic number did not match -- binary incomplete or incorrectly read. If you believe this file IS complete, please try a different float type. Current type is "=f4"
2026-05-17 19:28:19,970 [ERROR] (wntr.epanet.io) Simulation did not converge at time 00:00:00.
2026-05-17 19:29:30,824 [ERROR] (wntr.epanet.toolkit) EPANET error 200 - one or more errors in input file %s
2026-05-17 19:29:30,832 [ERROR] (wntr.epanet.toolkit) EPANET error 223 - not enough nodes in network
2026-05-17 19:29:30,832 [ERROR] (wntr.epanet.toolkit) EPANET error 223 - not enough nodes in network
2026-05-17 19:29:30,833 [ERROR] (wntr.epanet.toolkit) EPANET error 223 - not enough nodes in network
2026-05-17 19:29:30,836 [ERROR] (wntr.epanet.toolkit) EPANET error 200 - one or more errors in input file %s
2026-05-17 19:29:30,837 [ERROR] (wntr.epanet.toolkit) EPANET error 223 - not enough nodes in network
2026-05-17 19:29:30,853 [ERROR] (wntr.epanet.toolkit) EPANET error 224 - no tanks or reservoirs in network
2026-05-17 19:29:30,854 [ERROR] (wntr.epanet.toolkit) EPANET error 224 - no tanks or reservoirs in network
2026-05-17 19:29:30,868 [ERROR] (wntr.epanet.toolkit) EPANET error 224 - no tanks or reservoirs in network
2026-05-17 19:29:30,884 [ERROR] (wntr.epanet.toolkit) EPANET error 200 - one or more errors in input file %s
2026-05-17 19:29:30,884 [ERROR] (wntr.epanet.toolkit) EPANET error 200 - one or more errors in input file %s
2026-05-17 19:29:30,887 [ERROR] (wntr.epanet.toolkit) EPANET error 224 - no tanks or reservoirs in network
2026-05-17 19:29:30,898 [ERROR] (wntr.epanet.toolkit) EPANET error 200 - one or more errors in input file %s
2026-05-17 19:29:30,901 [ERROR] (wntr.epanet.toolkit) EPANET error 224 - no tanks or reservoirs in network
2026-05-17 19:29:30,918 [ERROR] (wntr.epanet.toolkit) EPANET error 200 - one or more errors in input file %s
2026-05-17 19:29:30,938 [ERROR] (wntr.epanet.toolkit) EPANET error 224 - no tanks or reservoirs in network
2026-05-17 19:29:30,937 [ERROR] (wntr.epanet.toolkit) EPANET error 224 - no tanks or reservoirs in network
2026-05-17 19:29:30,940 [ERROR] (wntr.epanet.toolkit) EPANET error 223 - not enough nodes in network
2026-05-17 19:29:30,964 [ERROR] (wntr.epanet.toolkit) EPANET error 200 - one or more errors in input file %s
2026-05-17 19:29:30,968 [ERROR] (wntr.epanet.toolkit) EPANET error 223 - not enough nodes in network
2026-05-17 19:29:30,970 [ERROR] (wntr.epanet.toolkit) EPANET error 224 - no tanks or reservoirs in network
2026-05-17 19:29:30,987 [ERROR] (wntr.epanet.toolkit) EPANET error 223 - not enough nodes in network
2026-05-17 19:29:31,006 [ERROR] (wntr.epanet.toolkit) EPANET error 224 - no tanks or reservoirs in network
2026-05-17 19:29:31,010 [ERROR] (wntr.epanet.toolkit) EPANET error 223 - not enough nodes in network
2026-05-17 19:29:31,018 [ERROR] (wntr.epanet.toolkit) EPANET error 200 - one or more errors in input file %s
2026-05-17 19:29:31,031 [ERROR] (wntr.epanet.toolkit) EPANET error 200 - one or more errors in input file %s
2026-05-17 19:29:31,036 [ERROR] (wntr.epanet.toolkit) EPANET error 200 - one or more errors in input file %s
2026-05-17 19:29:31,042 [ERROR] (wntr.epanet.toolkit) EPANET error 200 - one or more errors in input file %s
2026-05-17 19:29:31,060 [ERROR] (wntr.epanet.toolkit) EPANET error 224 - no tanks or reservoirs in network
2026-05-17 19:29:31,060 [ERROR] (wntr.epanet.toolkit) EPANET error 224 - no tanks or reservoirs in network
2026-05-17 19:29:34,633 [ERROR] (app.pipeline) Fatal error in hydraulic simulation
multiprocessing.pool.RemoteTraceback: 
"""
Traceback (most recent call last):
  File "/home/cintradu/miniconda3/envs/resilience_env/lib/python3.13/multiprocessing/pool.py", line 125, in worker
    result = (True, func(*args, **kwds))
                    ~~~~^^^^^^^^^^^^^^^
  File "/home/cintradu/miniconda3/envs/resilience_env/lib/python3.13/multiprocessing/pool.py", line 51, in starmapstar
    return list(itertools.starmap(args[0], args[1]))
  File "/home/cintradu/IC/ENAU/ENAU-Modelling/src/core/simulation.py", line 21, in run_hydraulic_simulation
    results = sim.run_sim(convergence_error=True)
  File "/home/cintradu/miniconda3/envs/resilience_env/lib/python3.13/site-packages/wntr/sim/epanet.py", line 115, in run_sim
    enData.ENopen(inpfile, rptfile, outfile)
    ~~~~~~~~~~~~~^^^^^^^^^^^^^^^^^^^^^^^^^^^
  File "/home/cintradu/miniconda3/envs/resilience_env/lib/python3.13/site-packages/wntr/epanet/toolkit.py", line 196, in ENopen
    self._error()
    ~~~~~~~~~~~^^
  File "/home/cintradu/miniconda3/envs/resilience_env/lib/python3.13/site-packages/wntr/epanet/toolkit.py", line 159, in _error
    raise EpanetException(self.errcode)
wntr.epanet.exceptions.EpanetException: (Error 200) one or more errors in input file %s
"""

The above exception was the direct cause of the following exception:

Traceback (most recent call last):
  File "/home/cintradu/IC/ENAU/ENAU-Modelling/src/app/pipeline.py", line 55, in run
    results = pool.starmap(simulation.run_hydraulic_simulation, tasks)
  File "/home/cintradu/miniconda3/envs/resilience_env/lib/python3.13/multiprocessing/pool.py", line 375, in starmap
    return self._map_async(func, iterable, starmapstar, chunksize).get()
           ~~~~~~~~~~~~~~~~~~~~~~~~~~~~~~~~~~~~~~~~~~~~~~~~~~~~~~~~~~~^^
  File "/home/cintradu/miniconda3/envs/resilience_env/lib/python3.13/multiprocessing/pool.py", line 774, in get
    raise self._value
wntr.epanet.exceptions.EpanetException: (Error (Error 200) one or more errors in input file %s) unknown error
2026-05-17 19:31:45,934 [ERROR] (app.pipeline) This type of failure does not exist
2026-05-17 19:31:45,936 [ERROR] (__main__) Fatal error in pipeline
Traceback (most recent call last):
  File "/home/cintradu/IC/ENAU/ENAU-Modelling/src/main.py", line 25, in main
    pipeline.run(inp_file_path, failure_type)
    ~~~~~~~~~~~~^^^^^^^^^^^^^^^^^^^^^^^^^^^^^
  File "/home/cintradu/IC/ENAU/ENAU-Modelling/src/app/pipeline.py", line 47, in run
    tasks = [(inp_file_name, self.simulation_config, s) for s in scenarios]
                                                                 ^^^^^^^^^
UnboundLocalError: cannot access local variable 'scenarios' where it is not associated with a value
2026-05-17 19:32:25,565 [ERROR] (app.pipeline) This type of failure does not exist
NoneType: None
2026-05-17 19:32:25,568 [ERROR] (__main__) Fatal error in pipeline
Traceback (most recent call last):
  File "/home/cintradu/IC/ENAU/ENAU-Modelling/src/main.py", line 25, in main
    pipeline.run(inp_file_path, failure_type)
    ~~~~~~~~~~~~^^^^^^^^^^^^^^^^^^^^^^^^^^^^^
  File "/home/cintradu/IC/ENAU/ENAU-Modelling/src/app/pipeline.py", line 47, in run
    tasks = [(inp_file_name, self.simulation_config, s) for s in scenarios]
                                                                 ^^^^^^^^^
UnboundLocalError: cannot access local variable 'scenarios' where it is not associated with a value
2026-05-17 19:33:03,905 [ERROR] (app.pipeline) This type of failure does not exist
NoneType: None
2026-05-17 19:50:44,133 [ERROR] (app.pipeline) This type of failure does not exist
NoneType: None
2026-05-17 19:53:41,364 [ERROR] (app.pipeline) Fatal error in hydraulic simulation
multiprocessing.pool.RemoteTraceback: 
"""
Traceback (most recent call last):
  File "/home/cintradu/miniconda3/envs/resilience_env/lib/python3.13/multiprocessing/pool.py", line 125, in worker
    result = (True, func(*args, **kwds))
                    ~~~~^^^^^^^^^^^^^^^
  File "/home/cintradu/miniconda3/envs/resilience_env/lib/python3.13/multiprocessing/pool.py", line 51, in starmapstar
    return list(itertools.starmap(args[0], args[1]))
  File "/home/cintradu/IC/ENAU/ENAU-Modelling/src/core/simulation.py", line 21, in run_hydraulic_simulation
    results = sim.run_sim(convergence_error=True)
  File "/home/cintradu/miniconda3/envs/resilience_env/lib/python3.13/site-packages/wntr/sim/epanet.py", line 133, in run_sim
    results = self.reader.read(outfile, convergence_error, self._wn.options.hydraulic.headloss=='D-W')
  File "/home/cintradu/miniconda3/envs/resilience_env/lib/python3.13/site-packages/wntr/epanet/io.py", line 2695, in read
    self.save_energy_line(pidx, linknames[pidx-1], energy)
                                ~~~~~~~~~^^^^^^^^
IndexError: list index out of range
"""

The above exception was the direct cause of the following exception:

Traceback (most recent call last):
  File "/home/cintradu/IC/ENAU/ENAU-Modelling/src/app/pipeline.py", line 56, in run
    results = pool.starmap(simulation.run_hydraulic_simulation, tasks)
  File "/home/cintradu/miniconda3/envs/resilience_env/lib/python3.13/multiprocessing/pool.py", line 375, in starmap
    return self._map_async(func, iterable, starmapstar, chunksize).get()
           ~~~~~~~~~~~~~~~~~~~~~~~~~~~~~~~~~~~~~~~~~~~~~~~~~~~~~~~~~~~^^
  File "/home/cintradu/miniconda3/envs/resilience_env/lib/python3.13/multiprocessing/pool.py", line 774, in get
    raise self._value
IndexError: list index out of range
2026-05-17 19:54:41,433 [ERROR] (app.pipeline) Fatal error in hydraulic simulation
multiprocessing.pool.RemoteTraceback: 
"""
Traceback (most recent call last):
  File "/home/cintradu/miniconda3/envs/resilience_env/lib/python3.13/multiprocessing/pool.py", line 125, in worker
    result = (True, func(*args, **kwds))
                    ~~~~^^^^^^^^^^^^^^^
  File "/home/cintradu/miniconda3/envs/resilience_env/lib/python3.13/multiprocessing/pool.py", line 51, in starmapstar
    return list(itertools.starmap(args[0], args[1]))
  File "/home/cintradu/IC/ENAU/ENAU-Modelling/src/core/simulation.py", line 21, in run_hydraulic_simulation
    results = sim.run_sim(convergence_error=True)
  File "/home/cintradu/miniconda3/envs/resilience_env/lib/python3.13/site-packages/wntr/sim/epanet.py", line 133, in run_sim
    results = self.reader.read(outfile, convergence_error, self._wn.options.hydraulic.headloss=='D-W')
  File "/home/cintradu/miniconda3/envs/resilience_env/lib/python3.13/site-packages/wntr/epanet/io.py", line 2695, in read
    self.save_energy_line(pidx, linknames[pidx-1], energy)
                                ~~~~~~~~~^^^^^^^^
IndexError: list index out of range
"""

The above exception was the direct cause of the following exception:

Traceback (most recent call last):
  File "/home/cintradu/IC/ENAU/ENAU-Modelling/src/app/pipeline.py", line 56, in run
    results = pool.starmap(simulation.run_hydraulic_simulation, tasks)
  File "/home/cintradu/miniconda3/envs/resilience_env/lib/python3.13/multiprocessing/pool.py", line 375, in starmap
    return self._map_async(func, iterable, starmapstar, chunksize).get()
           ~~~~~~~~~~~~~~~~~~~~~~~~~~~~~~~~~~~~~~~~~~~~~~~~~~~~~~~~~~~^^
  File "/home/cintradu/miniconda3/envs/resilience_env/lib/python3.13/multiprocessing/pool.py", line 774, in get
    raise self._value
IndexError: list index out of range
2026-05-17 19:56:50,650 [ERROR] (app.pipeline) Fatal error in hydraulic simulation
multiprocessing.pool.RemoteTraceback: 
"""
Traceback (most recent call last):
  File "/home/cintradu/miniconda3/envs/resilience_env/lib/python3.13/multiprocessing/pool.py", line 125, in worker
    result = (True, func(*args, **kwds))
                    ~~~~^^^^^^^^^^^^^^^
  File "/home/cintradu/miniconda3/envs/resilience_env/lib/python3.13/multiprocessing/pool.py", line 51, in starmapstar
    return list(itertools.starmap(args[0], args[1]))
  File "/home/cintradu/IC/ENAU/ENAU-Modelling/src/core/simulation.py", line 21, in run_hydraulic_simulation
    results = sim.run_sim(convergence_error=True)
  File "/home/cintradu/miniconda3/envs/resilience_env/lib/python3.13/site-packages/wntr/sim/epanet.py", line 133, in run_sim
    results = self.reader.read(outfile, convergence_error, self._wn.options.hydraulic.headloss=='D-W')
  File "/home/cintradu/miniconda3/envs/resilience_env/lib/python3.13/site-packages/wntr/epanet/io.py", line 2616, in read
    magic1 = prolog[0]
             ~~~~~~^^^
IndexError: index 0 is out of bounds for axis 0 with size 0
"""

The above exception was the direct cause of the following exception:

Traceback (most recent call last):
  File "/home/cintradu/IC/ENAU/ENAU-Modelling/src/app/pipeline.py", line 56, in run
    results = pool.starmap(simulation.run_hydraulic_simulation, tasks)
  File "/home/cintradu/miniconda3/envs/resilience_env/lib/python3.13/multiprocessing/pool.py", line 375, in starmap
    return self._map_async(func, iterable, starmapstar, chunksize).get()
           ~~~~~~~~~~~~~~~~~~~~~~~~~~~~~~~~~~~~~~~~~~~~~~~~~~~~~~~~~~~^^
  File "/home/cintradu/miniconda3/envs/resilience_env/lib/python3.13/multiprocessing/pool.py", line 774, in get
    raise self._value
IndexError: index 0 is out of bounds for axis 0 with size 0
2026-05-17 19:57:01,597 [ERROR] (app.pipeline) Fatal error in hydraulic simulation
multiprocessing.pool.RemoteTraceback: 
"""
Traceback (most recent call last):
  File "/home/cintradu/miniconda3/envs/resilience_env/lib/python3.13/multiprocessing/pool.py", line 125, in worker
    result = (True, func(*args, **kwds))
                    ~~~~^^^^^^^^^^^^^^^
  File "/home/cintradu/miniconda3/envs/resilience_env/lib/python3.13/multiprocessing/pool.py", line 51, in starmapstar
    return list(itertools.starmap(args[0], args[1]))
  File "/home/cintradu/IC/ENAU/ENAU-Modelling/src/core/simulation.py", line 21, in run_hydraulic_simulation
    results = sim.run_sim(convergence_error=True)
  File "/home/cintradu/miniconda3/envs/resilience_env/lib/python3.13/site-packages/wntr/sim/epanet.py", line 133, in run_sim
    results = self.reader.read(outfile, convergence_error, self._wn.options.hydraulic.headloss=='D-W')
  File "/home/cintradu/miniconda3/envs/resilience_env/lib/python3.13/site-packages/wntr/epanet/io.py", line 2700, in read
    reporttimes = np.arange(reportstart, duration+reportstep-(duration%reportstep), reportstep)
ValueError: arange: cannot compute length
"""

The above exception was the direct cause of the following exception:

Traceback (most recent call last):
  File "/home/cintradu/IC/ENAU/ENAU-Modelling/src/app/pipeline.py", line 56, in run
    results = pool.starmap(simulation.run_hydraulic_simulation, tasks)
  File "/home/cintradu/miniconda3/envs/resilience_env/lib/python3.13/multiprocessing/pool.py", line 375, in starmap
    return self._map_async(func, iterable, starmapstar, chunksize).get()
           ~~~~~~~~~~~~~~~~~~~~~~~~~~~~~~~~~~~~~~~~~~~~~~~~~~~~~~~~~~~^^
  File "/home/cintradu/miniconda3/envs/resilience_env/lib/python3.13/multiprocessing/pool.py", line 774, in get
    raise self._value
ValueError: arange: cannot compute length
2026-05-17 19:58:23,062 [ERROR] (app.pipeline) Fatal error in hydraulic simulation
multiprocessing.pool.RemoteTraceback: 
"""
Traceback (most recent call last):
  File "/home/cintradu/miniconda3/envs/resilience_env/lib/python3.13/multiprocessing/pool.py", line 125, in worker
    result = (True, func(*args, **kwds))
                    ~~~~^^^^^^^^^^^^^^^
  File "/home/cintradu/miniconda3/envs/resilience_env/lib/python3.13/multiprocessing/pool.py", line 51, in starmapstar
    return list(itertools.starmap(args[0], args[1]))
  File "/home/cintradu/IC/ENAU/ENAU-Modelling/src/core/simulation.py", line 21, in run_hydraulic_simulation
    results = sim.run_sim(convergence_error=True)
  File "/home/cintradu/miniconda3/envs/resilience_env/lib/python3.13/site-packages/wntr/sim/epanet.py", line 133, in run_sim
    results = self.reader.read(outfile, convergence_error, self._wn.options.hydraulic.headloss=='D-W')
  File "/home/cintradu/miniconda3/envs/resilience_env/lib/python3.13/site-packages/wntr/epanet/io.py", line 2695, in read
    self.save_energy_line(pidx, linknames[pidx-1], energy)
                                ~~~~~~~~~^^^^^^^^
IndexError: list index out of range
"""

The above exception was the direct cause of the following exception:

Traceback (most recent call last):
  File "/home/cintradu/IC/ENAU/ENAU-Modelling/src/app/pipeline.py", line 56, in run
    results = pool.starmap(simulation.run_hydraulic_simulation, tasks)
  File "/home/cintradu/miniconda3/envs/resilience_env/lib/python3.13/multiprocessing/pool.py", line 375, in starmap
    return self._map_async(func, iterable, starmapstar, chunksize).get()
           ~~~~~~~~~~~~~~~~~~~~~~~~~~~~~~~~~~~~~~~~~~~~~~~~~~~~~~~~~~~^^
  File "/home/cintradu/miniconda3/envs/resilience_env/lib/python3.13/multiprocessing/pool.py", line 774, in get
    raise self._value
IndexError: list index out of range
2026-05-17 19:59:40,790 [ERROR] (wntr.epanet.toolkit) EPANET error 200 - one or more errors in input file %s
2026-05-17 19:59:40,808 [ERROR] (wntr.epanet.toolkit) EPANET error 200 - one or more errors in input file %s
2026-05-17 19:59:40,825 [ERROR] (wntr.epanet.toolkit) EPANET error 200 - one or more errors in input file %s
2026-05-17 19:59:40,982 [ERROR] (app.pipeline) Fatal error in hydraulic simulation
multiprocessing.pool.RemoteTraceback: 
"""
Traceback (most recent call last):
  File "/home/cintradu/miniconda3/envs/resilience_env/lib/python3.13/multiprocessing/pool.py", line 125, in worker
    result = (True, func(*args, **kwds))
                    ~~~~^^^^^^^^^^^^^^^
  File "/home/cintradu/miniconda3/envs/resilience_env/lib/python3.13/multiprocessing/pool.py", line 51, in starmapstar
    return list(itertools.starmap(args[0], args[1]))
  File "/home/cintradu/IC/ENAU/ENAU-Modelling/src/core/simulation.py", line 23, in run_hydraulic_simulation
    results = sim.run_sim(convergence_error=True)
  File "/home/cintradu/miniconda3/envs/resilience_env/lib/python3.13/site-packages/wntr/sim/epanet.py", line 115, in run_sim
    enData.ENopen(inpfile, rptfile, outfile)
    ~~~~~~~~~~~~~^^^^^^^^^^^^^^^^^^^^^^^^^^^
  File "/home/cintradu/miniconda3/envs/resilience_env/lib/python3.13/site-packages/wntr/epanet/toolkit.py", line 196, in ENopen
    self._error()
    ~~~~~~~~~~~^^
  File "/home/cintradu/miniconda3/envs/resilience_env/lib/python3.13/site-packages/wntr/epanet/toolkit.py", line 159, in _error
    raise EpanetException(self.errcode)
wntr.epanet.exceptions.EpanetException: (Error 200) one or more errors in input file %s
"""

The above exception was the direct cause of the following exception:

Traceback (most recent call last):
  File "/home/cintradu/IC/ENAU/ENAU-Modelling/src/app/pipeline.py", line 56, in run
    results = pool.starmap(simulation.run_hydraulic_simulation, tasks)
  File "/home/cintradu/miniconda3/envs/resilience_env/lib/python3.13/multiprocessing/pool.py", line 375, in starmap
    return self._map_async(func, iterable, starmapstar, chunksize).get()
           ~~~~~~~~~~~~~~~~~~~~~~~~~~~~~~~~~~~~~~~~~~~~~~~~~~~~~~~~~~~^^
  File "/home/cintradu/miniconda3/envs/resilience_env/lib/python3.13/multiprocessing/pool.py", line 774, in get
    raise self._value
wntr.epanet.exceptions.EpanetException: (Error (Error 200) one or more errors in input file %s) unknown error
2026-05-17 20:01:11,279 [ERROR] (app.pipeline) Fatal error in hydraulic simulation
multiprocessing.pool.RemoteTraceback: 
"""
Traceback (most recent call last):
  File "/home/cintradu/miniconda3/envs/resilience_env/lib/python3.13/multiprocessing/pool.py", line 125, in worker
    result = (True, func(*args, **kwds))
                    ~~~~^^^^^^^^^^^^^^^
  File "/home/cintradu/miniconda3/envs/resilience_env/lib/python3.13/multiprocessing/pool.py", line 51, in starmapstar
    return list(itertools.starmap(args[0], args[1]))
  File "/home/cintradu/IC/ENAU/ENAU-Modelling/src/core/simulation.py", line 23, in run_hydraulic_simulation
    results = sim.run_sim(convergence_error=True)
  File "/home/cintradu/miniconda3/envs/resilience_env/lib/python3.13/site-packages/wntr/sim/epanet.py", line 133, in run_sim
    results = self.reader.read(outfile, convergence_error, self._wn.options.hydraulic.headloss=='D-W')
  File "/home/cintradu/miniconda3/envs/resilience_env/lib/python3.13/site-packages/wntr/epanet/io.py", line 2695, in read
    self.save_energy_line(pidx, linknames[pidx-1], energy)
                                ~~~~~~~~~^^^^^^^^
IndexError: list index out of range
"""

The above exception was the direct cause of the following exception:

Traceback (most recent call last):
  File "/home/cintradu/IC/ENAU/ENAU-Modelling/src/app/pipeline.py", line 68, in run
    results = pool.starmap(simulation.run_hydraulic_simulation, tasks)
  File "/home/cintradu/miniconda3/envs/resilience_env/lib/python3.13/multiprocessing/pool.py", line 375, in starmap
    return self._map_async(func, iterable, starmapstar, chunksize).get()
           ~~~~~~~~~~~~~~~~~~~~~~~~~~~~~~~~~~~~~~~~~~~~~~~~~~~~~~~~~~~^^
  File "/home/cintradu/miniconda3/envs/resilience_env/lib/python3.13/multiprocessing/pool.py", line 774, in get
    raise self._value
IndexError: list index out of range
2026-05-17 20:02:36,287 [ERROR] (wntr.epanet.toolkit) EPANET error 200 - one or more errors in input file %s
2026-05-17 20:02:36,300 [ERROR] (wntr.epanet.toolkit) EPANET error 200 - one or more errors in input file %s
2026-05-17 20:02:36,302 [ERROR] (wntr.epanet.toolkit) EPANET error 200 - one or more errors in input file %s
2026-05-17 20:02:36,303 [ERROR] (wntr.epanet.toolkit) EPANET error 200 - one or more errors in input file %s
2026-05-17 20:02:36,309 [ERROR] (wntr.epanet.toolkit) EPANET error 200 - one or more errors in input file %s
2026-05-17 20:02:36,311 [ERROR] (wntr.epanet.toolkit) EPANET error 200 - one or more errors in input file %s
2026-05-17 20:02:36,316 [ERROR] (wntr.epanet.toolkit) EPANET error 200 - one or more errors in input file %s
2026-05-17 20:02:36,406 [ERROR] (app.pipeline) Fatal error in hydraulic simulation
multiprocessing.pool.RemoteTraceback: 
"""
Traceback (most recent call last):
  File "/home/cintradu/miniconda3/envs/resilience_env/lib/python3.13/multiprocessing/pool.py", line 125, in worker
    result = (True, func(*args, **kwds))
                    ~~~~^^^^^^^^^^^^^^^
  File "/home/cintradu/miniconda3/envs/resilience_env/lib/python3.13/multiprocessing/pool.py", line 51, in starmapstar
    return list(itertools.starmap(args[0], args[1]))
  File "/home/cintradu/IC/ENAU/ENAU-Modelling/src/core/simulation.py", line 23, in run_hydraulic_simulation
    results = sim.run_sim(convergence_error=True)
  File "/home/cintradu/miniconda3/envs/resilience_env/lib/python3.13/site-packages/wntr/sim/epanet.py", line 115, in run_sim
    enData.ENopen(inpfile, rptfile, outfile)
    ~~~~~~~~~~~~~^^^^^^^^^^^^^^^^^^^^^^^^^^^
  File "/home/cintradu/miniconda3/envs/resilience_env/lib/python3.13/site-packages/wntr/epanet/toolkit.py", line 196, in ENopen
    self._error()
    ~~~~~~~~~~~^^
  File "/home/cintradu/miniconda3/envs/resilience_env/lib/python3.13/site-packages/wntr/epanet/toolkit.py", line 159, in _error
    raise EpanetException(self.errcode)
wntr.epanet.exceptions.EpanetException: (Error 200) one or more errors in input file %s
"""

The above exception was the direct cause of the following exception:

Traceback (most recent call last):
  File "/home/cintradu/IC/ENAU/ENAU-Modelling/src/app/pipeline.py", line 69, in run
    results = pool.starmap(simulation.run_hydraulic_simulation, tasks)
  File "/home/cintradu/miniconda3/envs/resilience_env/lib/python3.13/multiprocessing/pool.py", line 375, in starmap
    return self._map_async(func, iterable, starmapstar, chunksize).get()
           ~~~~~~~~~~~~~~~~~~~~~~~~~~~~~~~~~~~~~~~~~~~~~~~~~~~~~~~~~~~^^
  File "/home/cintradu/miniconda3/envs/resilience_env/lib/python3.13/multiprocessing/pool.py", line 774, in get
    raise self._value
wntr.epanet.exceptions.EpanetException: (Error (Error 200) one or more errors in input file %s) unknown error
2026-05-17 20:09:18,947 [ERROR] (wntr.epanet.toolkit) EPANET error 223 - not enough nodes in network
2026-05-17 20:09:18,951 [ERROR] (wntr.epanet.toolkit) EPANET error 200 - one or more errors in input file %s
2026-05-17 20:09:18,952 [ERROR] (wntr.epanet.toolkit) EPANET error 224 - no tanks or reservoirs in network
2026-05-17 20:09:18,952 [ERROR] (wntr.epanet.toolkit) EPANET error 224 - no tanks or reservoirs in network
2026-05-17 20:09:18,952 [ERROR] (wntr.epanet.toolkit) EPANET error 224 - no tanks or reservoirs in network
2026-05-17 20:09:18,951 [ERROR] (wntr.epanet.toolkit) EPANET error 200 - one or more errors in input file %s
2026-05-17 20:09:18,967 [ERROR] (wntr.epanet.toolkit) EPANET error 200 - one or more errors in input file %s
2026-05-17 20:09:19,111 [ERROR] (app.pipeline) Fatal error in hydraulic simulation
multiprocessing.pool.RemoteTraceback: 
"""
Traceback (most recent call last):
  File "/home/cintradu/miniconda3/envs/resilience_env/lib/python3.13/multiprocessing/pool.py", line 125, in worker
    result = (True, func(*args, **kwds))
                    ~~~~^^^^^^^^^^^^^^^
  File "/home/cintradu/miniconda3/envs/resilience_env/lib/python3.13/multiprocessing/pool.py", line 51, in starmapstar
    return list(itertools.starmap(args[0], args[1]))
  File "/home/cintradu/IC/ENAU/ENAU-Modelling/src/core/simulation.py", line 23, in run_hydraulic_simulation
    results = sim.run_sim(convergence_error=True)
  File "/home/cintradu/miniconda3/envs/resilience_env/lib/python3.13/site-packages/wntr/sim/epanet.py", line 120, in run_sim
    enData.ENsolveH()
    ~~~~~~~~~~~~~~~^^
  File "/home/cintradu/miniconda3/envs/resilience_env/lib/python3.13/site-packages/wntr/epanet/toolkit.py", line 240, in ENsolveH
    self._error()
    ~~~~~~~~~~~^^
  File "/home/cintradu/miniconda3/envs/resilience_env/lib/python3.13/site-packages/wntr/epanet/toolkit.py", line 159, in _error
    raise EpanetException(self.errcode)
wntr.epanet.exceptions.EpanetException: (Error 223) not enough nodes in network
"""

The above exception was the direct cause of the following exception:

Traceback (most recent call last):
  File "/home/cintradu/IC/ENAU/ENAU-Modelling/src/app/pipeline.py", line 57, in run
    results = pool.starmap(simulation.run_hydraulic_simulation, tasks)
  File "/home/cintradu/miniconda3/envs/resilience_env/lib/python3.13/multiprocessing/pool.py", line 375, in starmap
    return self._map_async(func, iterable, starmapstar, chunksize).get()
           ~~~~~~~~~~~~~~~~~~~~~~~~~~~~~~~~~~~~~~~~~~~~~~~~~~~~~~~~~~~^^
  File "/home/cintradu/miniconda3/envs/resilience_env/lib/python3.13/multiprocessing/pool.py", line 774, in get
    raise self._value
wntr.epanet.exceptions.EpanetException: (Error (Error 223) not enough nodes in network) unknown error
2026-05-17 20:09:33,065 [ERROR] (wntr.epanet.io) Simulation did not converge at time 07:00:00.
2026-05-17 20:09:33,129 [ERROR] (app.pipeline) Fatal error in hydraulic simulation
multiprocessing.pool.RemoteTraceback: 
"""
Traceback (most recent call last):
  File "/home/cintradu/miniconda3/envs/resilience_env/lib/python3.13/multiprocessing/pool.py", line 125, in worker
    result = (True, func(*args, **kwds))
                    ~~~~^^^^^^^^^^^^^^^
  File "/home/cintradu/miniconda3/envs/resilience_env/lib/python3.13/multiprocessing/pool.py", line 51, in starmapstar
    return list(itertools.starmap(args[0], args[1]))
  File "/home/cintradu/IC/ENAU/ENAU-Modelling/src/core/simulation.py", line 21, in run_hydraulic_simulation
    results = sim.run_sim(convergence_error=True)
  File "/home/cintradu/miniconda3/envs/resilience_env/lib/python3.13/site-packages/wntr/sim/epanet.py", line 133, in run_sim
    results = self.reader.read(outfile, convergence_error, self._wn.options.hydraulic.headloss=='D-W')
  File "/home/cintradu/miniconda3/envs/resilience_env/lib/python3.13/site-packages/wntr/epanet/io.py", line 2616, in read
    magic1 = prolog[0]
             ~~~~~~^^^
IndexError: index 0 is out of bounds for axis 0 with size 0
"""

The above exception was the direct cause of the following exception:

Traceback (most recent call last):
  File "/home/cintradu/IC/ENAU/ENAU-Modelling/src/app/pipeline.py", line 57, in run
    results = pool.starmap(simulation.run_hydraulic_simulation, tasks)
  File "/home/cintradu/miniconda3/envs/resilience_env/lib/python3.13/multiprocessing/pool.py", line 375, in starmap
    return self._map_async(func, iterable, starmapstar, chunksize).get()
           ~~~~~~~~~~~~~~~~~~~~~~~~~~~~~~~~~~~~~~~~~~~~~~~~~~~~~~~~~~~^^
  File "/home/cintradu/miniconda3/envs/resilience_env/lib/python3.13/multiprocessing/pool.py", line 774, in get
    raise self._value
IndexError: index 0 is out of bounds for axis 0 with size 0
2026-05-17 20:17:11,658 [ERROR] (app.pipeline) Fatal error in hydraulic simulation
Traceback (most recent call last):
  File "/home/cintradu/IC/ENAU/ENAU-Modelling/src/app/pipeline.py", line 57, in run
    results = poolstarmap(simulation.run_hydraulic_simulation, tasks)
              ^^^^^^^^^^^
NameError: name 'poolstarmap' is not defined
2026-05-17 20:17:29,261 [ERROR] (app.pipeline) Fatal error in hydraulic simulation
multiprocessing.pool.RemoteTraceback: 
"""
Traceback (most recent call last):
  File "/home/cintradu/miniconda3/envs/resilience_env/lib/python3.13/multiprocessing/pool.py", line 125, in worker
    result = (True, func(*args, **kwds))
                    ~~~~^^^^^^^^^^^^^^^
  File "/home/cintradu/miniconda3/envs/resilience_env/lib/python3.13/multiprocessing/pool.py", line 51, in starmapstar
    return list(itertools.starmap(args[0], args[1]))
  File "/home/cintradu/IC/ENAU/ENAU-Modelling/src/core/simulation.py", line 21, in run_hydraulic_simulation
    results = sim.run_sim(convergence_error=True)
  File "/home/cintradu/miniconda3/envs/resilience_env/lib/python3.13/site-packages/wntr/sim/epanet.py", line 115, in run_sim
    enData.ENopen(inpfile, rptfile, outfile)
    ~~~~~~~~~~~~~^^^^^^^^^^^^^^^^^^^^^^^^^^^
  File "/home/cintradu/miniconda3/envs/resilience_env/lib/python3.13/site-packages/wntr/epanet/toolkit.py", line 196, in ENopen
    self._error()
    ~~~~~~~~~~~^^
  File "/home/cintradu/miniconda3/envs/resilience_env/lib/python3.13/site-packages/wntr/epanet/toolkit.py", line 159, in _error
    raise EpanetException(self.errcode)
wntr.epanet.exceptions.EpanetException: (Error 223) not enough nodes in network
"""

The above exception was the direct cause of the following exception:

Traceback (most recent call last):
  File "/home/cintradu/IC/ENAU/ENAU-Modelling/src/app/pipeline.py", line 57, in run
    results = pool.starmap(simulation.run_hydraulic_simulation, tasks)
  File "/home/cintradu/miniconda3/envs/resilience_env/lib/python3.13/multiprocessing/pool.py", line 375, in starmap
    return self._map_async(func, iterable, starmapstar, chunksize).get()
           ~~~~~~~~~~~~~~~~~~~~~~~~~~~~~~~~~~~~~~~~~~~~~~~~~~~~~~~~~~~^^
  File "/home/cintradu/miniconda3/envs/resilience_env/lib/python3.13/multiprocessing/pool.py", line 774, in get
    raise self._value
wntr.epanet.exceptions.EpanetException: (Error (Error 223) not enough nodes in network) unknown error
2026-05-17 20:36:49,218 [ERROR] (app.pipeline) Fatal error in hydraulic simulation
multiprocessing.pool.RemoteTraceback: 
"""
Traceback (most recent call last):
  File "/home/cintradu/miniconda3/envs/resilience_env/lib/python3.13/multiprocessing/pool.py", line 125, in worker
    result = (True, func(*args, **kwds))
                    ~~~~^^^^^^^^^^^^^^^
  File "/home/cintradu/miniconda3/envs/resilience_env/lib/python3.13/multiprocessing/pool.py", line 51, in starmapstar
    return list(itertools.starmap(args[0], args[1]))
  File "/home/cintradu/IC/ENAU/ENAU-Modelling/src/core/simulation.py", line 22, in run_hydraulic_simulation
    results = sim.run_sim(file_prefix=tmpdir+'/temp', convergence_error=True)
                                      ^^^^^^
NameError: name 'tmpdir' is not defined
"""

The above exception was the direct cause of the following exception:

Traceback (most recent call last):
  File "/home/cintradu/IC/ENAU/ENAU-Modelling/src/app/pipeline.py", line 57, in run
    results = pool.starmap(simulation.run_hydraulic_simulation, tasks)
  File "/home/cintradu/miniconda3/envs/resilience_env/lib/python3.13/multiprocessing/pool.py", line 375, in starmap
    return self._map_async(func, iterable, starmapstar, chunksize).get()
           ~~~~~~~~~~~~~~~~~~~~~~~~~~~~~~~~~~~~~~~~~~~~~~~~~~~~~~~~~~~^^
  File "/home/cintradu/miniconda3/envs/resilience_env/lib/python3.13/multiprocessing/pool.py", line 774, in get
    raise self._value
NameError: name 'tmpdir' is not defined
2026-05-17 20:45:30,134 [ERROR] (app.pipeline) Fatal error in hydraulic simulation
multiprocessing.pool.RemoteTraceback: 
"""
Traceback (most recent call last):
  File "/home/cintradu/miniconda3/envs/resilience_env/lib/python3.13/multiprocessing/pool.py", line 125, in worker
    result = (True, func(*args, **kwds))
                    ~~~~^^^^^^^^^^^^^^^
  File "/home/cintradu/miniconda3/envs/resilience_env/lib/python3.13/multiprocessing/pool.py", line 51, in starmapstar
    return list(itertools.starmap(args[0], args[1]))
  File "/home/cintradu/IC/ENAU/ENAU-Modelling/src/core/simulation.py", line 25, in run_hydraulic_simulation
    results = sim.run_sim(file_prefix='temp/'+tmpdir+'/run', convergence_error=True)
  File "/home/cintradu/miniconda3/envs/resilience_env/lib/python3.13/site-packages/wntr/sim/epanet.py", line 106, in run_sim
    write_inpfile(self._wn, inpfile, units=self._wn.options.hydraulic.inpfile_units, version=version)
    ~~~~~~~~~~~~~^^^^^^^^^^^^^^^^^^^^^^^^^^^^^^^^^^^^^^^^^^^^^^^^^^^^^^^^^^^^^^^^^^^^^^^^^^^^^^^^^^^^
  File "/home/cintradu/miniconda3/envs/resilience_env/lib/python3.13/site-packages/wntr/network/io.py", line 502, in write_inpfile
    wn._inpfile.write(filename, wn, units=units, version=version, force_coordinates=force_coordinates)
    ~~~~~~~~~~~~~~~~~^^^^^^^^^^^^^^^^^^^^^^^^^^^^^^^^^^^^^^^^^^^^^^^^^^^^^^^^^^^^^^^^^^^^^^^^^^^^^^^^^
  File "/home/cintradu/miniconda3/envs/resilience_env/lib/python3.13/site-packages/wntr/epanet/io.py", line 453, in write
    with io.open(filename, 'wb') as f:
         ~~~~~~~^^^^^^^^^^^^^^^^
FileNotFoundError: [Errno 2] No such file or directory: 'temp//tmp/tmp82hdxb_g/run.inp'
"""

The above exception was the direct cause of the following exception:

Traceback (most recent call last):
  File "/home/cintradu/IC/ENAU/ENAU-Modelling/src/app/pipeline.py", line 56, in run
    results = pool.starmap(simulation.run_hydraulic_simulation, tasks)
  File "/home/cintradu/miniconda3/envs/resilience_env/lib/python3.13/multiprocessing/pool.py", line 375, in starmap
    return self._map_async(func, iterable, starmapstar, chunksize).get()
           ~~~~~~~~~~~~~~~~~~~~~~~~~~~~~~~~~~~~~~~~~~~~~~~~~~~~~~~~~~~^^
  File "/home/cintradu/miniconda3/envs/resilience_env/lib/python3.13/multiprocessing/pool.py", line 774, in get
    raise self._value
FileNotFoundError: [Errno 2] No such file or directory: 'temp//tmp/tmp82hdxb_g/run.inp'
2026-05-17 20:45:44,132 [ERROR] (app.pipeline) Fatal error in hydraulic simulation
multiprocessing.pool.RemoteTraceback: 
"""
Traceback (most recent call last):
  File "/home/cintradu/miniconda3/envs/resilience_env/lib/python3.13/multiprocessing/pool.py", line 125, in worker
    result = (True, func(*args, **kwds))
                    ~~~~^^^^^^^^^^^^^^^
  File "/home/cintradu/miniconda3/envs/resilience_env/lib/python3.13/multiprocessing/pool.py", line 51, in starmapstar
    return list(itertools.starmap(args[0], args[1]))
  File "/home/cintradu/IC/ENAU/ENAU-Modelling/src/core/simulation.py", line 25, in run_hydraulic_simulation
    results = sim.run_sim(file_prefix='temp'+tmpdir+'/run', convergence_error=True)
  File "/home/cintradu/miniconda3/envs/resilience_env/lib/python3.13/site-packages/wntr/sim/epanet.py", line 106, in run_sim
    write_inpfile(self._wn, inpfile, units=self._wn.options.hydraulic.inpfile_units, version=version)
    ~~~~~~~~~~~~~^^^^^^^^^^^^^^^^^^^^^^^^^^^^^^^^^^^^^^^^^^^^^^^^^^^^^^^^^^^^^^^^^^^^^^^^^^^^^^^^^^^^
  File "/home/cintradu/miniconda3/envs/resilience_env/lib/python3.13/site-packages/wntr/network/io.py", line 502, in write_inpfile
    wn._inpfile.write(filename, wn, units=units, version=version, force_coordinates=force_coordinates)
    ~~~~~~~~~~~~~~~~~^^^^^^^^^^^^^^^^^^^^^^^^^^^^^^^^^^^^^^^^^^^^^^^^^^^^^^^^^^^^^^^^^^^^^^^^^^^^^^^^^
  File "/home/cintradu/miniconda3/envs/resilience_env/lib/python3.13/site-packages/wntr/epanet/io.py", line 453, in write
    with io.open(filename, 'wb') as f:
         ~~~~~~~^^^^^^^^^^^^^^^^
FileNotFoundError: [Errno 2] No such file or directory: 'temp/tmp/tmpq25k01nc/run.inp'
"""

The above exception was the direct cause of the following exception:

Traceback (most recent call last):
  File "/home/cintradu/IC/ENAU/ENAU-Modelling/src/app/pipeline.py", line 56, in run
    results = pool.starmap(simulation.run_hydraulic_simulation, tasks)
  File "/home/cintradu/miniconda3/envs/resilience_env/lib/python3.13/multiprocessing/pool.py", line 375, in starmap
    return self._map_async(func, iterable, starmapstar, chunksize).get()
           ~~~~~~~~~~~~~~~~~~~~~~~~~~~~~~~~~~~~~~~~~~~~~~~~~~~~~~~~~~~^^
  File "/home/cintradu/miniconda3/envs/resilience_env/lib/python3.13/multiprocessing/pool.py", line 774, in get
    raise self._value
FileNotFoundError: [Errno 2] No such file or directory: 'temp/tmp/tmpq25k01nc/run.inp'
2026-05-17 20:45:55,361 [ERROR] (app.pipeline) Fatal error in hydraulic simulation
multiprocessing.pool.RemoteTraceback: 
"""
Traceback (most recent call last):
  File "/home/cintradu/miniconda3/envs/resilience_env/lib/python3.13/multiprocessing/pool.py", line 125, in worker
    result = (True, func(*args, **kwds))
                    ~~~~^^^^^^^^^^^^^^^
  File "/home/cintradu/miniconda3/envs/resilience_env/lib/python3.13/multiprocessing/pool.py", line 51, in starmapstar
    return list(itertools.starmap(args[0], args[1]))
  File "/home/cintradu/IC/ENAU/ENAU-Modelling/src/core/simulation.py", line 25, in run_hydraulic_simulation
    results = sim.run_sim(file_prefix='temp'+tmpdir+'/run', convergence_error=True)
  File "/home/cintradu/miniconda3/envs/resilience_env/lib/python3.13/site-packages/wntr/sim/epanet.py", line 106, in run_sim
    write_inpfile(self._wn, inpfile, units=self._wn.options.hydraulic.inpfile_units, version=version)
    ~~~~~~~~~~~~~^^^^^^^^^^^^^^^^^^^^^^^^^^^^^^^^^^^^^^^^^^^^^^^^^^^^^^^^^^^^^^^^^^^^^^^^^^^^^^^^^^^^
  File "/home/cintradu/miniconda3/envs/resilience_env/lib/python3.13/site-packages/wntr/network/io.py", line 502, in write_inpfile
    wn._inpfile.write(filename, wn, units=units, version=version, force_coordinates=force_coordinates)
    ~~~~~~~~~~~~~~~~~^^^^^^^^^^^^^^^^^^^^^^^^^^^^^^^^^^^^^^^^^^^^^^^^^^^^^^^^^^^^^^^^^^^^^^^^^^^^^^^^^
  File "/home/cintradu/miniconda3/envs/resilience_env/lib/python3.13/site-packages/wntr/epanet/io.py", line 453, in write
    with io.open(filename, 'wb') as f:
         ~~~~~~~^^^^^^^^^^^^^^^^
FileNotFoundError: [Errno 2] No such file or directory: 'temp/tmp/tmpj38iriqh/run.inp'
"""

The above exception was the direct cause of the following exception:

Traceback (most recent call last):
  File "/home/cintradu/IC/ENAU/ENAU-Modelling/src/app/pipeline.py", line 56, in run
    results = pool.starmap(simulation.run_hydraulic_simulation, tasks)
  File "/home/cintradu/miniconda3/envs/resilience_env/lib/python3.13/multiprocessing/pool.py", line 375, in starmap
    return self._map_async(func, iterable, starmapstar, chunksize).get()
           ~~~~~~~~~~~~~~~~~~~~~~~~~~~~~~~~~~~~~~~~~~~~~~~~~~~~~~~~~~~^^
  File "/home/cintradu/miniconda3/envs/resilience_env/lib/python3.13/multiprocessing/pool.py", line 774, in get
    raise self._value
FileNotFoundError: [Errno 2] No such file or directory: 'temp/tmp/tmpj38iriqh/run.inp'
2026-05-17 20:59:08,408 [WARNING] (wntr.epanet.toolkit) EPANET warning 2 - At   0:00:00, system may be hydraulically unstable - hydraulic convergence was only achieved after the status of all links was held fixed
2026-05-17 20:59:08,468 [WARNING] (wntr.epanet.io) Warnings were issued during simulation
2026-05-17 20:59:09,294 [WARNING] (wntr.epanet.toolkit) EPANET warning 2 - At   0:00:00, system may be hydraulically unstable - hydraulic convergence was only achieved after the status of all links was held fixed
2026-05-17 20:59:09,340 [WARNING] (wntr.epanet.io) Warnings were issued during simulation
2026-05-17 20:59:10,475 [WARNING] (wntr.epanet.toolkit) EPANET warning 1 - At   0:00:00, system hydraulically unbalanced - convergence to a hydraulic solution was not achieved in the allowed number of trials
2026-05-17 20:59:10,521 [WARNING] (wntr.epanet.io) Warnings were issued during simulation
2026-05-17 20:59:10,845 [WARNING] (wntr.epanet.toolkit) EPANET warning 2 - At   0:00:00, system may be hydraulically unstable - hydraulic convergence was only achieved after the status of all links was held fixed
2026-05-17 20:59:10,906 [WARNING] (wntr.epanet.io) Warnings were issued during simulation
2026-05-17 20:59:11,425 [WARNING] (wntr.epanet.toolkit) EPANET warning 1 - At   0:00:00, system hydraulically unbalanced - convergence to a hydraulic solution was not achieved in the allowed number of trials
2026-05-17 20:59:11,481 [WARNING] (wntr.epanet.io) Warnings were issued during simulation
2026-05-17 20:59:13,472 [WARNING] (wntr.epanet.toolkit) EPANET warning 2 - At   0:00:00, system may be hydraulically unstable - hydraulic convergence was only achieved after the status of all links was held fixed
2026-05-17 20:59:13,529 [WARNING] (wntr.epanet.io) Warnings were issued during simulation
2026-05-17 20:59:14,022 [WARNING] (wntr.epanet.toolkit) EPANET warning 2 - At   0:00:00, system may be hydraulically unstable - hydraulic convergence was only achieved after the status of all links was held fixed
2026-05-17 20:59:14,024 [WARNING] (wntr.epanet.toolkit) EPANET warning 2 - At   0:00:00, system may be hydraulically unstable - hydraulic convergence was only achieved after the status of all links was held fixed
2026-05-17 20:59:14,091 [WARNING] (wntr.epanet.io) Warnings were issued during simulation
2026-05-17 20:59:14,105 [WARNING] (wntr.epanet.io) Warnings were issued during simulation
2026-05-17 20:59:15,071 [WARNING] (wntr.epanet.toolkit) EPANET warning 1 - At   0:00:00, system hydraulically unbalanced - convergence to a hydraulic solution was not achieved in the allowed number of trials
2026-05-17 20:59:15,104 [WARNING] (wntr.epanet.toolkit) EPANET warning 1 - At   0:00:00, system hydraulically unbalanced - convergence to a hydraulic solution was not achieved in the allowed number of trials
2026-05-17 20:59:15,137 [WARNING] (wntr.epanet.io) Warnings were issued during simulation
2026-05-17 20:59:15,159 [WARNING] (wntr.epanet.io) Warnings were issued during simulation
2026-05-17 20:59:16,022 [WARNING] (wntr.epanet.toolkit) EPANET warning 2 - At   0:00:00, system may be hydraulically unstable - hydraulic convergence was only achieved after the status of all links was held fixed
2026-05-17 20:59:16,095 [WARNING] (wntr.epanet.io) Warnings were issued during simulation
2026-05-17 20:59:16,368 [WARNING] (wntr.epanet.toolkit) EPANET warning 2 - At   0:00:00, system may be hydraulically unstable - hydraulic convergence was only achieved after the status of all links was held fixed
2026-05-17 20:59:16,428 [WARNING] (wntr.epanet.io) Warnings were issued during simulation
2026-05-17 20:59:17,039 [WARNING] (wntr.epanet.toolkit) EPANET warning 2 - At   0:00:00, system may be hydraulically unstable - hydraulic convergence was only achieved after the status of all links was held fixed
2026-05-17 20:59:17,073 [WARNING] (wntr.epanet.io) Warnings were issued during simulation
2026-05-17 20:59:20,069 [WARNING] (wntr.epanet.toolkit) EPANET warning 2 - At   0:00:00, system may be hydraulically unstable - hydraulic convergence was only achieved after the status of all links was held fixed
2026-05-17 20:59:20,120 [WARNING] (wntr.epanet.io) Warnings were issued during simulation
2026-05-17 20:59:20,244 [WARNING] (wntr.epanet.toolkit) EPANET warning 2 - At   0:00:00, system may be hydraulically unstable - hydraulic convergence was only achieved after the status of all links was held fixed
2026-05-17 20:59:20,282 [WARNING] (wntr.epanet.io) Warnings were issued during simulation
2026-05-17 20:59:24,126 [WARNING] (wntr.epanet.toolkit) EPANET warning 2 - At   0:00:00, system may be hydraulically unstable - hydraulic convergence was only achieved after the status of all links was held fixed
2026-05-17 20:59:24,198 [WARNING] (wntr.epanet.io) Warnings were issued during simulation
2026-05-17 20:59:24,347 [WARNING] (wntr.epanet.toolkit) EPANET warning 2 - At   0:00:00, system may be hydraulically unstable - hydraulic convergence was only achieved after the status of all links was held fixed
2026-05-17 20:59:24,410 [WARNING] (wntr.epanet.io) Warnings were issued during simulation
